:020000040000FA
:2010000000000420696F0000916F0000936F0000956F0000976F0000996F000000000000C0
:201020000000000000000000000000009B6F00009D6F0000000000009F6F0000A16F00007C
:20104000BD8E0000BD840000BD0B0100A36F0000A36F0000A36F0000598B0000A36F00000F
:20106000ADDD0000A36F0000A36F0000CD8F0000A36F0000CD8E0000A36F0000A36F0000D5
:20108000D9AF0000A36F0000A36F0000A36F0000A36F0000A36F0000A36F0000A36F00004A
:2010A000A36F0000A36F0000A36F0000A36F0000A36F0000A36F00000000000000000000C4
:2010C000A36F0000A36F0000A36F0000A36F0000A36F0000A36F0000A36F0000BDA700002E
:2010E000A36F0000A36F0000A36F00000000000000000000A36F000000000000A36F000096
:201100000000000000000000000000000000000000000000000000000000000000000000CF
:201120000000000000000000000000000000000000000000000000000000000000000000AF
:2011400000000000000000000000000000000000000000000000000000000000000000008F
:2011600000000000000000000000000000000000000000000000000000000000000000006F
:2011800000000000000000000000000000000000000000000000000000000000000000004F
:2011A00000000000000000000000000000000000000000000000000000000000000000002F
:2011C00000000000000000000000000000000000000000000000000000000000000000000F
:2011E0000000000000000000000000000000000000000000000000000000000000000000EF
:2012000001F0FF01102A2BDB10F0070F08D010F8013B013A8B422DD010F0070F42B3F6D194
:20122000F0B441EA012141EA014122F007047FF000070023F0E80256083C85EA010586EA41
:20124000010685FA47F5A3FA87F586FA47F6A5FA87F68EB9EED1F0BC01F0FF0102F007023C
:2012600032B110F8013B013A83EA010313B1F8D10020704701387047002D06BF354603389F
:20128000073815F0010F07D1013015F4807F02BF013015F4C03F0130F0BC0138704700BF63
:2012A000D0B5038804463BB15C2B0DD188290FD082290DD00120D0BD80211D4805F00CFBBB
:2012C0005C2323800120D0BD002303800320D0BD03F066FFE8B903F047FF02460B4652EAE1
:2012E000030116D010A7D7E90067D90141EA5261D0018F4208BF86420FD3002908BFB0F5C6
:201300007A7F0DD34FF47A72002312F00BFB0146D3E708480AF0D2F9D2E74FF4F051CCE794
:201320000121CAE7AFF30080E733750000000000440B0020A800002010B5054C237833B955
:20134000044B13B10448AFF300800123237010BD8808002000000000984A010008B5034BEA
:201360001BB103490348AFF3008008BD000000008C080020984A0100A3F5803A704700BFC4
:20138000174B002B08BF134B9D46FFF7F5FF00218B460F461348144A121A12F075FC0E4BD6
:2013A000002B00D098470D4B002B00D098470020002104000D000D48002802D00C48AFF38A
:2013C000008011F0F1FB2000290004F063FD11F0D7FB00BF00000800000000000000000069
:2013E0000000042040030020A8320020000000000000000000B585B00346002101AA44F237
:201400000100CDE90111039300F004F805B05DF804FB00BF72B6094B1B68DB0700D500BE45
:20142000BFF34F8F0649074BCA6802F4E0621343CB60BFF34F8F00BFFDE700BFF0ED00E0E1
:2014400000ED00E00400FA050378052B02D0094B1B681847084BD3F88424D3F8803413F0C1
:20146000FF0FF4D1054BD2B2052A08BF1846014B1B681847A408002000700240F03F010095
:20148000014B02481B681847A4080020F43F0100012803D0022809D020B17047054B0648AF
:2014A0001B681847034B05481B681847014B04481B681847A4080020E83F0100E43F01003B
:2014C000EC3F01002DE9F04F87B0002504460F4690469946029500E0013562680123566882
:2014E0002146002202A8B0470028F5D18DF80600049065B3824683460AE09DF80630666889
:20150000023B7668B0479DF806309B445D451ED962680123566821460DF1060204A8B047BA
:2015200062680123566821460DF1070204A8B0479DF80730BB424FF00002214604A8DCD124
:20154000D04508D00AF1010A5FFA8AFAD5E7052007B0BDE8F08F109A9DF80630136089F896
:20156000003089F801706168023B4D6809F102022146A847002007B0BDE8F08FF0B505464F
:2015800083B03B4808F046FC044610B1204603B0F0BD384A3849394B14700C604822214642
:2015A00037481C6012F070FB36482146482212F06BFB002D54D095E80700334B83E8070047
:2015C000002847D0002007F073F808B1852844D12E4D2B7A002B49D0013BDBB205F10C029E
:2015E0004FF0030E6E68274FDFF894C01EFB032E05F109046378EBB1A278611C1144013B38
:2016000051FA83F1224408E003F00F0307EBC30391421D60306858600CD012F8013B180620
:20162000F2D503F00F030CEBC30391421D6030685860F2D103347445DCD10B238DF804303A
:201640001248336801A99847044600289ED008F023FC9BE70E4A1A60B4E7FFF7CBFEB7E7C9
:20166000094B0B4A5D601D721A60ABE76E68E4E74914000015280020400900204409002038
:20168000B0080020F8080020A408002020400100591A000010B508F019FD68B108F01EFDB3
:2016A000044648B9064807F017F8034628B1FFF7A1FE2346184610BD0823184610BD00BF2B
:2016C000E03F010008F0F2BB09F0F0BA4FF0804303E0D3F83824D10707D5D3F83824920722
:2016E000F7D5024B02481B6818477047A4080020F83F010000B5054B83B082221B688DF806
:20170000042001A8984703B05DF804FBA40800202DE9F043057A83B0002D5ED005F1FF3EC1
:201720005FFA8EF300F10C024FF0030E00F10901334FDFF8D4C01EFB032E0C4666780022FC
:20174000964204EB020319D094F8028013F9089013F80830B9F1000F0BDB03F00F0307EB49
:20176000C3031B680132002BEAD0112003B0BDE8F08303F00F030CEBC303F2E70334A6454F
:20178000DCD100261E4FDFF880C0324602EB42020A445378EBB1002423460CE003F00F0316
:2017A00007EBC303186045682D685D6055780134E3B29D420CD99578134413F905E05B5D92
:2017C000BEF1000FEADA03F00F030CEBC303E9E7057A0136F2B29542D8D80A4A13681BB179
:2017E0001A681368002BFBD1106043680B228DF804201B6801A9984703B0BDE8F08300BF6E
:20180000F808002040090020B0080020024B1878003818BF0120704714280020030710B578
:20182000044604D52046BDE8104009F0D7B808F0EFFD204609F02AF92046BDE8104009F0E8
:20184000CDB800BF09F010BB014B1868704700BF40090020F0B40E4B1F688FB13E7A96B112
:2018600000231C463A4602E0DCB2A6420BD9557A854203F1010302F10302F5D101B10C70AD
:201880003846F0BC70473B681F68002FE6D1F7E740090020436811461B68184700F00F032A
:2018A000082B0AD802064CBF054A064A02EBC303186810B143681B6818471020704700BF3A
:2018C000B0080020F808002038B5094B1C6864B1054602E023681C683CB1636829461B6850
:2018E000204698470628F5D038BD062038BD00BF4009002038B50D46044608F05BFC18B1D6
:20190000054B1B78022B01D0082038BD29462046BDE8384008F05EBC1528002038B50D4628
:20192000044608F047FC18B1054B1B78022B01D0082038BD29462046BDE8384008F0DCBCD9
:2019400015280020F8B543689B6805460C4616461BB19847062800D0F8BDEEB92B7AA34247
:201960001CD9093504EB44042C44677897B133463A469A420BD9A378A2190136D05CFFF77E
:201980004DFFF3B2BB4205D262789A42F3D800231B78FFDE0020F8BD0720F8BD7378FFDEF5
:2019A00070B54368DB6805460C4603B198472B7AA3421AD9093504EB44042C4466789EB155
:2019C00000252B46324693420BD2A37862190135D05C09F049FAEBB29E4205D96278934209
:2019E000F3D300231B78FFDE70BD00235B78FFDE43681B6903B118471846704770B50A4BBD
:201A00001D687DB12E7A4EB100242146013400222846FFF797FFE1B2B142F7D32B681D6828
:201A2000002DEFD170BD00BF4009002070B5094B1D6875B12E7A46B1002421460134284673
:201A4000FFF7AEFFE1B2B142F8D32B681D68002DF0D170BD4009002070B503780446852B5C
:201A600000F2BF80DFE813F00002B201BE003A026602E300EA00BD00040117012A01BD00C5
:201A8000BD00BD00BD003D01BD00BD00BD00BD00BD00BD00BD00BD00BD00BD00BD00BD00F5
:201AA000BD00BD00BD00BD00BD00BD00BD00BD00BD00BD00BD00BD00BD00BD00BD00BD0056
:201AC000BD00BD00BD00BD00BD00BD00BD00BD00BD00BD00BD00BD00BD00BD00BD00BD0036
:201AE000BD00BD00BD00BD00BD00BD00BD00BD00BD00BD00BD00BD00BD00BD00BD00BD0016
:201B0000BD00BD00BD00BD00BD00BD00BD00BD00BD00BD00BD00BD00BD00BD00BD00BD00F5
:201B2000BD00BD00BD00BD00BD00BD00BD00BD00BD00BD00BD00BD00BD00BD00BD00BD00D5
:201B4000BD00BD00BD00BD00BD00BD00BD00BD00BD00BD00BD00BD00BD00BD00BD00BD00B5
:201B6000BD00BD00BD00BD005101860060011C02E301E3008C4B8D49D3E9000290478C4B3A
:201B80001C684CB1894D636820461B682946984723681C68002CF6D1864C63680BB10D2064
:201BA0009847FFF743FF01F075FB834B1B68002B00F0FD810120814D08F056FA2A78931E39
:201BC000DBB2062B00F215827D49CB5C13B106F055FD2A78022A40F00C8208F0C1FA012362
:201BE0002B7070BD754D2A78931EDBB2062B00F2CD817349CB5C13B106F040FD2A78022A62
:201C000040F0C48108F0ACFA6A4B5B6803222A700BB102209847664B1D6845B16B68284650
:201C20001B68214698472B681D68002DF6D15E4B2146D3E90002BDE87040104790F902309A
:201C40008278002BB4BF5F4B574B02F00F0203EBC203D3E90002214690470028C1D0A0781D
:201C60000207BED00307BCD4BDE8704008F0A2BB504B5B680BB1082098474D4B1D68002D1E
:201C8000AFD06B6828461B68214698472B681D68002DF6D1A5E7474B5B680BB1092098470A
:201CA000434B1D68002D9CD06B6828461B68214698472B681D68002DF6D192E73D4B5B689E
:201CC0000BB10A2098473A4B1D68002D89D06B6828461B68214698472B681D68002DF6D199
:201CE0007FE7344B5B680BB10F209847304B1D68002D3FF476AF6B6828461B6821469847E3
:201D00002B681D68002DF6D16BE72C4C2378062B00F04F8103F0FD03052B7FF462AF08F0C2
:201D200029FA0223237070BD244DFFF77FFE08F0B1FF2A78931EDBB2062B31D82049CB5C65
:201D400013B106F09BFC2A78022A29D108F008FA174B1C6800232B704CB11B4E6368204635
:201D60001B683146984723681C68002CF6D10E4B1549D3E9000290470E4B5B680BB10E2036
:201D800098472B78023BDBB2062B3FF62AAF0C4AD35C002B3FF425AFBDE8704006F06EBC8C
:201DA000082AD5D1D2E700BFF8080020FC3F010040090020A4080020440900201528002078
:201DC000D83F0100B0080020004001009C4DFFF72DFE01F055FA2A78931EDBB2062B00F285
:201DE000D9809849CB5C002B00F0D480022A03D0082A01D008F0BEF9934B5B6802222A7003
:201E00000BB101209847914B2146D3E9000290478F4B1D68002D3FF4E4AE6B6828461B6819
:201E2000214698472B681D68002DF6D170BD844D2B78032B00F0C68008F05AF900283FF4A5
:201E4000D0AE2A78931EDBB2062B40F2EB80814806F0E6FB2A78022A01D0082A01D108F01B
:201E60007FF906232B7070BD754B1B78032B00F0A580082B00F0A280734B5B680BB10020C1
:201E80009847754B1D68002D3FF4ABAE6B6828461B68214698472B685D68002DF6D170BDE2
:201EA000674D2B78032B7FF49CAE08F02FFF00283FF497AE2A78931EDBB2062B00F2BB80DC
:201EC0006049CB5C13B106F0D9FB2A78022A40F0B28008F045F904232B7070BD584D2A7808
:201EE000082A5CD0931EDBB2062B00F286805549CB5C002B00F08180022A00F087800523F1
:201F00002B70514B5B680BB1032098474F4B2146D3E9000290474E4B1D68002D3FF461AEE6
:201F20006B6828461B68214698472B681D68002DF6D170BD444B5B680BB103209847434BC0
:201F40004649D3E900029047414B1C684CB1434D636820461B682946984723681C68002C83
:201F6000F6D1374D2B78062B1ED0082B0BD09A1ED2B2062A4DD833498A5C002A49D0022BE3
:201F800001D008F0F7F802232B7070BD082A7FF43BAE37E62F4806F043FB2A7826E7022372
:201FA0002B7008F0F1F8ACE707232B7070BD207A01E608F0DFF80823237070BD2848FFF77F
:201FC0004BFD59E708F0A2FE00283FF435AF2A78931EDBB2062B2BD81A49CB5C13B106F04A
:201FE0004DFB2A78022A23D108F0BAF804232B7022E7082A7FF4F3ADEFE5164806F010FBEA
:202000002B78022B02D0082B7FF479AF08F0A8F875E7104806F004FB2B78022BB3D0082B89
:20202000B1D0AEE70749CB5C002B7FF414AF0EE7082ADBD1D8E7082A7FF44DAF49E700BF90
:2020400015280020D83F0100A4080020F808002040090020080000204409002008400100D8
:20206000044001004360CA699A4205D38A6902600B67CB610020704701F1280202608B6757
:2020800000207047F0B504680E7A002C00F07284A4F212347C2C00F2C1827C2C00F2BE822B
:2020A000DFE814F074020003DE02CF02C7022A0307032303BC02BC02BC02BC02BC02BC0291
:2020C0006702D702BC02BC02BC02BC02CC010F03E602BC02BC02BC02F401EE038C03BC0292
:2020E000BC02BC02BC02FF00CB034803BC02BC02BC02BC02BC02BC026402BC02BC02BC027A
:20210000BC0219019B039303AC035703BC02BC02C3038403B40339035F03BC02BC024103CC
:20212000DB015003ED00BC02BC023203DB00F503BD00BC03BC02BC02BC02BC02BC02BC020F
:20214000BC02BC02BC02BC02BC02BC02BC02BC02BC02BC02BC02BC02BC02C900D303BC027C
:20216000BC02BC026703BC02BC02BC02BC02AC00BC02BC02BC02BC02AC00BC02BC02BC02F7
:20218000BC02BC02BC027D00C002BC02BC02BC02BC02B800BC02BC02BC02BC02B800012441
:2021A0000025002A00F0CD8307795755A3424FF00005057140F27C83171901343D70B04D85
:2021C0000F7D2D682D78AF4200F0B0838F7DAF4209D10025A342057140F24D85254601342A
:2021E0000AB107795755DFF8A0C2A64F9CF800503F780135EDB28CF800507BE101250024E0
:202200000AB1077917554024AB42047140F289836C1CC6E701240025002AE2D1E3E70124C8
:202220000025002A40F031848D7D0571A34240F262830134FFE001250024002A00F03D83B6
:2022400007791755AB424FF00504047140F27E83274602EB050C6C1CFDE201250024002A6F
:2022600040F011840624AB42047140F23F8301350C7D0471AB4240F291836C1CD4E7012549
:202280000024002A40F003840524AB42047140F228836C1C2425A342057140F27583651CFA
:2022A000E0E701240025002A00F0FA83077957554FF0000CA34280F804C040F29084651C17
:2022C0000027AB4202F804C0077140F2F383541901352770F3E001250024002A00F0EF8329
:2022E00007791755AB424FF02404047140F2C183274605F1010C002463455755047140F224
:20230000A98325460CF101071024BB4202F80C50047140F29083254607F1010C01246345A3
:20232000D555047140F2788325460CEB04070524BB4202F80C50047140F25D83254607F1FE
:20234000010C24246345D555047140F24A8325460CF101070124BB4202F80C50047140F253
:202360003683254607EB040C03246345D555047140F228830CF1010702F80C40BB4291F81B
:2023800016C080F804C040F218837C1C0425A34202F807C0057140F20B8302EB040C2F464F
:2023A00001342425A3428CF80070057140F2FB822F46651C1755AB424FF00204047140F266
:2023C0009F82274602EB050C6C1C0225A3428CF80070057140F2DD822F46651C1755AB4293
:2023E0004FF00504047140F27C82274602EB050C6C1C2425A3428CF80070057140F2C482ED
:202400002F46651C1755AB424FF00604047140F26D82571901353C700F7D0771AB4240F219
:20242000BD826C1C5755A3428D7D057140F26382171901343D70124D2D6851E0012700242A
:20244000002A00F04082057915559F424FF00004047180F0F5827D1C39E101250024002A11
:2024600040F017830224AB42047140F249826C1C0225A342057140F28C82651C04E700BF98
:2024800048090020162800201828002001240025002A00F09883077957559C424FF002053E
:2024A000057180F05883671C1555BB424C7E047140F2E48202EB070C7D1C8CF80040002419
:2024C000AB42047140F221826C1C0AB107795755C64D91F814C02D682F78BC4500F01A821D
:2024E000DFF810E3DFF810C36F788EF8007000258CF80050BD423FD3BD4F3D780135EDB2EB
:202500003D70AE4240F2CA810925A342057140F25583651C002A00F0128307791755AB4205
:202520004FF00404047140F2B682274602EB050C6C1C8CF800700F7AAD4D2D78AF4240F243
:20254000AC8305EB450501F10907DFF8A0C217F805E080F804E03D449C42CCF8005080F0A4
:202560007E82671C002A7FF46EAFACE101240025ABE701250024CDE70725A342057140F2FE
:202580009281651C002A7FF45BAE96E1002A00F0EB8204791470012B4FF00B04047140F2E1
:2025A000238302250127D455AB420F7D077140F25B8205F1010C022463455755047140F2D9
:2025C000448225460CF101070224BB4202F80C50047140F22B82254607F1010C02246345BA
:2025E000D555047140F213820CF1010702F80C40BB4291F819C080F804C040F2F7817C1C4D
:202600000025A34202F807C0057140F2E581171901343D70764F00253D7072E70023036059
:202620001846F0BD002A00F0F282057917460124C4E5002A00F0F28205794FF0010C0027D9
:20264000CCE7002A00F0EC82057901274FF0000CBAE7002A00F0FF8207799446012468E744
:20266000002A00F0D78207794FF0010C0025A2E75E4C002A00F0E682077924689446012535
:202680008CF8007024780F7DA74200F0B9818F7DA7427FF414AF0A249D42047180F0F58277
:2026A0006C1C00E6002A00F0D28204790125002779E7002A00F0B08290F804C00124002730
:2026C0009EE7002A00F0C182047901250027DFF81CC1D455DCF80040AB426778077140F2E7
:2026E000A08102EB050C0135CAE7002A00F0B1820579174601248CE7002A00F08482047977
:2027000001274FF0000C71E7002A00F0A7820779944601246DE6002A00F08E82047901270A
:202720004FF0000C28E6002A00F0A18207799446012436E6002A00F000821446077927705B
:202740000125BCE6002A00F08E820779944601243BE6002A00F07282057901274FF0000CE8
:20276000E5E5002A00F0608290F804C0012400270CE61E4C0125276800241AB190F804C0AF
:2027800002F804C03C780F7DA74200F0E9808F7DA7427FF438AD0224AB42047140F2708200
:2027A0002C460135002A7FF42CAD2CE5002A00F04782057901274FF0000CCBE5002A00F04C
:2027C000BC8104799446012577E6002A00F01682057901274FF0000C96E5002A00F04582E3
:2027E00007794FF0010C002585E500BF48090020172800201628002018280020002A00F017
:20280000308205794FF0010C002787E5002A00F00F8205794FF0010C0027A5E5002A00F069
:20282000F48105791746012404E6002A00F0218205794FF0010C002783E5002A00F0F68192
:2028400090F804C0012500243AE5002A00F0EA810779944601248CF80070C14FC14D3F6806
:202860002D7897F801C0AC4540F2148297F802C03D44A34215F80C5005716CD9651C7CE7EB
:20288000002A00F0D7810579012700240CE6002A00F0B681047917460125BCE540F299331A
:2028A00003600120F0BD40F26D3303600120F0BD4FF4617303600120F0BD0524AB42047111
:2028C00044D96C1CC9E79F42027180F0B9807D1CA34C2468AB426778077140F2A2800135C4
:2028E000D0E640F2553303600120F0BD40F2573303600120F0BD40F2593303600120F0BD5B
:2029000040F2513303600120F0BD4FF44F7303600120F0BD0525A342057140F21781651CCA
:20292000DBE440F2833303600120F0BD0D6AA3422D7805713FF652AC40F2893303600120A3
:20294000F0BDA3420271B3D9013438E440F26E3303600120F0BD40F2723303600120F0BD89
:202960000324AB4204713FF61BAF40F2773303600120F0BD08240471002B7FF407AE40F29C
:20298000123303600120F0BD40F2563303600120F0BD40F2523303600120F0BD4FF45673E1
:2029A00003600120F0BD4FF4547303600120F0BD40F24F3303600120F0BD4FF4537303605A
:2029C0000120F0BD40F24B3303600120F0BD40F24A3303600120F0BD40F219330360012066
:2029E000F0BD40F2493303600120F0BD4FF4467303600120F0BD4FF4527303600120F0BDE5
:202A000002249D42047180F0F4806C1C40E540F2173303600120F0BD40F2453303600120D0
:202A2000F0BD4FF44A7303600120F0BD40F2163303600120F0BD4FF4517303600120F0BDD4
:202A400040F2273303600120F0BD40F2153303600120F0BD40F2433303600120F0BD40F203
:202A6000263303600120F0BD4FF4457303600120F0BD40F2423303600120F0BD40F22E3335
:202A800003600120F0BD0779BCE40779CAE40779A4E407798EE440F2213303600120F0BD06
:202AA000A342027140F29B80013400259C420571C0F0938040F2353303600120F0BD2424ED
:202AC000AB420471D5D96C1C00259C420571C1D2013410259C420571ADD2013401259C42DC
:202AE000057199D22C4405259C42057183D2013424259C420571BFF474AF013401259C42D1
:202B00000571BFF464AF2C4403259C420571BFF459AF01348D7D05719C42BFF44EAF01345A
:202B20000425A34205717FF643AF01342425A34205717FF638AF651C94E40125BFE404248B
:202B4000AB420471A7D90F7A6C1CF5E440F2413303600120F0BD40F22D3303600120F0BD0F
:202B600048090020182800200B24012B04713BD902240D7D05719C42BFF476AF0134022568
:202B8000A34205717FF661AF013402259C420571BFF44CAF01340225A34205717FF637AFE5
:202BA00001344D7E05719C42BFF420AF013400259C420571BFF410AF01342BE54FF44873DC
:202BC00003600120F0BD02259C420571C3D201344D7E05719C42BFF451AF651C6FE44FF496
:202BE0004D7303600120F0BD40F2133303600120F0BD4FF44B7303600120F0BD012468E795
:202C00000125FFF735BB0124CBE7012413E40124FFF7D5BA0124B2E70124C8E70124BAE7B3
:202C20000124B2E7012418E6012479E701243CE7012469E70124CBE701246BE7012452E7C5
:202C400001245BE7246801251CE5012540E601248FE70124DEE4374601246DE40124FFF77E
:202C600019BB01243AE7012402E401242CE701245CE701243CE740F28E3303600120F0BD23
:202C80004FF45F7303600120F0BD40F2333303600120F0BD00231B78FFDE024A00231360B0
:202CA0001B78FFDE4809002070B90B681A7B202A01D0062070471A4652F80E1F9961918820
:202CC00092799A7799837047032070474360CA699A4210D38A6910B40260C8690C6FC01AF7
:202CE0001C441A44C86100380C6718BF01205DF8044B8A61704701F12802026000208B6774
:202D0000704700BF2DE9F0470B7888B00D4606460E2B14D8DFE803F008180808130D28132C
:202D200013181308080808000024204608B0BDE8F0874B78DA0930D15B09012B4CD006245A
:202D4000204608B0BDE8F0870368002403F134022046C3E91E44C3E920445A671C845C62DD
:202D6000DC6208B0BDE8F087027A8B78002A00F06581817A0930002900F05E81F17A415C8E
:202D80009942D1D01B061ED4EF7807F0FD03012BCAD0002F65D00324C7E713F0600FC3F31F
:202DA000411200F09180012AC9D18B78212BC6D1B1F80720072AC2D10168681C183100F05A
:202DC00073FA0446B1E7EC78002C00F09D80032C14BF03240024A8E78B780768202B00F07E
:202DE0009B80222BABD1B1F80730002BA7D1B1F8035097F820303D8405F0010203F00103E1
:202E00009342154690D0C3691BB1C2F10301C9B29847002D88D1337A012B40F20B81737B0E
:202E200006F10C04002B00F00381B37BE05C07F097FF337A012B40F2FD80737B012B40F221
:202E4000F780B37B23442C46587807F089FF07F13403C7E91E55C7E920557D62FD627B670E
:202E600063E73568012A05F10C0140F2DF80727B012A06F10C0340F2D7800691B27B704988
:202E800005911344AC6A93F80180002C60D1EA6FEB6AAC67C5E91F42002B00F0B480296B13
:202EA0001846002205F1240383E803004046EA6205A9FEF733FD0446F369002B3FF435AF7A
:202EC00030460021984730E703F01F03012B7FF436AF8C78062C7FF432AF05A8039200F010
:202EE000D5FC03AA00920746EA78297930463B46FEF7E8FA05283FF418AF039A3946681CDC
:202F000000F0D2F9044610E7F369002B3FF40CAF30460121984708E7B1F80720072A7FF466
:202F20000EAF3B73B1F80730DBB27B7300200E37CDE90573079000F08BFF002005A9FEF764
:202F4000D9FC0446002867D0002000F089FFECE6D5F88490686A4C4528BF4C4605F1340A98
:202F60002246514610F068FEE86FEA6AEF67A9EB04030AEB04010444C5E91D13C5F88040B3
:202F8000002A43D005F12C0797E8030005F12404002284E80300EA62002B3BD091461BE046
:202FA000696F686A10F048FED5E91D32A96AC5F880100B44521AC5E91D32F36913B10021BB
:202FC00030469847EB6A13B397E8030084E80300AB6FC5F82C90EBB1AA6A9342E0D2696FEE
:202FE000686A1A4610F028FED5E90932A96FE967521A0B44C5E9093253B1404605A9FEF747
:203000008DFC044658E700236B6255E700236B62002451E76B6AEFE70A4B049603A903934A
:2030200000F020FC04468FE73B78FFDE7B78FFDE2B78FFDE6B78FFDE0B78FFDE5378FFDE1C
:20304000CD2C0000A92C000010B503681C8CE40784B015D50B46017A012916D9417B00F12F
:203060000C0481B1817B605C91060CBF0124002401A9CDE901320394FEF73CFC04B010BDD3
:20308000082004B010BD0B78FFDE00235B78FFDE0368D3F880007047F0B50468238CDB0745
:2030A00083B022D50546002016460F4600F0D0FEA26F42B9636AE3B11124002000F0D0FE8C
:2030C000204603B0F0BD964228BF1646616F3246384610F0B1FDD4E91D239B1B3244C4E9C5
:2030E0001D23C4F880600024E7E70824204603B0F0BDC4E909762A7A012A12D9697B01291C
:2031000005F10C020FD9AB7B0849009113440C34587801946946FEF701FC041E08BF92247F
:20312000CBE75B78FFDE1B78FFDE00BF65200000002070472DE9F04F4B6885B0CDE90002AD
:203140000C46002B71D007F031F9E568019B9D4228BF1D468146002D7CD04FF0000A564659
:20316000D3464FF00108D4E90113AB421F4628BF2F46E9B13A4609EB060010F05DFDD4E944
:203180000223D21BDB1BC4E90223C4F804B0ED1B3E442AB3002B08BF4FF00008002DE2D165
:2031A000009BC3F800905E60404605B0BDE8F08FABB120463B4650F8101B4A68D2F804A036
:2031C00009EB0602D047D4E90223D21BDB1BC4E90223ED1B3E445AB14FF0010ADAE7E3685A
:2031E000BAF1000F04D15BB99846002DBBD1D7E722681268126822604FF0010A002BF3D09F
:203200002168F1B1CDF808B003E0A36821680133A3604B6800225F6802A80123B8470028C7
:20322000F3D12061002D9ED1BAE70B681B681B68002B88D18B68002B85D1036043609846B7
:20324000B2E76160002EABD0019BB34288BF4FF00008A5E72E464FF00108A1E7054B0528FF
:20326000187004D0044A137823F0020313700348FEF7F2BB192800201A280020304001005D
:2032800008B50020FEF7CAFABDE808408020FEF7C5BA00BF08B50020FEF7D4FABDE808404B
:2032A0008020FEF7CFBA00BF70B5C38893421E4628BF1646934284B00D4612D800240020BB
:2032C0000394CDE9015600F0C3FD01A98020FEF711FB044688B1002000F0C2FD204604B0E3
:2032E00070BD8020144606F055FFB4FBF0F202FB1044B4FA84F46409E1E707F031F9802857
:203300000BD1094A094B92E8030083E80300002000F0A6FD204604B070BD002000F0A0FD98
:203320001024204604B070BD68400100700900202DE9F04F0B780E2B89B018D8F3B1013BB6
:203340000D2B1BD8DFE803F01F0E281A354C1A1A1A1A0E666F07B24B1B78012B02D0012097
:20336000FFF77CFF0024204609B0BDE8F08F852B04D1AB4B1B78032B00F0408106242046F8
:2033800009B0BDE8F08FA64B1B78032BF6D00320FFF764FF0624E6E7A24805F0C5F80028A1
:2033A000E0D0A14B01221A60BFF36F8FBFF34F8FD8E705230DF115008DF8143007F038F8AA
:2033C0009DF81530994E002203F01F043260032C00F2B980DFE814F0E800B90099008D0076
:2033E000C87803280D46C9D0904E3368002B00F003810022716832609847044600287ED131
:203400003368002B00F00581AB78002BAAD107F031F8A8E7824B1B78002BA3D00020FFF7E4
:203420001DFF00249FE74FF08043D3F8383413F0010F7B4B1B7806D0022B93D00220FFF7A3
:203440000DFF00248FE7012B89D18BE7BDF81B30002B00F0D880092B28BF09239946FEF740
:20346000F3F90546002800F0DB81BB464FF0090ACDF80CB04FF0000801E008F101086A68D1
:20348000012357682946002203A8B8470028F4D12A682B7A15681C44C244E4B2002DE7D18C
:2034A000634D644928464A4610F0C6FB2C71A5F802A0FEF7ABF918B1EB7943F02003EB719C
:2034C000FEF7C2F95C4BBDF81B2018600020C3E90159DA6000F0BCFC58498020FEF71EFAD7
:2034E0000446002800F09F81002000F0B9FC062C05D105A8FEF7E8F90446002C73D007F04A
:2035000025F8204609B0BDE8F08F9DF81900020707D005A9FEF7C2F906280446EDD19DF894
:20352000153013F0600F0ED19DF816303C4A9DF819401278012B00F0B980032B00F0A68083
:20354000002B00F0C6800624D9E79DF8190003A9FEF780F90546002859D09DF80C1005AA5C
:20356000FEF798F906280446C7D19DF8152012F0600FC4D12A4B9DF80C101B78D20940F021
:2035800014819DF816200B2AB9D1052B40F0B280BDF81730FF2B00F2FC809DF817202846AC
:2035A000FEF7D0F90446A8E713F0600FC3F341179FD1DB0948D19DF81630032B00F09C8072
:2035C000092B00F0A880012B93D1BDF81730012B8FD1FEF71BF9002800F0D980184A137820
:2035E00023F00203137033686BB106F0B9FF044600287FF4B7AE0AE70E2480E70420FFF7DD
:203600002DFE0624AFE606F097FF0024ABE6102475E70C4B1B68082B33D006F08DFFA2E6D5
:2036200019280020780900205C700240700900207C09002034400100580900207040010095
:203640001A280020300100109DF81620062A00F08780082A73D0002A7FF44BAF7B497C4B3E
:2036600009781A80890744BF02221A7078490DF115000222FFF718FE0446062C7FF43DAF0F
:2036800037E7744B1B68002BC7D16BE625073FF55AAFBDF81730002B7FF455AF052A01D0AF
:2036A000200727D1204606F085FE9CE721073FF54AAFBDF81730002B7FF445AF052A01D0A6
:2036C000230717D1204606F0A3FE204607F0DEF989E7052A01D027070CD1204606F076FE5C
:2036E0005B49034602220DF115000B80FFF7DCFD044602E7082402E7BDF81730012B7FF469
:20370000F8AEFEF783F8002841D0504A137843F00203137067E7504C2378043B012BE9D8C9
:203720009DF81730BBB3012B33D1FEF767F92378052B3FF458AF0520FFF790FD53E7464A43
:203740001278052A47D0042A7FF4D3AE404B1F703F490DF115000122FFF7A6FD04468CE749
:203760009DF81830022B3FF471AE032B36D0012B7FF4BFAEBDF81B30002B3FF444AF3749DC
:203780000DF115001222FFF78FFD044675E70F24B5E60724B3E6FEF749F92378042B3FF4F4
:2037A00022AF0420FFF75AFD1DE79DF816705FB30A2F7FF4A4AE052B9CD128460192FEF705
:2037C00017F92349019A03460B700DF11500FFF76BFD044691E61E4A1370B9E7BDF81B3051
:2037E000002B3FF410AFBDF819109DF8170000F01DFB014600283FF47CAE0A780DF11500B9
:20380000FFF752FD044638E7052B7FF473AF10490DF1150002220F80FFF746FD04466CE641
:203820004FF0090A3CE606F09BFE802808D10C4B93E8030086E80300204600F011FBD2E6A4
:20384000204600F00DFB102459E600BF1A2800207C09002034010010192800205440010096
:203860006840010038B505460C4606F079FEA84207D194E80300044A82E80300002318462B
:2038800038BD1023184638BD7009002008B1402303600148704700BF7C090020F0B40D7A06
:2038A0000DB101F109050468002C59D06FF4AB763444142C00F24A81142C00F24781DFE8CF
:2038C00014F05400E700EE00F500FC000301090110011701450145011E0125012C0145014F
:2038E0003B0033012700390115003F0101250024002A40F0DB818A8AAB424FEA12220271C2
:2039000040F2338140F26D1303600120F0BC704701250024002A40F0CD814A8AAB424FEA3C
:203920001222027140F226816C1C8A8A0271A34240F27B81651CDEE701250024002A40F0FB
:20394000B7810A8AAB424FEA1222027140F217816C1C4A8A0271A34240F26C81651CDCE7ED
:2039600009240471002B00F0F680002A00F0A48104791470012B4FF00404047140F2F0804A
:203980000227012694559F422D78057180F089817E1C0024B342D555047140F27D8125468B
:2039A000771C0024BB429555047140F2708125467E1CFF24B342D555047140F26381254694
:2039C000771C0124BB429555047140F2568125463E190124B342D555047140F249812546E8
:2039E000371900249F429555047180F03C8125467E1C09249E42D555047180F02F812546AA
:203A0000771C21249F429555047180F0228126467C1C09259C42D655057180F01581161995
:203A2000013435700E7C0671A34240F20881651C16550E8A9D424FEA1626067180F09F802D
:203A400057196C1C3E708E7C06719C4280F0F280651C16554E8A9D424FEA1626067180F080
:203A6000898057196C1C3E700E7D0671A34240F2DC80651C1655898A9D424FEA1121017167
:203A800073D22A44117040F26D13036001203DE7002A00F0B38004790127002672E7002AFD
:203AA00000F0A58005790126002772E7002A00F0978005790127002673E7002A00F0898052
:203AC00005790126002774E7002A5DD005790127002676E7002A00F09E800579012600273B
:203AE00077E7002A00F0958005790127002678E7002A00F08C8005790126002779E7002A92
:203B000000F083800579012700267AE7002A00F08A800679012400277BE7002A00F0818019
:203B20000579164601247CE7002A78D006791746012487E7002A70D006791746012492E75E
:203B4000002A3FF4DFAE017911709CE7002303601846F0BC704740F2571303600120F8E7B7
:203B60004FF4AC7303600120F3E740F26B1303600120EEE740F2691303600120E9E740F248
:203B8000671303600120E4E701240122A342027173D914440122A342027169D914440022E1
:203BA0009C4202715FD2013409229C42027155D2013421229C4202714BD2013409229C4287
:203BC000027141D201340A8A0271A34237D9651CB7E60124FF229C42027153D20134D4E764
:203BE00001240022A342027151D90134F2E701240022A34202714FD90134F2E701242A7852
:203C00000271A3424DD90134F2E70124D1E70124CAE70124C3E70124BCE7012485E6012419
:203C200097E60124CFE70124C8E74FF4B573036001208EE74FF4B4730360012089E74FF453
:203C4000B3730360012084E74FF4B273036001207FE740F26313036001207AE74FF4B17309
:203C60000360012075E740F25F130360012070E74FF4AF73036001206BE740F25D130360A5
:203C8000012066E74FF4AE730360012061E740F25B13036001205CE74FF4AD730360012038
:203CA00057E740F259130360012052E70679E1E60679BDE60679CCE60422012B02717FF698
:203CC0004FAF02249BE700BF0B780E2B0BD8DFE803F0080808080A0C080A0A0A0A080808A8
:203CE00008000020704706207047F0B54B78DA0985B00C46064611D15B09012B02D0062080
:203D000005B0F0BD8C78002CF9D102681373036A002B3AD0214698472046F1E713F0600FBF
:203D2000C3F3411215D0012AE9D18B78072B07D0082BE4D1F268481CB169FFF7B5FADFE779
:203D4000B1F80720182ADAD1C169601CFFF7ACFAD6E703F01F03012BD1D18D78062DCED1ED
:203D600003A80292FFF792FD02AA00920746E278217930463B46FDF7A5FB0528BFD0029A1D
:203D80003946601CFFF790FABAE71846B8E700BF70B54FF0805286B0D2F8A830D2F8A420AF
:203DA00000926FEA83436FEA93430B4A0B4E9BB202A80D210BF042FE02AD002404E015F851
:203DC000013B06F8013B013402A80FF065FF8442F5D306B070BD00BF8C40010040280020A6
:203DE00038B5114B53F8204023780BB9A01C38BD0020FFF74BFD217891B12246C4F1010563
:203E00005319DCB2234620F8141012F8011F0029F6D101335B00DBB243F44073038038BD6B
:203E200040F20233FAE700BFF440010040B1052808D8054A105C28B1044B53F820300BB10E
:203E4000FFF7CEBF002070470C410100F440010072B6024A1368013313607047BC09002053
:203E6000034A1368013B136003B962B6704700BFBC09002010B50446006830B1002107F02C
:203E800067FB54F8040F0028F8D110BD2DE9F043038883B0044643B1B3F5867F0CD1822929
:203EA00010D0012003B0BDE8F0834FF486730120238003B0BDE8F08300230380032003B0EF
:203EC000BDE8F08303F000F9BFF35F8F19491A4B0E6800220A601F781A70FFB2BFF35F8F03
:203EE000164D03F0F5F828680028DED0DFF85090DFF8508003E055F8040F0028D5D090F823
:203F00004A3026FA03F3DA07F5D590F8493047FA03F3DB07EFD502F0E9FB0028EBD02B683C
:203F2000D9F80020009218464246022102F07CFBE1E700BFD00900201B2800206000002029
:203F400080290020E53F000010B50C4A90F84B30126882B001330092044680F84B30084A55
:203F600003468021203002F05FFB064B19782246002002B0BDE8104007F072BB80290020BD
:203F8000493F00009532002010B4094A094C13681943116021780346012202FA03F30B43B9
:203FA000DBB2237004485DF8044B07F087BB00BFD00900201B2800206800002010B5044606
:203FC00090F84A1090F8490003F040F810B994F8480010BD01280ABF94F84800002080F043
:203FE000010010BD70B582B0044602F07FFB08B902B070BD04F12006304602F077FB054606
:204000002046FFF7DBFF01280FD00028F0D1002DEED1304602F050FB0D4B2246284619781B
:2040200002B0BDE8704007F01BBB002DE0D0094B094A1B68009300253046234684F84B50F7
:204040007E2102F0F1FA054B28462246E7E700BF9432002080290020493F00009632002012
:20406000F8B507F06BFA304B304C187007F066FA2F4B304F187007F061FA2F4922682F4B12
:2040800008700025FF2139727B60FD60002A42D02B4E09E091F84A00F9683A72834054F8F3
:2040A000042F0B43FB60B2B392F84A3092F84910526C03F01F0343EA41131F2BC6BF03F0C2
:2040C0001F0331464FF0A04103F5E07342F08C0241F82350236893F84A1093F8490002F03A
:2040E00073FF226892F84A3092F8490003F01F0343EA4010012104F089FC2168387A91F8FC
:20410000492082424FF00103C4D0FF28C2D054F8042F002AC8D10B48002107F019FABDE87D
:20412000F840044802F0A6BF963200206000002094320020C009002095320020893F0000BE
:20414000000300506800002043685A1C42601970D0E90232013B082A836004D000EBC20079
:2041600043690133436170472DE9F843DDE90845002D08BFB4F5807F80460F46164610D2AB
:2041800012F8013C43F0180302F8013C4FF001093B684B4515D20023C8F800303B60BDE89D
:2041A000F883002D08BFB4F5803F28D212F8013C43F0190302F8013C3B684FF002094B45E4
:2041C000E9D3D8F8002006EB0903921B184631460FF040FDD8F800204A44C8F800203A6878
:2041E000A2EB09023A6000F8014D230A43EA05632A0AB0421C461546F5D1BDE8F883012D8E
:2042000008BF002C12F8013C06D243F01A0302F8013C4FF00409BBE743F01B0302F8013C8F
:204220004FF00809B4E700BFD0B54268C36882B0044682B100270233002F08BF182950F8F0
:2042400033200E460BD300F10801CDE900670430FFF78AFFE3680133E36002B0D0BD12F804
:20426000013C194302F8011CC3680133E36002B0D0BD00BF10B5826804465AB1FFF764FF91
:204280006268E368002004EBC301013BE360C1E9022010BD4260F4E70823C0E90011C0E913
:2042A00002237047C368082B01D0002070474368002BFAD00068181A704700BFD0B58168FE
:2042C00082B0044699B1002116461F46FFF73CFF626852B1002F08BF182E0BD3CDE9006701
:2042E00004F10801201DFFF73FFF02B0D0BD416002B0D0BD12F8013C1E4302F8016C02B06F
:20430000D0BD00BF70B5836882B004460E46154633B36021FFF718FF62682846002102B394
:20432000002908BF182D20D3CDE9000104F10801201DFFF719FFA3689D4204D90023C4E9BE
:20434000013302B070BD2A46606831460FF074FCD4E901322B44521BC4E9013202B070BDA1
:204360004360002DE7D102B070BD12F8013C2B4302F8013C002DF6D0DDE700BFC26812B187
:204380008021FFF777BFC0E901227047C268082A04D000EBC2035969FFF746BF0022C0E965
:2043A00001227047C26812B1A021FFF763BFC0E901227047C268082A034604D000EBC202B2
:2043C0005169CA0703D50022C3E9012270474908FFF72ABF30B5174B83B000221A6004F098
:2043E000D5F800BB002004F0EDF8134B134A93E80300FF250090ADF80410062400231048F1
:20440000ADF8005069468DF802408DF8043004F073FD58B901210A4804F0C2FD084804F098
:20442000B3FD03B030BDFCF7E5FFDBE7FCF7E2FFF0E700BFD40900204041010071440000F5
:2044400048410100014B1868704700BFD409002008B5064A13680133136002F051FA00B96E
:2044600008BDBDE8084002F031BA00BFD4090020042800D07047FFF7EBBF00BF014B186813
:20448000C0097047D409002010B5846882B01CB194F90830002B01DB02B010BD236A002BEC
:2044A000FAD01A68002AF7D00749097831B11B6A23B101909847236A01981A68002302B0C6
:2044C000BDE8104000F03CBE1C2800202DE9F047124C82B02468DDF828A08CB106460F46B5
:2044E00091469846656843464A463946304625B1CDF800A0A847054638B92468002CF1D14C
:204500000025284602B0BDE8F087B379012BF8D13A463146002000F023FCF2E7D809002019
:204520002DE9F04F2DED028BB34CB44E8BB0054620460295884601F041FAC4F8A05003460C
:20454000307008BBA279013A032A62D9636823F07F4323F0FF03002B4FD06379032B00F041
:204560002881208900F0E6FE074600284DD0D0E90F9700F0DBFEB9F1000F00F091809E49BA
:204580003846C847337843B30027C22B2BD0DFF88892384600F0CAFE3278C32A69D0BF2AFE
:2045A00084BFA022327002212389934801F07EF8D9F80010039108460FF06EFB0399024634
:2045C0008D4801F05DFC41468B4801F07DF8414682B2029800F03AFF337818460BB0BDEC11
:2045E000028BBDE8F08F384600F0A0FE337818460BB0BDEC028BBDE8F08FC32320893370AE
:2046000000F098FE07460028B1D13378002BE4D0BBE703900299208900F004FE07460028B3
:2046200042D0039B62790893CDE906338023ADF8163062BB238972484522022101F036F8AB
:20464000A27A002A40F0B08007AB00936A480DF11603002206A901F0DDFB70B9089B002B15
:204660002ADADFF8B491674BC9F80030822333708FE700223270032196E7BDF81620079BC7
:204680000893802A28BF8022ADF81620E7E701F005F8452203460121594801F007F8CFE79C
:2046A0003378002B99D06FE7DFF86C91564BC9F80030A32333706CE7BDF8163050494E4819
:2046C00008AD07F18402009508EE903A08EE102AFFF7FCFE034600284DD14748099309A9C6
:2046E00001F072FB494BD3F800908246B9F1000F67D0099B03979B46029B4D4699460AE09D
:2047000006DD2A7AD10603D51BF800202F2A08D02D68002D52D06F6838460FF0BDFA824549
:20472000EED10246594638460FF0BEFA0028EFD1A279039F4B460293511E0123012AA94626
:2047400003FA01F300F0C1809A0740F1A980D9F814A0BAF1000F00F0A38008AB2849009333
:2047600018EE102A18EE903A2348D04799F80830590600F1C0803378002B7FF406AFA37D30
:204780001A0759D5DFF8789099F90630002B53DB99F816301B074FD4DFF87C901C4BC9F8A3
:2047A0000030A1233370F4E61A49154801F0F8FA4AE72189029800F0ADF9D2E6039FCDF8BB
:2047C00008900F48842101F0E5FA0D48842101F0E1FA3378002B7FF4D8AE094807F1460150
:2047E00000F072FF80B2A7F84400B8B9C123DFF828903370CDE600BFE00900201E280020DB
:204800008C0A00205041010070410100DC09002060410100EB090020D40000203378002B19
:204820007FF4B3AE384600F017FD337818460BB0BDEC028BBDE8F08F637D089AD91115D1B2
:20484000002ACAD0DFF80891013218BF01224846802301F0F7FAB9F8A420D9F8A810802A3C
:2048600028BF8022484601F00BFBB2E7079B9A4232D00132069944D0BDF81630DFF8D090F9
:204880000122334801F0DEFABDF81620B9F8A43093429ED9D9F8A8102D4801F0F1FA98E79C
:2048A0005D0705D5D9F818A0BAF1000F7FF455AF180705D5D9F81CA0BAF1000F7FF44DAF51
:2048C0008521234801F066FA7FE7D5F810A0BAF1000F7FF442AF37E7DFF87490B9F8A40027
:2048E000824219D382231B4989F8063048460F2201F0C6FA6DE7164A1749484600F030FA1C
:2049000039E7DFF84C90BDF81630B9F8A4209A4294BF00220122B4E7BDF816300699821A0F
:204920009A4294BF00220122484601F08BFA0798B9F8A430BDF81620D9F8A8101B1A9A4256
:20494000014428BF1A46484601F09AFA41E700BF8C0A002050410100E009002010B5044671
:20496000416001460C4802F073FD94F90830002B00DB10BD206A0028FBD0036A002BF8D024
:204980000268002AF5D0054BC0E903340830BDE81040002300F0D4BBDC09002089440000ED
:2049A00038B50A4A137803B138BD094C094D236009490A482B6001241470FFF7CFFF00F0C8
:2049C0003FFDBDE8384000F05DBE00BF1C280020D8090020DC0900208041010084000020E4
:2049E000014B1868704700BFDC09002000B10068704700BF00B583B001460190044802F0E3
:204A0000AFFE0199034803B05DF804EB02F06CBD78000020380B002070B50D4B1C68A4B1A1
:204A20000546002601E024686CB1294604F1180000F0F0FC0028F6D02046FFF7DBFF246873
:204A40000136002CF1D1304670BD2646304670BD380B00202DE9F041164B1C682CB30546C6
:204A60000F4616464FF0000801E02468D4B1294604F1180000F0CEFC0028F6D094F82C3040
:204A8000B342F2D13246394604F12D000FF0C6F80028EAD12046FFF7ADFF246808F101080F
:204AA000002CE4D14046BDE8F081A0464046BDE8F08100BF380B00202DE9F041144B1C68AB
:204AC0000CB306460F464FF00008251D314604F1180016B100F09EFC78B1BD42284607D0AB
:204AE0000FF0DAF83946024628460FF097F820B92046FFF77FFF08F101082468002CE4D100
:204B00004046BDE8F081A0464046BDE8F08100BF380B0020F8B50E4B1C68ACB105460E46CF
:204B20000027294604F1180000F074FC10B1E38EB34204D02468002CF3D13846F8BD204662
:204B4000FFF758FF0137F5E727463846F8BD00BF380B00202DE9F04F2DED028B8046E1B0DF
:204B60000C46002800F0C8804168029108460FF093F805AE05460299304613220FF0A6F88E
:204B8000122D40F2918000240DF1280A23465046452201210DF1D40BF47400F087FD234695
:204BA00001222146584600F081FD3146584601F015F930460FF070F898F80830C3F30013DD
:204BC00005460293604B1C68002C68D008EE106A09E005DD029B1BB163191B792F2B08D07C
:204BE0002468002C5BD0271D38460FF055F8A842EFD118EE100A39462A460FF055F88146F8
:204C00000028EDD100F04AFD04F1180100F00AFB07460028E4D0A26B4C4B4D4903FB0212FF
:204C20004C4BB3EBB20F28BF8AF805908088E08604AB009307F184024FF0000CAAF808005D
:204C40008023514658460392CDF810C0FFF73EFC58B9B8F1000F73D004AB0093039AD8F867
:204C60001060802351465846B0479AF90630002B24DA94F82C2004F12D01504601F090F8F9
:204C8000049A32BB07F14601504600F01DFDA7F84400384600F0E0FA2468002CA3D161B042
:204CA000BDEC028BBDE8F08F002C3FF46CAF2146C5F1130270190FF009F864E7A16B4B1CA7
:204CC000A363504601F09EF8A36B23F07F43A363CFE7013218BF012280230021504601F09A
:204CE000B1F8BAF8A420DAF8A810802A28BF8022504601F0C5F8C5E70029D0D005AE132237
:204D000030460DF1280A0EF0E1FF0DF1D40B504643464522012186F8138000F0C7FC43463D
:204D200001225846414600F0C1FC3146584601F055F830460EF0B0FF01230546029341E7DC
:204D400080238AF8063094E7380B0020CDCCCCCC98999919CCCCCC0C0021FFF7FBBE00BF07
:204D60008B79012B00D070472DE9F04792F90630002B82B0154650DBCB7C5B060C464CD570
:204D8000D1F8A070002F48D04B6E4BB1012B44D18A7A38460B3102B0BDE8F047FFF75ABEA3
:204DA000096E0191384694F80AA0D4F85C80FFF783FE204802F0B8FC064688B3B8F1120FB8
:204DC000C146C4BF4FF01308C146B144424601994FF0000804300EF02FFF394606F118009C
:204DE00089F8048000F006FB524604F10B0186F82CA006F12D000EF01FFF0F48A6F83680EF
:204E0000314602F025FBB16B4B1CB363284600F0F9FFB36B23F07F43B36302B0BDE8F08743
:204E20000649A32328461022AB7102B0BDE8F04701F026B878000020380B00209441010073
:204E40002DE9F04F2DED028B83B008EE101ADDF8389001929846FFF7C3FD002800F0B680F1
:204E60000025D9F800B006462C46A34508D8454512D2019B4FF03C025A55D9F800B0013519
:204E8000631C5B4508D3454506D2019B4FF02F025A55D9F800B00135D6F804A050460EF03E
:204EA000FBFE023427185F4558D801D145456DD3D6F80CB07C1CBBF1000F17D09BF800308D
:204EC000A3B1D9F800A0A24509D8454507D2019A3B235355D6F80CB0D9F800A00135584672
:204EE0000EF0DAFE02373C18544512D8454504D9D9F80030621B9A4271D83046FFF776FDE3
:204F00000646002847D0DCB9D9F800B0A345B7D8ADE70198384AAAEB070308F10101002B05
:204F2000ACBF5B440BF10003491B28440AF086FD0544454553D83046FFF758FD0646B8B3A5
:204F4000D9F800B0A34507D8454505D2019A2C235355D9F800B00135013486E70198264AB4
:204F6000ABEB040B08F10101BBF1000FACBF0AEB0B030AF10003491B28440AF05FFD0544FB
:204F8000454508D2D9F800309F4291D3019A3E23535501358CE715BB5CB9BEB1D9F80030C5
:204FA0004344C9F8003003B0BDEC028BBDE8F08FADB9822118EE100A00F0ECFE18EE100A49
:204FC0000E490F2200F05CFF002EE7D14FF0FF33C9F8003003B0BDEC028BBDE8F08F01990F
:204FE00018EE100A2A4600F04BFF18EE100A282100F0E2FED1E700BFA841010050410100BB
:20500000014806F05BBB00BFA80000202DE93048FFF718FA0E4B1A68821A04D10D4BD3E9BE
:205020000001BDE830880B4C18604FF47A71A2FB01BCD4E900254FEADB1040EA4C60801847
:205040004FEADC1145EB0101C4E90001BDE83088400B0020600400200148002106F078BA6C
:20506000A8000020074B0848084A1B6810B4002101240470116013B15DF8044B18475DF8E6
:20508000044B7047C84101001D280020540B00202DE9F0471E4B1B7882B0054643B3DFF889
:2050A00074A029465046DAF8007002F01DFADAF8001019B3D5E90489002603E00C680E46C2
:2050C000F4B12146D1E90423994508BF9045F5D22A461048314602F02BFADAF80050AF4239
:2050E00009D00D4B9B68019302B0BDE8F0471847FFF7B8FFD3E702B0BDE8F087002DEED0DB
:205100002A46044802F014FADAF80050E7E700BF1D280020540B0020C8410100064B10B520
:205120005B6804469847C4E9040121460348BDE8104002F0D9B900BFC8410100540B00205E
:20514000084970B5496805461E4614468847241846EB0101C5E904412846BDE87040FFF735
:2051600097BF00BFC841010038B50B4B1C687CB10A4B5B689847D4E90445A94208BFA0428B
:2051800002D30020014638BD201A65EB010138BD4EF66020002138BD540B0020C8410100FA
:2051A000F8B5134F134E7C68A04735683DB102460B46D5E904018B4208BF824201D2002082
:2051C000F8BD2946304602F08FF96B680BB128469847BB6898473368002BF0D0D3E9046730
:2051E000A047B94208BFB0422CBF01200020F8BDC8410100540B002000B583B00146083043
:205200000191FFF78BFF0199044802F06DF90199034803B05DF804EB02F0A2BA580B002091
:20522000B800002070B5064609480D4602F07CFA044658B10023868080F82430294626300C
:2052400000F0D8F80348214602F002F9204670BDB8000020580B00202DE9F04190F84630BC
:2052600013F0300F0446C3F3011527D190F82430042B0FD9D0E90F672630FFF7CDFB204642
:20528000FFF7BAFF002E3ED0294638463346BDE8F0411847B0F8442000F14601263000F0FE
:2052A000D5F894F82430ABB1226A5200226204F108000023BDE8F041FFF742BFB0F844208A
:2052C00000F14601263000F0C1F82046BDE8F041FFF792BF0D4B0E4A5B68E26024619847FB
:2052E0000C4A80B2A2FB0032920A40F2DD5303FB120202F6B832226204F108000023BDE81C
:20530000F041FFF71DBFBDE8F08100BFA447010019530000B76FA5AE806830B190F824303F
:20532000013380F82430FFF797BF704708B1FFF763BF7047044B02E09A88824202D01B6876
:20534000002BF9D118467047580B0020F8B50288044662B140F2DD139A4217D11D4B1B784B
:205360008B4217D040F2DD1323800120F8BD114610460BF075FA184B186038B343F2163383
:20538000038240F2DD1323800120EFE7002303800320F8BD114B1B789B07E3D5104E114F47
:2053A000114DB7F800C0114F96E80F00203685E80F003CF806C00E4E3A883168A5F810C043
:2053C00000232846AB74FFF7ABF8CBE720800220F8BD00BF9B320020740B00207C31002043
:2053E000842C002012280020600B00206C2C0020843100208B684A6830B40C68CD68C56014
:205400000460426083600B8A03828B7C837430BC704700BF38B5102205460C460EF0FEFB76
:2054200058B92A8A238A9A4200D038BDA87CA37CC01AB0FA80F0400938BD002038BD00BF10
:205440000148002106F084B8C400002070B582B0B8B11446028848F2FE039A420E46054672
:2054600003D00A4B5B6A984758B1094A2B8A10680093314622462B460CF02EFC204602B0B6
:2054800070BD4FF0FF34204602B070BDF8450100740B00200C2830B440D9B0F5867F94BF1D
:2054A0006FF02F046FF01F040C2935D9B1F5867F94BF0D230E232343B0F5867F137016D9B4
:2054C0006FF4867543191B0A0D385370907002230320B1F5867F15D96FF486740C19D51895
:2054E000240A0D391454A970D81C30BC70470C280FD90D38B1F5867F50704FF001034FF0D2
:205500000200E9D80C29F0D90D39115430BC0130704701200023DCE74BB2CCE703015CB282
:20552000C2E700BF2DE9F0411E0C13F07F474FEA06461C4615460B4614BF01210021CEB1A1
:20554000013124F0FF080231C01A2A46FFF7A2FFCFB1230E2B54421C1EB3230CAB5402302B
:20556000B8F1000F02D0230A2B5401302C540130BDE8F08134F0FF08E5D14CB9BDE8F04141
:20558000C01AFFF787BF6EB1230C2B540130EAE70131C01AFFF77EFF002FDAD1002CE7D0EA
:2055A000E4E71046B8F1000FDDD1002CE0D0DDE7F8B50E689DF818700C461D4616B902609E
:2055C0002360F8BD03689F550B6801330B600068114618442A460EF03DFB23682B442360E4
:2055E000F8BD00BFF8B5069D401A29461F46FFF751FF3946044610182A460EF01DFB2819BB
:20560000F8BD00BF2DE9F04F83B092460C9A9DF83440019401320024984683469946009203
:20562000274625468E4604E0009B01349C42274623D818F807C0019B08EB0706A6EB0906B1
:205640009C450AEB0502ABEB0E00314602D00C9BBB42E9D1FFF71EFF054449460AEB05003D
:2056600032460EF0E9FA0134009B08EB040901349C423544DE462746DBD9284603B0BDE86A
:20568000F08F00BF08B5034B5B689847024B188008BD00BFA447010004280020024B188891
:2056A000013080B21880704704280020F8B504460F4616461D46AC2200210EF0E5FA67713D
:2056C000A6712581F8BD00BFF0B501220023016002710B7002680F461378017943EA8113DA
:2056E00013700268437911781B0103F030030B4313700268837A117803F00F030B4313709F
:20570000036882795A70038902681B0A937003680289DA70837983B00446002B00F04081A6
:205720000368827A1D1D62B16FF00301C91A00F10B0313F8012B05F8012BA67A6A18964296
:20574000F7D8E37C9807C3F340010CD594F86A3000932A4604F16B0300210120FFF742FF9F
:20576000E37C054401211A0709D5236C0093636C2A460320FFF736FFE37C05440321DE0601
:205780000BD594F8243000932A4604F125030420FFF728FFE37C05440421980607D500237E
:2057A0002A460520FFF7BEFEE37C054405215A0607D5636E2A460620FFF7B4FEE37C0544E1
:2057C0000621DB0907D02A46B4F850300720FFF7A9FE07210544237DDE070BD5A36C2F2251
:2057E000CDE900320820E36C2A46FFF70BFF237D0544082118070BD5E36D2F22CDE9003240
:205800000B20236E2A46FFF7FDFE237D05440B21DA0607D5A38B2A460C20FFF783FE237DB9
:2058200005440C215E0607D5236A2A460E20FFF779FE237D05440E21DB090CD0D4F89430B2
:205840002622CDE900320F202A46D4F89830FFF7D9FE0F210544637D980708D5B4F86830FF
:205860002A461120FFF75EFE637D05441121DA060BD5636D2622CDE900321420A36D2A4666
:20588000FFF7C0FE637D05441421DB091AD0636F94F878201B01002A40F08580B4F87A2071
:2058A00000201209461C52088446B0B2FAD118B10CF00F0C43EA0C032A461720FFF732FE11
:2058C00017210544A37D1E071BD5D4F8803094F884201B01002A69D1B4F886200020120959
:2058E000461C52088446B0B2FAD118B10CF00F0C43EA0C032A461B20FFF714FEA37D0544BD
:205900001B21D80607D52A46D4F88C301C20FFF709FE1C210544E37D1A0709D5236B00935A
:20592000636B2A462320FFF75DFEE37D05442321DB0908D0A36B00932A46E36B2720FFF750
:2059400051FE27210544A37EDB0611D42368EB1A3E2B18DCB4F8A420E2B9D4F8A810284696
:205960000EF078F9B4F8A400ED1B284403B0F0BDD4F890302A463C20FFF7D4FD23680544A1
:20598000EB1A3E2BE6DD0B4B0B4A002020601A6003B0F0BDFF2305F8013BB4F8A420DCE723
:2059A000042003B0F0BD43F0080377E743F0080392E700BFD4000020E0410100032A40F2DC
:2059C000CE802DE9F04704460D4682B0002191460430A8220EF058F9256095F800804FEA4D
:2059E000981884F804802B78C3F3011363712A7802F00F02A2726B78A371A978EB78B8F1D9
:205A0000010F43EA0123238179D1082A00F2A980291D8F1805EB090A574573D804F10B0013
:205A20000EF00AF900265745C4F81360C4F8176080F0A2803B7803F0F002F02A00F0848108
:205A400018090D2803F00F0360D00E286DD0791C0D2B63D00E2B72D0CF18BA4552D3064478
:205A60003C2E4FD804EBD60C06F007029CF8130008FA02F20243701E8CF8132002463B2AF1
:205A800074D8DFE812F07B0073008600890094009700A400B30073007300BD00C700730095
:205AA000D500E2007300EC0073007300FB00730073000501730073007300240145017300CC
:205AC0007300730073007300730067007300730073006700730073007300730073007300AE
:205AE000730073007300730073007300730073007300730073007300730073005301A04B1D
:205B0000A04A1A60802002B0BDE8F087B91C8A45F8D378780D2B00F10D009BD14F1CBA4548
:205B2000F0D30B7839460D3396E7F91C8A45E9D3B8787A7800F20D1000EB022088E78F1CEB
:205B4000BA45DFD34B780A7803F20D1303EB0223394681E78A4B8C4A1A60A520D3E78020FC
:205B60007047874B894A1A608020CCE7F30700F10281BA453FF65EAF0020C4E7082B28BF68
:205B800008231A4684F86A3004F16B000EF054F8EFE7C4E91031ECE7082B28BF08231A467E
:205BA00084F8243004F125000EF046F8E1E784F89C80DEE74BB1013BC8180139002311F81C
:205BC000012F884242EA0323F9D16366D1E753B1013BC8180139002311F8012F884242EA82
:205BE0000323F9D19BB2A4F85030C2E72F200A46009004F1480104F14C00FFF7D9FCB8E78B
:205C00002F200A46009004F15C0104F16000FFF7CFFCAEE753B1013BC8180139002311F8D2
:205C2000012F884242EA0323F9D19BB2A383A0E74BB1013BC8180139002311F8012F8842DC
:205C400042EA0323F9D1236293E726200A46009004F1940104F19800FFF7AAFC89E753B1DC
:205C6000013BC8180139002311F8012F884242EA0323F9D19BB2A4F868307AE726200A4614
:205C8000009004F1540104F15800FFF791FC70E7002B6CD0013B0B440020013911F8012F7E
:205CA0008B4242EA0020F9D100F00703102120F00F02994089B202FA03F3C0F3C002000931
:205CC00084F87820A4F87A10E367606751E7002B49D0013B0B440020013911F8012F8B4212
:205CE00042EA0020F9D100F00703102120F00F02994089B202FA03F3C0F3C002000984F842
:205D00008420A4F88610C4F88830C4F8800030E74BB1013BC8180139002311F8012F88426E
:205D200042EA0323F9D1C4F88C3022E74BB1013BC8180139002311F8012F884242EA0323FC
:205D4000F9D1C4F8903014E701377D1BA9EB0505ADB2802D88BF80250020C4F8A870A4F80C
:205D6000A4507855CFE6184610211A46C7E7184610211A46A4E7024B054A1A608220C2E636
:205D8000D40000201042010050420100284201007C420100FF299ABF817101200020704794
:205DA00010B5082A28BF0822144682720B300DF043FF204610BD00BF037D818343F0100357
:205DC00003750120704700BF037DC3F3C0021B0702D5036E0B60C26D104670470B782F2BCE
:205DE00010B5044603D111F8013F2F2BFBD0216608460DF051FF237DE06543F00803237575
:205E000010BD00BFC37C416643F04003C3740120704700BF30B40446407DC0110FD009B177
:205E2000656F0D6012B194F87810117013B1B4F87A201A80029B13B1029AE36F136030BC77
:205E4000704700BF10B4A3F11004B4F5FE6F02D8B1F5801F03D300205DF8044B7047447D19
:205E60004167003A64F07F0118BF012280F87820A0F87A3041755DF8044B0120704700BF2F
:205E80000346802A28BF80221046A3F8A420C3F8A81070472DE9F04105F06CFAFEF79AFA7C
:205EA00007F044FF05F076FB00216648664FDFF8EC81664D664C674E05F04AFB00F0AAFB91
:205EC0000CF020FE09F0D6FD05F05CFA05F014FC614B1B68984705F079FC7B689847D8F882
:205EE00004309847A979EB79226803EB0123022A338023DC594B29686A6819605A605848B5
:205F0000002105F025FB4FF0FF300BF069F82368022B05467FDC05F053FAFEF741FD514815
:205F2000FDF7A8FF0CF018FE05F03AFB04460CF01BFE002CF8D105F049FAF5E74A4A4B49FA
:205F40004B4805F05FFA4B4805F0C8FB2368022BD0DD454A4549464805F054FA464B4748A2
:205F6000196805F04FFA2368022BC3DD3E4A3F493F4805F047FAD8F80010414805F042FAA3
:205F80002368022BB6DD384A3849394805F03AFA39683C4805F036FA2368022BAADD324A04
:205FA0003249334805F02EFA37484AF6CD3105F029FA2368022B9DDD2B4A2C492C4805F074
:205FC00021FA32481A2105F01DFA2368022B91DD254A2649264805F015FA31882C4805F04D
:205FE00011FA2368022B85DD1F4A2049204805F009FA284805F006FA2368022B7FF77AAF8E
:20600000284601F0E9FA2368022B7FF773AF0A2005F062FB6EE7144A1449154805F0F2F925
:206020001D4805F0EFF92368022B7FF774AF284601F0C2FA2368022B7FF76DAF0A2005F049
:206040004BFB68E70C010020A8430100702800202C0100200628002070440100742C0020CA
:20606000600200208447010098420100A0420100A8420100B8420100F8450100F0420100BD
:20608000004301000C430100184301003443010054430100644301007C430100C047010090
:2060A00030B590F82D50012D83B0044613D91F250B4B5B6898470B4B0B4A1B68009380B230
:2060C0002346B0FBF5F105FB110104F10C0000F0ABFA03B030BDE91C01258D40013DE7E77A
:2060E000A4470100802900206D6100002DE9F0470D468B6892F82C708146506BD3E90068BE
:20610000144601F0F1F9686805F032FBA968134801F026FB1248294601F022FB636B1B68B2
:2061200073B10023A3852046FFF7BAFF36B13A46494640463346BDE8F0471847BDE8F0878F
:2061400004F10C0000F0B8FA2146064801F0CCF92146054801F004FBE8E700BFD800002007
:20616000F0000020E00B0020E400002000B32DE9F047436B1D6882B00446B5B1686805F026
:206180000DFB63490C2005F0DDF80121072005F0CDF8604B5B68984700280ADAAB6823B112
:2061A000052022462946FFF7A1FF02B0BDE8F087704705F015F8DFF8608190F80290D8F824
:2061C000047005F00DF8064605F014F801463046B84705F0C7F8D8F818600746B04770BBDD
:2061E000002F50D1D8F81CA0D04740BBD8F8087005F000F8B84700285CD002281FD0AB68FD
:20620000002BD2D00420CCE707F0C4FD6FF028031E1A03E007F0BEFDC64202D5D0470028AD
:20622000F8D0D04700285DD0D8F81030032101A89847032803D19DF806304B452AD0AA6808
:20624000002AB2D094F82D300133DBB2052B84F82D3094F82C3006D90133DBB2002184F8BA
:206260002C3084F82D10127A9A4205D8224629460120FFF73BFF98E72046FFF711FF6868E1
:2062800005F070FA91E7D8F8086004F0B3FFB0470028B2D1AB68002B87D094F82C3000200A
:2062A0000133294684F82C3084F82D002246FFF71DFF7AE707F06EFD6FF018073F1A03E0C3
:2062C00007F068FDC74202D5D0470028F8D0B047002899D1D047002896D1D8F81430984759
:2062E000002891D0A96800293FF45FAF94F82C300133DBB2002284F82C3084F82D200A7AAA
:206300009A42B9D8224629460220FFF7EFFE4CE770280020E0430100704401002DE9F04129
:2063200005460D200F4605F015F8064601F088F901210B2004F0FAFF374B1C6814B914E0CF
:20634000246894B13146201D01F07AF80028F7D0606B01F0E3F807281EDDDDB138462B4628
:206360000122BDE8F041062118472C4801F0DCF904460028F1D03146201D01F05BF8002316
:2063800004F13002C4E90C322348A385214601F05FF8DDE7BDE8F081214801F0C5F906466B
:2063A00060B3204801F0C0F9B06018B305F0B8F97060D8B10520D6F8088004F0BDFFC8E902
:2063C000005710F0FF0006BF082388F8083088F80800606B314601F03BF8636B1B689E42A0
:2063E000D8D12046BDE8F041FFF75ABEB1680D4801F0B6F90A48314601F0B2F9606B01F07B
:206400008DF80028A9D12146034801F06DF82146024801F0A5F9A0E7E00B0020E400002077
:20642000F0000020D800002008B5054801F06AF9044801F067F9BDE80840034801F062B915
:20644000F0000020D8000020E4000020014B1B6A184700BF70440100014B5B6A184700BF5D
:206460007044010010B50D4B82B01B6898470C4B04469B6A01A91920984701280BD0002C1E
:206480000198B8BF15248028D4BFC4EB0000C4F1800002B010BD002002B010BDE043010052
:2064A00070440100FFF73ABF00B583B004F09CFE032804D0244B9B689847002802DA03B0BB
:2064C0005DF804FB0D2004F045FF204900F0B8FF18B904F047FF0028F1D00C2004F03AFFA6
:2064E0001A4900F0ADFF0028E9D101F0B3F890B1072004F021FF0028E1D00223ADF80430CC
:2065000004F06EFE124B8278DB688DF80620032101A89847D3E701F0C3F8072004F00CFF9E
:2065200018B90C4B9B689847C9E70223ADF8043004F056FE064B8278DB688DF806200321FE
:2065400001A89847EDE700BFE04301007028002070440100C047010030B50D4C83B0A56A07
:2065600069461920A84748B901A90420A84738B101F05AF8FFF758FF236A984703B030BD01
:206580000199E36A21F00201019104209847EFE770440100F8B5038805462BB1452B14D12C
:2065A000882916D00120F8BD174B1C6834B1A168201D00F091F92468002CF8D1134B0122E1
:2065C0001A7045232B800120F8BD002303800320F8BD0D4B1C68002CF3D0231D9A4205D00E
:2065E0002468231D002CECD09A42F9D10648084E214600F079FFD4E90523376832600BB1FC
:20660000E06998473760DCE7C00C00201F28002080290020024B03480021196004F098BF5F
:20662000C00C0020FC00002070B50E4C049E25784661C0E90623044635B9A1600A48214629
:20664000BDE8704000F004BF084D094B2E682B60043000F041F92E6021460348BDE8704075
:2066600000F0F6BE1F280020C00C002080290020FC00002070B50C4B1B7804462BB921469A
:206680000A48BDE8704000F0E3BE094D094B2E682B60043000F02AF92E6021460348BDE8CB
:2066A000704000F0D5BE00BF1F280020C00C002080290020FC00002010B50A4B1B780446B9
:2066C0003BB9C0E9033321460748BDE8104000F00BBF043000F01CF921460348BDE81040A2
:2066E00000F002BF1F280020C00C002008B5084B1B7823B10069B0FA80F0400908BD014647
:20670000044800F04BFF80F00100C0B208BD00BF1F280020C00C002010B50446C0B20CF0BC
:20672000BDF90A2C01D0204610BD0CF087F9204610BD00BFF8B588B10F46461E002500E057
:20674000013516F8014F20464CB1AF4207D00CF0A5F90A2CF4D10CF071F9F1E705460CF060
:206760006DF92846F8BD00BF10B5FDF76BFE0B4B1A68D2E9003192680B44191A52B1D2E9B1
:20678000003423441B1A9268994228BF1946002AF5D14318024A136010BD00BFC80C002084
:2067A000C40C00202DE9F843038805465BB3592B2CD187292FD0822920D12C4FDFF8B48062
:2067C0003C684FF00009CCB1002603E0A3682646A3B11C4620460AF0B1F90028F6D0E068DA
:2067E0002246882104F03CFF03464046002B2AD004F064FFA3682646002BEAD159232B808A
:206800000120BDE8F883194A1360F7E7002303800320BDE8F883154F3968002019B9EDE7CF
:2068200089680120D9B1CB689342F9D000B139608B68002BE2D0D868904207BF9B688B600B
:2068400019469B68F5E7E360A3686EB1B3603B68C4F808902BB1FFF787FF3C68B3E7396054
:20686000CCE7034A1360C9E73B60F1E7C80C0020C40C00200C01002010B50446104804F016
:206880001DFF1049E3680A684BB142B194420FD0134601E09C420BD09B68002BFAD10A4BE1
:2068A000A2601B68E3600C60BDE81040FFF75CBF054B1B68E360BDE81040FFF755BF00BFCA
:2068C0000C010020C80C002080290020014804F0F5BE00BF0C01002010B504460AF018F9D8
:2068E0002046BDE81040FFF7C7BF00BF10B504460AF016F92046BDE81040FFF7BDBF00BF5E
:20690000024B1868003818BF01207047C80C002010B5124B19688142044614D00B462BB10E
:206920009A68A24206D01346002BF9D10023C4E9023310BDA2689A6049B1FFF715FF002350
:20694000C4E9023310BD82681A60002AF5D1044B00221A600023C4E9023310BDC80C002083
:20696000C40C0020014B1888704700BF3003002000283ED0037A022B30B410D00378022B26
:2069800015D00379B3B10024C37913F0030318BF012301B10C6002B1136030BC7047C579A9
:2069A000447A037965B90CB9012BF2D0DBB100231C46EEE7447A14F0030418BF0124E3E757
:2069C000C4B1032D37D1032C2ED0022C24D143BB022D2DD00123032D24D1A4F10204B4FAFE
:2069E00084F46409D5E7023C012C8CBF00240124CFE770474BB9022D08BF0123EAD1A4F11C
:206A00000304B4FA84F46409C3E7032D01D0022D02D123461C46BCE7002BC8D1022DDAD123
:206A2000EDE701230024B4E7002BC0D10123D4E701231C46ADE7022DC7D1002BF1D1022C08
:206A40004FF00103DBD11C46A3E700BF30B500230B608B80437DDB075CBF01230B70037E41
:206A6000012B83B00D46044623D901AA694604F11000FFF77DFF009B0BB10223EB70019BDA
:206A80000BB102236B70E37D03F00303022B03D0032B14BF00230823AB70637E03F003039D
:206AA000022B03D0032B14BF002308232B7103B030BDC37D13F0030309D0437E13F003035F
:206AC00005D0C38B828B9B1AB3FA83F35B092375CBE700BF02280CBF012307230B441A781D
:206AE000FF2A184603F1FF3303D18142F7D1012070470020704700BF30B583B06946FFF75F
:206B0000A5FF9DF800309DF801509DF802409DF803109DF804209DF8050002332B44234449
:206B20000B441344184403B030BD00BF70B4437882780578C478DB00120102F0100203F07D
:206B400008031343027905F0070564012B4304F020049201234302F0400213430B704379B3
:206B60008579467AC479027A03F001036D0043EA861305F00205A0002B4300F00C0012015B
:206B8000034302F03002134370BC4B70704700BF70B582B00D4604466946FFF757FF04F1F4
:206BA00010002946FFF7C2FF9DF80030012B04BFA37EAB709DF801300CBF03200220022BAC
:206BC00006D1A38B2B54A38B421C1B0AAB5402309DF8026056B1731E234429181A7801F88D
:206BE000012BA34203F1FF33F8D130449DF80330022B06D1E38B2B54E38B421C1B0AAB5478
:206C000002309DF8046056B1F31D23442918073413F8012901F8012BA342F9D1304402B020
:206C200070BD00BF30B40278437802F00700C2F3C005C2F300140870C2F34010C2F380124F
:206C40004D708C7003F00105C3F34004C8700A71C3F38100C3F301129B094D718C71C8713D
:206C600030BC0A724B727047012943DD2DE9F04186B00F4603A914460546FFF7D3FF03AB55
:206C800003CB9DF811201B882383206161616AB3AE1C03A802AA01A9FFF76AFE9DF8138066
:206CA000B8F1000F43D0029B002B31D1B8F1020FA38367D0B8F1030F4DD09DF81580B8F17D
:206CC000000F2CD0019BBBB9A38BE383B8F1020F4DD0B8F1030F31D0701B3B1A8742C4E91C
:206CE0000E6300DA002006B0BDE8F081AB78A376EE1CCEE700207047717816F8023B029ABB
:206D000003EB01239BB2E383002ADFD1A383DDE7727816F8023B03EB02239BB2C6E71E4941
:206D200004F1080000F086FBA4F81E80D4E71A49204600F07FFBA4F81C80BEE706F10800E1
:206D4000034604F1080213F8011D02F8011BB342F9D10646C0E706F108000346621E13F827
:206D6000011D02F8011FB342F9D10646A5E70A4904F1080000F05EFB7378237216F8023BE0
:206D80006372A9E70449204600F054FB7378237016F8023B637090E7EC43010030B591B033
:206DA00004F00EFA044604F01FFA6A4601462046FFF75AFF00283ED0044604F0E5F9D0B3FF
:206DC0009DF810100B2004F0B1FA9DF81310072004F0ACFA9DF817308BB1BDF81C50FFF78C
:206DE000C1FD854205D0BDF81C204FF6FF739A4221D19DF817006946FFF76CFEB0B102A9FC
:206E00000C2004F09FFA9DF815303BB14FF6FF71062004F08BFA204611B030BD9DF81A10CC
:206E2000062004F083FA204611B030BD69460D2004F088FAE3E74FF0FF34ECE7F8B505464E
:206E40000B2014460E46A84700232074A37496B3E37463750820A847002701232376A07514
:206E600067740620A847A076FFF77CFDE0830920A84701280CBF3B4603236376FFF772FD49
:206E8000A0830A20A84701281AD066B90323E375637E022B0CD0E37DA3F10203B3FA83F300
:206EA0005B092375F8BD0223E375637E022BF2D101232375F8BD0720A8476675E074C9E76D
:206EC000E775E5E730B591B00546FFF74BFD4FF6FF74A0423AD04022002168460CF0D4FE38
:206EE00004F040FA6A4601461A48FFF7A7FF04F039FA18B3ADF800400C2004F02BFA01460C
:206F000002A800F097FA04F05BF90E9004F06CF9034668460F93FFF7EFFD044615B920460E
:206F200011B030BD04F000F980B104F059F901466846FFF72DFE204611B030BD0D2004F0F4
:206F400009FA0146684600F075FAD5E74FF0FF34E5E700BF39B300000120FFF7B3BF00BFED
:206F60000020FFF7AFBF00BF0649074A074B9B1A03DD043BC858D050FBDC09F077FBFAF795
:206F8000FFF90000A44A01000800002040030020FEE7FEE7FEE7FEE7FEE7FEE7FEE7FEE757
:206FA000FEE7FEE700F01F030121C0F34710994000F066B808B501F08DFC00B108BDBDE890
:206FC000084001F03DBC00BF30B583B01446022301F01F0100228DF8063014F00C0341EAFD
:206FE0004015ADF8042006D0042B25D0082B27D00C2B02D103238DF8043014F0030304D088
:20700000022B15D0012B02D103238DF805300E4A01A9284601F068FC2306284603D401F05B
:2070200061FD03B030BD012101F0F0FC03B030BD01238DF80530EAE701238DF80430DCE764
:2070400002238DF80430D8E7A56F000001F01F0141EA40101F28CABF054B4FF0A04300F0C1
:207060001F00D3F8101521FA00F000F001007047000300500146014800F0EAB9CC0C0020E0
:2070800070B50C4B1C689CB105460E4601E0246874B1237AAB42FAD1E36816EA0301F6D008
:2070A00063682846002BF2D098472468002CF0D170BD00BFCC0C0020024B00221A60FFF78F
:2070C00079BF00BFCC0C0020EFF3108072B6704780F31088704700BF70B41A4A1A4D0023DD
:2070E000012440FA03F1C90712D59178B9B11178567801F01F0141EA46111F29C6BF01F06B
:207100001F012E464FF0A04604FA01F1C6F80C150133042B02F10302E3D170BC704711786C
:20712000567801F01F0141EA46111F29C6BF01F01F012E464FF0A04604FA01F1C6F80815AC
:20714000E6E700BF204101000003005070B41A4A1A4D0023012440FA03F1C90712D59178C9
:20716000B9B11178567801F01F0141EA46111F29C6BF01F01F012E464FF0A04604FA01F154
:20718000C6F808150133042B02F10302E3D170BC70471178567801F01F0141EA46111F29F0
:2071A000C6BF01F01F012E464FF0A04604FA01F1C6F80C15E6E700BF204101000003005090
:2071C0000E4A30B40E4D02F10C0403201378517803F01F0343EA41131F2BC6BF03F01F0324
:2071E00029464FF0A04103F5E0730332944241F82300EBD130BC0F20FFF7A8BF20410100B8
:207200000003005010B50948FFF734FA084800F0ADFB50B1064C01460B7A5B080B72204694
:2072200000F070FB01460028F6D110BD502800201C0100200146014800F0C6BB1C010020DD
:2072400080B110B50446FDF7FDF82368C01AB0F5963F05D2207A032894BF0020012010BD29
:20726000002010BD0020704770B50546144689B1022907D006290CD10146BDE870402A482A
:2072800000F0A2BB0146284800F09EFB0646002832D170BD0146244800F096FB0646002815
:2072A00035D0FDF7CFF8337A30602344102BA8BF10233372FDF7C6F83368C01AE401B0F53F
:2072C000963FA4B208D2337A042BB38834BF19220A222BB9B48070BDB3881922002BF9D089
:2072E00002FB04F41149C2F1640203FB0242A1FB02325209B28070BDFDF7A4F8337A30608D
:207300002344102BA8BF102333720C34D2E7334605482946082200F0B7FB06460028B8D096
:2073200047F6FF73C380BCE71C0100201F85EB5138B50546042003F0FFFF2946044621482C
:2073400024B200F041FB38B3B0F9063047F6FF7293422CD004EB840462005A251A4C81881B
:2073600013FB052384FB0324DB17C3EB641424B2C48081B904F15A0212B222EAE2721E2A08
:20738000124BA8BF1E22D201A3FB0232120902F5807292B2828038BD0346294609480822D2
:2073A00000F072FB0028F6D047F6FF73C3808388C480002BEFD147F6FF739C42DAD14FF4DB
:2073C0008072E7E71C0100201F85EB518988888838B5094800F0CAFA60B1074D04462146A7
:2073E000284600F0BFFB2146284600F08BFA04460028F4D138BD00BF1C01002000B500212D
:2074000083B0084800F05CFA074B084A1B680093074800234FF4E131FFF706F903B05DF825
:2074200004FB00BF1C0100208029002005720000502800200B684A6842600360704700BFD9
:2074400008B508220CF0EAFBB0FA80F0400908BD0368DBB110B4002400E0134699420FD06A
:207460001A681C46002AF8D100230B600368CBB11A461B68002BFBD111605DF8044B70471A
:207480000A686CB1226000221A60EDE700230B6003684BB11A461B68002BFBD11160704774
:2074A0000260F0E70160E8E70160704730B405684DB12B46002400E01346994207D01A68FA
:2074C0001C46002AF8D10D6030BC016070470A683CB1226000221A6005680D6030BC016042
:2074E00070470260F6E700BF03689BB110B4002400E0134699421A6805D01C46002AF8D178
:207500005DF8044B704734B1226000221A605DF8044B704770470260F7E700BF03682BB1B5
:2075200000201B680130002BFBD170471846704730B479B1036843B1002500E023469A42FD
:2075400017D01C681D46002CF8D10B6813600A6030BC7047056845B12B4600E023469A427C
:2075600010D01C681946002CF8D11560026030BC704725B11068286000201860E5E7146823
:207580000460F9E739B114680C6000211960056815600260EBE711680160F6E7006848B10D
:2075A000884202D105E0814203D000680028FAD170470120704700BF00B58BB00246282189
:2075C00068460BF0EFF86946024803F01BFF0BB05DF804FBA8410100F0B170B50024104ED4
:2075E000054654B1E3070DD5295D304603F00AFF072C10D00134002CF4D12978304603F034
:2076000001FFF7E72E2004F067F8295D304603F0F9FE072CEED170BD024803F0F3BE00BF39
:2076200004440100F443010008B5034B5B689847024B187008BD00BFA4470100202800206F
:20764000034B197806204A1C1A7003F06FBE00BF20280020F8B5FCF7F5FE104E0746344636
:2076600000250C2003F076FE2146FFF7E9FE103420B90135102DF4D10020F8BD062006EBCD
:20768000051503F059FE2B7B8342F5D1A868381AB0F5206F8CBF00200120F8BD900D0020C1
:2076A000F8B5174E0024374635460C2003F052FE2946FFF7C5FE1035F8B90134102CF4D1D9
:2076C0000F2407EB0414254654F8100D6168A268E368A6420FC5F6D1062003F02DFE387309
:2076E000FCF7B0FE0346BB600C2003F033FEBDE8F84001460248FFF79DBE002CE1D1EBE7C6
:20770000900D002010B504464288406800210CF0BBFA23886288A06802FB03F2BDE81040D5
:2077200000210CF0B1BA00BF30B44588ADB14368002202E00132AA420CD0194601330C7832
:20774000002CF7D101230B700588806802FB050030BC7047002030BC70472846F8E700BFAD
:2077600030B44488826854B18A420CD00588002301E0914208D00133A3422A44F9D14FF0F6
:20778000FF3030BC704700234268D15C0029F6D00020D05430BC704783688B4208D84288E5
:2077A000008800FB023081422CBF00200120704700207047418849B143680020194413F8A1
:2077C000012B02B901308B42F9D170470846704738B50D4B0D4D1C68002818BF05463CB1E4
:2077E000211D2846FFF72CFE28B92468002CF7D14FF0FF3038BD064A064B9068241AA01072
:2078000003FB00F038BD00BFC00E0020EC43010030010020ABAAAAAA2DE9F84F224CDFF80C
:207820009CA0DFF88C90214F0546884604F1200B54F8043FBBB19E68AEB1A5B1D9F80820C1
:20784000AA1A91100C3207FB01F10CD05A68D86802FB010038B11AF801201B6842FA03F3E4
:20786000DB0700D5B0475C45E2D1D5B1104B0F4A9B68EB1A9B1002FB03F30E490E48002257
:20788000CA5429460AF80320FFF72EFEB8F1000F01D1BDE8F88F29460548BDE8F84FFFF7C0
:2078A0005FBF4FF0FF33E8E78C0E0020ABAAAAAA30010020B00E0020C00E0020980F002023
:2078C00038B10368072B04D80C4A52F82330984210D00B4A1368072B0AD830B4074C03601B
:2078E0005D1C8160156044F82300012030BC70470020704781600120704700BF900E002089
:20790000940F0020F0B5164B164D9C68164E20B301B3C768D0F804C0C91B91FBFCF101EB48
:207920004102013119D014EB820314D054F82230A3EB040E4FEAAE0205FB02F20CFB0271EC
:207940004BB11EF10C0F08D021B1B35C02681341DB07DCD50B461846F0BD00231846F0BD6D
:2079600030010020ABAAAAAA980F0020124B1968F9B1124B9B68C91AD0B111F10C0F17D0F6
:2079800010B40F4B4468C268891003FB01F304FB032149B10B4C0268E35C1341DB0703D53D
:2079A00008465DF8044B70475DF8044BFFF7AABF0021FFF7A7BF00BFC00E002030010020A0
:2079C000ABAAAAAA980F002010B504460846FFF7FFFE84B1431C02460DD06368E06803FB1D
:2079E000020038B1054B21689B5C0B4113F0010F08BF002010BD002010BD00BF980F002046
:207A00002DE9F84316460D46FFF7DEFF28B10024012006B13460BDE8F88304462846FFF75C
:207A2000D7FE0130F3D11448FFF7C4FE0028EED1124B1D68F5B1DFF84C90DFF83C80104F54
:207A400006E02046291D05F095FB04462D686DB1D8F80830EB1A9B1007FB03F319F803301E
:207A6000002BF3D1002CECD12C1DEFE7201E18BF0120CEE72046CCE730010020C00E0020CC
:207A8000ABAAAAAAB00E00202DE9F04182B060B32F4B0C46002908BF1C46214601AA054658
:207AA000FFF7AEFF08B32046FFF792FE461C21D06A68EC6800FB0244002120460CF0E4F863
:207AC000EB686A68E31A93FBF2F35A1C06D021492D68C85C0122AA400243CA54204602B01A
:207AE000BDE8F081B8F1000F1DD10024204602B0BDE8F081184FDDF804803846FFF714FE32
:207B000006460028EED015483146FFF7A1FCBB682146301DF41AFFF78DFC14F10C0F12D165
:207B20006A680024C8E74046FFF752FE411CDCD0BB6800EB400013EB8006D6D000213046BC
:207B4000FFF76AFEDFE7064BA01003FB00F0AFE7EC430100980F002030010020C00E002046
:207B6000ABAAAAAA18B319B3C3684268CB1A93FBF2F35A1C1CD070B40F4E0568F45C0122D5
:207B800002FA05F524EA0504F454C3684468CB1A93FBF4F3591C0DD0084C0068E15C02FA18
:207BA00000F021EA0001E154104670BC70477047002070471046F8E7980F0020B00E0020F3
:207BC00098B199B1C2684368891A91FBF3F14B1C0CD010B4064A0368545C012000FA03F3A7
:207BE000234353545DF8044B7047704700207047B00E0020A0B1A1B1C2684368891A91FB0A
:207C0000F3F14B1C0DD010B4074C0268635C012000FA02F223EA020363545DF8044B7047C9
:207C200070470020704700BFB00E002088B179B1C3684068C91A91FBF0F14B1C08D0054B04
:207C4000986801EB410110EB810002D004307047002070473001002070B50B4B1C685CB189
:207C600005460E46012D09D01DB963680BB1984718B92468002CF5D1002070BDA368304605
:207C8000002BF6D09847F3E7A80F0020064B074A01211960D2F8503513F0FF03FAD1C2F84D
:207CA000FC3F0120704700BF1010004000100040A1B1192810D8DFE800F00D770F0F6E659B
:207CC000605B453F0F3A0F0F0F36322E2A0F26221E1A1713002070470120704702207047EE
:207CE0007D230B600020704700200860704710230B60002070470A230B600020704720233C
:207D00000B600020704703230B600020704708230B6000207047D8230B60002070471A23D2
:207D20000B60002070470B230B6000207047244B1B780B6000207047224B93F900300B60B9
:207D400000207047204B214A012082B018601368002BFCD00020106012681D4B0192019A99
:207D6000D3F8483503F07F035B420B6002B07047184B5B790B6000207047164B5B780B60BD
:207D800000207047134BDB7800200860002BA1D001230B6070470F4B1B7800200860002B51
:207DA00098D004230B607047094B0B4AD3F80835A2FB03239B080A33DBB20B6000207047EF
:207DC0002128002022280020141000401C110040001000404C010020CDCCCCCC0120704739
:207DE00070B582B0FFF770F9BFF35F8F1C4B1B78ABB11C4B1C4902224FF0FF34C1F8084371
:207E0000C3F88021C3F88020BFF34F8FBFF36F8FBFF35F8F02B0BDE87040FFF759B9134960
:207E200003F0FF020A600968114B019101991A601A680D490B4B00924FF0FF3502224FF4D7
:207E40004054009EC1F80853C3F88021C1F804431A60BFF35F8F02B0BDE87040FFF738B978
:207E60004C01002000E100E0001000403011004034110040144BD3F8FC0F28B1D3F8503520
:207E8000DBB2032B01D000207047104B1B7803F0FF0073B10E4B1B78053B7A2BF3D80D4B87
:207EA0001B68002BEFD10C4B1868B0FA80F040097047074A1378053B7A2BE5D892F88000DB
:207EC00080F00100704700BF001000404C010020AC0F002030110040341100400D2801D017
:207EE00001207047042A05D121B1034B1B680B6000207047022070473010002070B51B4CFC
:207F0000D4F85055EDB2032D82B028D0184B1948194AC4F804051949C3F8102501264FF053
:207F20000062C3F81415C3F80465C3F80425FFF757FFD4F8003243F01003C4F80032D4F8A9
:207F40000032022D43F40023C4F8003209D00C4B0C4A002119601B680193019B166002B07D
:207F600070BD094B1E6002B070BD00BF0010004000F00140AC0F0020381100404C80004073
:207F800058110040041000400810004070B5304D304C314A00232B6084B02D680095009D4A
:207FA000236024680194019C1360146802942B4D029C42F8043C2C7852F8043C0393631F25
:207FC0007A2B039A02D8023CA1420ADA8122002122480BF059FEFFF791FF0024204604B03C
:207FE00070BD2246691C0BF027FE2B191C4E5B781C4A3F2B9ABF9B00DBB2FF233370D2F8E6
:208000004835194A03F07F035B425BB299B20420137003F08BF93178032003F087F9134B5B
:208020002A7813491A74D1F84C055860D1F8481599605200DA605D68084881220021023D1F
:208040001D600BF021FEFFF759FF204604B070BD381100400C11004034110040AC0F0020AE
:20806000212800200010004022280020301000200080004010B5038804461BB340F2D3321E
:20808000934224D1822901D0012010BD124A1378053B7A2B16D8114B1B6813B992F880300D
:2080A00083B10AF061FD03F0D3F803F089F88021FFF76CFF002805DD80B203F07BF8084B0B
:2080C000DB68984740F2D3332380012010BD00230380032010BD00BFAC0F00203011004004
:2080E000A84301007D2910B50C4609D801460A48A31C00F8013B22460BF09EFD002010BD7F
:20810000064A0749074803F07DF921467D22064803F078F9012010BD441000200C4401009C
:208120001C440100A84201002044010070B4164B1649174C0F22C3F810258A780A3A02EBF3
:208140008202C3F808250879CD798A794979120642EA0522024342EA0142C3F86C2640F289
:20816000022600250B48C3F834657F2140F20122C3F83845C3F83C55C3F81405C3F81815D6
:20818000C3F8502670BC7047001000404C010020211001000800000608B5084BD3F8FC2FC8
:2081A0001AB1FFF7ABFE012008BD0122C3F8FC2FFFF7BCFFFFF7A2FE012008BD00100040E9
:2081C00030B585B0FFF7E8FF104A11491148124C0023136015680395039D0B600D6802957B
:2081E000029D03600368019301230198236001E00B6813B91368002BFAD0044A044B106899
:208200001B68B0FA80F0400905B030BD48110040441100404C1100402C10004010B507289B
:2082200067D8DFE800F01A2A666648525A04364A3648C9B25171D0F8FC3F5BB11179D4791F
:20824000937952791B0643EA04230B4343EA0243C0F86C360024204610BD01294FD00029EF
:208260004AD12B4A294B01211160D3F8504514F0FF04FAD1C3F8FC4FEDE7A1F10B030F2B81
:208280003AD8214A214BC8B29070D3F8FC2F002AE0D01F4A01201060D3F8504514F0FF044A
:2082A000FAD10A3901EB8101C3F8FC4FC3F80815FFF772FFCFE731F007041DD1124BC1F31C
:2082C00080011970FFF78CFDC5E731F0010413D10D4BC9B2D970204610BD0B4A0B4BC9B2EA
:2082E0005170D3F8FC2F002AB4D0C3F80C150024B1E70124204610BD0224204610BDFFF7DA
:208300004BFF0024A7E700BF4C010020001000401010004010B57D2884B04BD82C4CFFF756
:208320003BFFE378002B3FD163782A4A2A49DBB20120C2F80C350860D2F85035DBB2022B91
:20834000FAD12649264BC2F8043500230B600868019001980B66086E029002988B648B6C5E
:208360000393039BD2F8003223F01003C2F80032D2F80032012143F48023C2F80032116066
:2083800005F008FD6FF002031C1A05F003FDE042FBD4104AD2F85035DBB20B2BFAD0FFF737
:2083A000ADFD002004B010BDFFF70AFF0028BBD10220F7E70B4A0C4904460C4803F022F86A
:2083C00021460B4803F01EF8012004B010BD00BF4C010020001000400C1000400C11004003
:2083E000441000200C4401001C440100A84201003C44010010B50C46FFF774FE2046BDE861
:208400001040FFF787BF00BF10B51A491A481B4A1B4C00230B6003704B6023708B6082B05F
:20842000CB600B741360136800934FF080430121009819601368002BFCD000241460136857
:20844000019321460F48019B03F082F8214681220D480BF019FC0D4B0122C3F8FC2FFFF7FB
:2084600065FE0B4A1378DBB21370FFF7B9FC204602B010BD3010002021280020000100400F
:20848000222800203C010020AC0F0020001000404C010020074A1378053B7A2B07D8064B8C
:2084A0001B6813B992F880007047012070470020704700BFAC0F002030110040154B1B78EF
:2084C00003B1704700B503F0FF02134B196883B029B9124B1A6882B903B05DF804FB1A60F9
:2084E0001B6800930E480F4B009A012283F8802003B05DF804EB03F0E1B819601B680193CB
:2085000081220848019B0BF0BFFB03B05DF804EBFFF7F4BC4C010020301100403411004007
:208520003C010020AC0F002010B40346002253E8000F00EA020143E8001494F0000FF6D104
:208540005DF8044B704700BF10B568B90E4CA368012262703BB1D3E900230020A2609847F5
:20856000A368002BF7D110BD0128FCD1064C2369A070002BF7D0D3E90023012022619847F8
:208580002369002BF7D110BDC410002010B50B4C237882B013B1852002B010BD08486360B7
:2085A000A3602361E36000F0B5F8019000F0BEF801980123237002B010BD00BFC41000209B
:2085C0004985000038B5154DAB78044673B110B14368012098470020FBF73AFCEB680133B2
:2085E000EB600020BDE83840FBF73ABC03F0FF00FBF72EFC64B12A6942B1944208D013465B
:2086000001E09C4204D01B68002BFAD122602C61EB68002BE2D100F09FF8DFE7C4100020CD
:2086200038B5154D6B78044673B110B14368002098470020FBF70CFC6B6801336B60002023
:20864000BDE83840FBF70CBC03F0FF00FBF700FC64B1AA6842B1944208D0134601E09C4283
:2086600004D01B68002BFAD12260AC606B68002BE2D100F089F8DFE7C410002038B50B4CFF
:208680000020FBF7E5FB6368013B6360656825B1BDE838400020FBF7E3BB00F087F865706A
:2086A0000020BDE83840FBF7DBBB00BFC410002010B5074C23784BB9064B002808BF1846ED
:2086C00000F044FB08B90123237010BD852010BD23280020A844010000B583B0019000F0F3
:2086E00069FB00F06FFB019800F056FB00F05AFB002003B05DF804FB10B4034653E8000F1F
:2087000000EA010243E8002494F0000FF6D15DF8044B7047044A137923B90121106091800F
:208720001846704785207047D8100020084B1A68D20704D4C02283F8002301221A60054ACE
:208740004FF080410123C1F818351370704700BF00E100E09732002010B4094B094A0021C0
:20876000196083B01B680193019C4FF0804102200123C1F80403136003B05DF8044B704712
:208780000401004008000040074B00221A6082B01B68019301994FF080430122C3F8042374
:2087A0001A6002B0704700BF00010040074B01221A604FF08042D2F80C3403F00113B3F131
:2087C000011FF8D0024B00225A71704704000040D810002010B5174B1A6882B062B1002165
:2087E000154A19601B68507900934FF080410123009CC1F8083398B1104B1A68BAB100225B
:208800001A601B6801934FF0804202210A4B0198C2F808131B68012002B0BDE81040184736
:20882000116853718847054B1A68002AE7D102B010BD00BF00010040D810002004010040AC
:2088400030B41F4C94F86A3082B0002B33D104F12F03204604F15F01FF2203F8012F8B4247
:20886000FBD14FF0FF3222600123072B88BFE11803F1010340F8042F88BF81F858200C2BD2
:20888000F3D11049104B0020C0228880606683F8062340221A600D4B0D4A18601B680193D2
:2088A000019D01214FF0004384F86A10C2F8043302B030BC7047082002B030BC704700BFFE
:2088C000E01000204411002000E100E07C61004000600040034B93F86A00003818BF012022
:2088E000704700BFE0100020F0B4454F3B1893F93030002B5DDA91F802C0CCF3400CBCF116
:20890000000F0CBF0823002307EB8304A4F104040CBF0C26082602E001339E424CD954F887
:20892000045F0135F8D13C1847F8232084F83030BCF1000F4FD08A7854071AD4D5074ED4FF
:208940001F284C7887BF2F4D00F01F0202464FF0A04502F5E072A40045F822402A4DC408FE
:2089600000F0070C2E5D012202FA0CF232432A558A7812F0020222D09B0003F1804303F514
:20898000C0430978D3F8104524F44F3424F44074C3F8104502020904D3F8100501F4403165
:2089A00002F47C520A430243C3F810250020F0BC70470820F0BC70470420F0BC7047083B99
:2089C0001F44097897F8603043EA811387F860301046F0BC7047FA1882F85800ABE71F284E
:2089E00087BF084A00F01F0404464FF0A04202EB8402D2F8004724F00204C2F80047ADE72E
:208A0000E0100020000300504411002070B4324C251883B095F93030072B22DD234493F85B
:208A200058309B09032B46D0012B0CBF4FF400324FF440321F288ABF284B4FF0A04300F090
:208A40001F0003EB8000D0F8003723F44033C0F80037D0F800371A43C0F8002703B070BCF7
:208A60007047DAB2072AF9D8980000F1804000F5C04003F140029200D0F8106592B202F137
:208A8000804202F5C04246F00106C0F810650020106012680192019A0029DFD095F93020C3
:208AA00054F82220002AD9D00D49012202FA03F3C1F80433D2E71F288ABF084A4FF0A0423E
:208AC00000F01F03D2F8102598BF0346DA4002F0010202321204ADE7E01000200003005095
:208AE00000600040194B034493F93030072B13DD1F288ABF164B4FF0A04300F01F0003EB0D
:208B00008000D0F8003723F44033C0F80037D0F80037C0F800377047DAB2072A14D810B44B
:208B20009A0002F1804202F5C0420A4CD2F81005012120F0010001FA03F3C2F81005C4F809
:208B400008335DF8044B7047704700BFE010002000030050006000402DE9F04F002289B056
:208B6000CDE9022216461546704B714C7148012204E0043383424FEA420211D01968012927
:208B8000F7D1D4F804131142F3D01D60196800910433834246EA020600994FEA4202EDD17D
:208BA000654B1A68012A07D016F0FF0F17D1002E32DB09B0BDE8F08F00221A601B680193BA
:208BC0004FF0A042019BD2F810255C4B0292D3F81035039316F0FF0F1ED046F00046584FD3
:208BE00001250024A30003F180432E4203F5C0434FEA45050BD0D3F8100557F82420D3F8CA
:208C00001015C0F30520C1F3014102B190470134082CE7D1002ECCDA4FF0FF33494D0DF1DD
:208C2000100ACDE906330022CAF804200492A5F16408454C0027012614F9010B431C32D032
:208C4000C0F3C20E08AB03EB0E0C00F007031CF8081C06FA03F31942C2B200F03F0022D0BE
:208C600008EB0009910999F9309058F82990B9F1000F4CD003294CD01F288BBFDFF8BCE0E2
:208C80004FF0A04E02F01F0202460EEB82021CF818ECD2F800C71EEA030FCCF3014C1BD114
:208CA000BCF1030F3CD0A542C6D1002F81D04FF0A0430299D3F81035204A9942D2F81025DA
:208CC00003D1039991423FF474AFDDE90401CDE90232CDE90601ACE7BCF1020FE3D1032958
:208CE00004D0B9F1000FDED0C847DCE74FF4403CD2F8003723F44033C2F80037D2F800372B
:208D000001374CEA0303FFB2C2F80037E9E70329C9D11AF80EB04BEA030B0AF80EB0ABE742
:208D20000329DED14FF4003CE2E700BF0061004000600040206100407C61004000030050DF
:208D4000E01000204411002040110020104A1378DBB910B403780F494FF08044C3F3400311
:208D6000C4F88035037803F00103C4F878350B68DB0704D4C02381F8003301230B60012338
:208D8000137000205DF8044B70478520704700BF9832002000E100E0014B02681A60704728
:208DA000541100204FF080434FF46072C3F80423704700BF4FF080434FF46072C3F80823C2
:208DC000704700BF014B00221A6070475411002010B54FF0804386B0D3F80443620705D5A7
:208DE000D3F8082103F58473002A4ED1A30603D52A4B1A68002A3FD1600603D5284B1A6862
:208E0000002A2FD1210602D5264B1A680ABBE20502D5254B1A6892B9A3050ED5234B1A68FC
:208E20005AB100221A601A68214B0592059A1B68022006B0BDE81040184706B010BD002213
:208E40001A601B4A1B68049301201368049A9847E2E700201860164A1B6803931368039A0E
:208E60009847D4E700221A60124A1B68029301201368029A9847C5E7002018600D4A1B6813
:208E800001931368019A9847B6E700221A600A4A1B6800931368009A9847A7E714010040CF
:208EA000180100401C010040200100402401004054110020501100204C11002008B5FFF700
:208EC00087FFBDE80840FFF785BC00BF074B0849084A0020186082B01B680193019BD1F8EE
:208EE00008051368C0B202B0184700BF00D1004000D000405811002070B443791E4C1F4E47
:208F000003EB430546F82320655D8DBB90F904308A78002B24DB03F1604303F56143520121
:208F2000D2B283F8002390F90430002B07DB144D03F01F0601225B09B24045F82320036868
:208F40000A88C3F8082543790879C97803EB4303E218012550709170E554002070BC7047C8
:208F6000084D03F00F0352011D44D2B22A76DAE7082070BC704700BF5C1100206011002016
:208F800000E100E0FCEC00E00368044A01211960437903EB43030221D15470475C11002078
:208FA00010B403680022C3F8002183B0D3F80031026801930123019CC2F8443311B1026839
:208FC000C2F8043303B05DF8044B70472DE9F041274F284EDFF8A08084B000244FF4803518
:208FE000D7F804332B4211D056F824200023E0B262B1C7F84853C7F8085346F8243056F86F
:2090000024300393D8F80030039A98470134032C4FEA4505E4D1164BD3F80423D10702D54C
:20902000D3F80021C2B9124BD3F80423920710D5D3F804216AB10022C3F80421D3F80421FF
:209040000D4B0192019A1B68052004B0BDE8F041184704B0BDE8F0810022C3F80021064AE1
:20906000D3F80031029304201368029A9847DAE700B0004040B1004060110020084B09492D
:209080001B68094AA1FB03139B0C916800FB03F09368CB1A23F07F438342F9D3704700BFFE
:2090A0005C02002083DE1B4310E000E030B44C689C4208D2002545600968016093420CD006
:2090C000002030BC704743600D6805600868E41A18449342C1E90004F2D1201E18BF01200A
:2090E00030BC704710B4D1E900439A4228BF1A46C0E90042D1E90030801A1344C1E9003049
:20910000003818BF01205DF8044B70474B689A4228BF1A4662B10B68C0E90032D1E90030A3
:20912000801A1344C1E90030101E18BF012070471346F1E710B5094B09491A68094C82B0E2
:20914000002301208DF804008DF80730ADF8053001A823700B70904702B010BD8C120020E1
:209160002728002024280020704700BF00B583B00D4B0E4900228DF80420D3F82025ADF887
:209180000620D3F8C0040A4A0968136800280CBF4FF480704FF00120034301A81360884723
:2091A00003B05DF804FB00BF007002408C12002068110020F8B54B680B4F934228BF134611
:2091C0001D460C4606461A46096838460AF034FDC6E90075D4E90030401B2B44C4E900305C
:2091E000003818BF0120F8BD9412002070B54B68934228BF13460D461C4606465BB933602F
:209200007460D5E90032121B2344C5E90032201E18BF012070BD044B0968184622460AF033
:209220000BFD3060ECE700BF9412002010B5274BD3F80044C3F8004482B0BFF36F8FBFF365
:209240004F8FBFF36F8FBFF34F8FE1050ED5204B20491A68022000238DF80730ADF80530F6
:209260008DF80400012301A80B709047A2050DD5174B18491A68032000238DF804008DF824
:209280000730ADF8053001A80B70904763051AD5104B1A78BAB10D4C0F48012100221A7095
:2092A000C4F808150160BFF36F8FBFF34F8F084BADF8052004211B688DF807208DF804102A
:2092C0000DEB0100984702B010BD00BF007002408C120020242800205870024070B5394AEA
:2092E0000126136806FA01F423431360030682B0054610D4344B1B681C420AD1334B8DF856
:20930000060006221B688DF807608DF8042001A8984702B070BD2E4B00F00F0133F81130BB
:2093200003F1804303F51C331A68DAB100221A60BFF36F8FBFF34F8F264B80281B6822D0B8
:20934000082B08BF244B254808BF1A60244B03EB01120026927B0670032A4FEA011029D06D
:209360001B583BB3184B19682140D2D1174B8DF8065006221B688DF807108DF8042001A8CE
:20938000984702B070BD082B08BF134B134908BF1A60144B93F89E200020032A087003D0DA
:2093A000D3F89030002BDDD16FF001010648FFF7A3F9D7E7012303FA01F1C9430248FFF7EB
:2093C0009BF9CFE768110020641100208C120020B8440100300100101C7C024025280020D2
:2093E000FC1100206C110020064B93F900201878002AB4BF0021102100F00F031944FFF7D2
:209400006DBF00BF272800202DE9F04FDFF8F4A2DFF8F882DAF80040D8F80030234089B031
:2094200000F0C68013F0012400F0C58094FAA4F4002C00F0C580B4FA84F70F2F3D461BD835
:20944000DFF8CCA24FEA071B0AEB07165AF80B30B289716806A8984767F07F090123029790
:209460004FFA89F903FA07F708B94AF80B006FEA070B05F008072CE0A7F11003974A4FF0D2
:20948000010BDDB20BFA07FB4FFA83F913F008032C4602EB05166FEA0B0B019340F0988092
:2094A00003950022019205F594738D4A52F82330B28971683768029306A8B847069A22B182
:2094C000079A029B934200F2DB80019F029400B93060844B1B68082B02D1834B82221A6069
:2094E000D8F80020B368079902EA0B020B44C8F800207E4AB360B9F1000F4FF0010313703F
:20950000069A73DB002F00F08580754BC3F8A027C3F8A417734B1B68082B4FEA850540F01A
:209520008A80734B1B68002B40F08580B9F1000FB4BF042328231D446E4A6F49029B6F4EB7
:20954000DFF8D081EDB2B4BF9146894605F1804509EB430905F51C35002701243760BFF350
:209560006F8FBFF34F8F2C60BFF36F8FBFF34F8F0220FFF783FD3368002BEFD01E20FFF740
:209580007DFDD8F800309A0606D40220FFF776FDD8F800309B06F8D50120FFF76FFDB9F8AA
:2095A000003003F1804303F51C331B68002BD4D009B0BDE8F08F93FAA3F4002C7FF43BAFA1
:2095C0001023464E039399464FF0FF3B254668E7434BD3F8C034D9037DD5B28971683468F1
:2095E000019F029506A80023A04770E7002F61D105EB85039B0003F1804303F51C33AD0006
:20960000C3F80026C3F80416364B1B68082B5CD0042311E005EB85039B0003F1804303F557
:209620001C33AD00C3F80027C3F804172D4B1B68082B3FF476AF28232B44DBB203F18043F2
:2096400003F51C3301221A60BFF36F8FBFF34F8F284B294A2A4913EA290938BF9146029BF3
:2096600039F8132002F1804202F51C3202E00B68002B9DD11368002BF9D009B0BDE8F08F52
:2096800002245946B4731F48FFF736F81E4B03991B688DF8174006228DF816108DF8142063
:2096A00005A89847DAF80030D8F8004023407FF4B9AE7DE70A4BC3F8A026C3F8A416094BCC
:2096C0001B68082B4FEA8505A2D1094B1B68002B3FF42CAF9CE70395EAE600BF6C11002047
:2096E00000700240300100101C7C02402528002034010010B8440100D8440100047102401A
:2097000000710240641100208C12002068110020FC1100207474024038B5214BD3F86C447F
:20972000C3F86C44BFF36F8FBFF34F8F1D4B1B68082B28D09CB1012594FAA4F3B3FA83F2AE
:209740001146D3B10F2AA2F1100005FA02F30DDDC0B224EA0304FFF7C1FD002CECD1124BF3
:209760001B787BB9BDE83840FFF74EBE05FA02F224EA020441F08000EDE720211020FFF710
:20978000ADFDD9E738BD094B1B68002BD2D1084A136803F0011123F0011311601C43C9E74C
:2097A000007002403001001025280020340100109012002010B5184B1B68082B82B002D15F
:2097C000164B00221A60164B164C93F87E200021032A217005D01B6F6BB1FFF715FE02B08B
:2097E00010BD11486FF40001FEF786FF2378002BF3D002B010BD6FF400010B48FEF77CFF36
:209800000A4B062107221B688DF80410ADF8062001A89847EAE700BF300100101C7C024089
:209820006C11002025280020641100208C120020134B1B68082B02D1124B00221A60124B8E
:20984000124993F88E200020032A087002D0D3F8803003B1704700B56FF0807183B00C486B
:20986000FEF74AFF0B4B062108221B688DF80410ADF8062001A8984703B05DF804FB00BFCE
:20988000300100101C7C02406C11002025280020641100208C12002000B5184B1B68082B82
:2098A00083B002D1164B00221A60164B164993F81E210020032A087005D0D3F8103153B171
:2098C00003B05DF804FB6FF480711048FEF714FF03B05DF804FB6FF480710C48FEF70CFF1E
:2098E0000B4B062188221B688DF80410ADF8062001A8984703B05DF804FB00BF30010010CB
:209900001C7C02406C11002025280020641100208C1200200B4B1B68082B02D10A4B0022BA
:209920001A600A4B0A4993F89E200020032A087003D0D3F8903003B1704706486FF001017F
:20994000FEF7DABE300100101C7C02406C11002025280020641100200B4B1B68082B02D1E1
:209960000A4B00221A600A4B0A4993F80E210020032A087003D0D3F8003103B17047064847
:209980006FF08001FEF7B8BE300100101C7C02406C11002025280020641100200B4B1B68E9
:2099A000082B02D10A4B00221A600A4B0A4993F8EE200020032A087003D0D3F8E03003B148
:2099C000704706486FF02001FEF796BE300100101C7C02406C1100202528002064110020FF
:2099E0000B4B1B68082B02D10A4B00221A600A4B0A4993F8FE200020032A087003D0D3F8E3
:209A0000F03003B1704706486FF04001FEF774BE300100101C7C02406C1100202528002081
:209A2000641100200B4B1B68082B02D10A4B00221A600A4B0A4993F8AE200020032A0870FB
:209A400003D0D3F8A03003B1704706486FF00201FEF752BE300100101C7C02406C110020C0
:209A600025280020641100200B4B1B68082B02D10A4B00221A600A4B0A4993F8BE200020E3
:209A8000032A087003D0D3F8B03003B1704706486FF00401FEF730BE300100101C7C024088
:209AA0006C11002025280020641100200B4B1B68082B02D10A4B00221A600A4B0A4993F804
:209AC000CE200020032A087003D0D3F8C03003B1704706486FF00801FEF70EBE3001001022
:209AE0001C7C02406C11002025280020641100200B4B1B68082B02D10A4B00221A600A4BC8
:209B00000A4993F8DE200020032A087003D0D3F8D03003B1704706486FF01001FEF7ECBD3F
:209B2000300100101C7C02406C110020252800206411002010B5184B1B68082B82B002D188
:209B4000164B00221A60164B164C93F82E200021032A217005D01B6A6BB1FFF755FC02B01E
:209B600010BD11486FF48021FEF7C6FD2378002BF3D002B010BD6FF480210B48FEF7BCFDF6
:209B80000A4B062102221B688DF80410ADF8062001A89847EAE700BF300100101C7C02400B
:209BA0006C11002025280020641100208C12002010B5184B1B68082B82B002D1164B0022E2
:209BC0001A60164B164C93F83E200021032A217005D01B6B6BB1FFF717FC02B010BD114828
:209BE0006FF40021FEF788FD2378002BF3D002B010BD6FF400210B48FEF77EFD0A4B06219C
:209C000003221B688DF80410ADF8062001A89847EAE700BF300100101C7C02406C11002068
:209C200025280020641100208C12002010B5174B1B68082B82B002D1154B00221A60154B26
:209C4000154C9A7F0021032A217005D01B696BB1FFF7DAFB02B010BD10486FF40031FEF70B
:209C60004BFD2378002BF3D002B010BD6FF400310A48FEF741FD0A4B062101221B688DF8D4
:209C80000410ADF8062001A89847EAE7300100101C7C02406C1100202528002064110020D2
:209CA0008C12002010B5184B1B68082B82B002D1164B00221A60164B164C93F84E20002129
:209CC000032A217005D01B6C6BB1FFF79DFB02B010BD11486FF48011FEF70EFD2378002B2E
:209CE000F3D002B010BD6FF480110B48FEF704FD0A4B042206211B688DF80410ADF806205C
:209D00000DEB02009847E9E7300100101C7C02406C11002025280020641100208C12002022
:209D200010B5184B1B68082B82B002D1164B00221A60164B164C93F85E200021032A217098
:209D400005D01B6D6BB1FFF75FFB02B010BD11486FF40011FEF7D0FC2378002BF3D002B0F2
:209D600010BD6FF400110B48FEF7C6FC0A4B062105221B688DF80410ADF8062001A8984786
:209D8000EAE700BF300100101C7C02406C11002025280020641100208C12002010B5174B94
:209DA0001B68082B82B002D1154B00221A60154B154C93F86E200021032A217005D01B6ED5
:209DC0006BB1FFF721FB02B010BD10486FF48001FEF792FC2378002BF3D002B010BD6FF4AC
:209DE00080010A48FEF788FC094A062312688DF80430ADF8063001A89047EBE730010010FA
:209E00001C7C02406C11002025280020641100208C1200201D490B78002B34D130B41C4CA6
:209E20001C4A206001240C701046194640251C4607E011F0080F00F1100014BF4FF4007594
:209E400040250131C9B20929A0F89C5080F89E40C0F89040C0F89840EBD14020002107E0A8
:209E600013F0080F02F1100214BF4FF4007040200133DBB2092B9081917311609160EFD1B1
:209E8000002030BC70470820704700BF262800208C1200206C1100200249034A00230B6072
:209EA000137070478C1200202628002038B5604B4FF40062C3F80024BFF36F8FBFF34F8FE0
:209EC0005C4B1B68082B62D00D2B11D10020F9F7BFFF594B1A68002A00F08780574B0322FD
:209EE0001A600020F9F7BCFF524B1B68082B52D04F4A0123C2F80035BFF36F8FBFF34F8FBC
:209F0000D2F800341B05FBD54FF40063C2F80034BFF36F8FBFF34F8F464B1B68082B48D020
:209F2000434A474D474843498024C2F81C45002340F2FF14C2F830352B6004600A68424DAF
:209F4000424C4349082A08BF424A4FF0020008BF13600023374A2B70237008701368082BEF
:209F600010D00D2B12D10020F9F772FF324B1A68002A42D0314B00221A60BDE838400020D5
:209F8000F9F76EBF344B1B68002BECD138BD324B1B68002B9AD10020F9F75AFF264B1A68D3
:209FA000002A3CD02D4BC0221A600020F9F758FF9EE70020F9F74CFF1F4B1A6842B3274BFD
:209FC00000221A600020F9F74BFF1A4B1B68082BA6D12349234B40F2E370402208601A6056
:209FE000BFF36F8FBFF34F8F9AE7144949F2753203201A6008601A6073E7104849F275314F
:20A00000196002601960BDE838400020F9F728BF124849F27531196002601960D2E70F4938
:20A0200049F27532C0201A6008601A60BDE700BF007002403001001000EC064014ED064033
:20A0400064110020681100202528002027280020262800201C7C02403401001014EC064023
:20A060000078024004780240114B00221A7028B9104B1B68082B13D00F4900E00F49104BA0
:20A08000104AC3F80413C02182F82713802151600122C3F80425BFF36F8FBFF34F8F7047AF
:20A0A000094B06491A68044B002A18BF1946E6E724280020300100100714C0010714E0017A
:20A0C0000070024000E100E034010010024B1878003818BF0120704726280020034B1878B8
:20A0E000012894BF00200120704700BF2628002010B50020F9F7ACFE144B1B7803F0FF0458
:20A1000053B1134AD2F82C355BB1124B1B680021082BC2F82C150AD00020F9F7A1FE204689
:20A1200010BD1C460020F9F79BFE204610BD0A4B1A683AB9094949F27532C0201A60086054
:20A140001A60E9E7054BC0221A60E5E724280020007002403001001000EC064014EC064066
:20A16000024B034AC3F80823704700BF0070024004148001024B034AC3F80423704700BFAC
:20A180000070024004148001014B00221A70704724280020064B10F0800FA3F1900200F063
:20A1A0000F0008BF134603EB00139889704700BFFC110020064A010600F00F034CBFD2F87D
:20A1C0001005D2F81405D84000F00100704700BF007002402DE9F0414FFA80F8B8F1000F96
:20A1E00000F00F0504464FF00000B4BF074610270E46F9F72DFE55B9324B1B78A34206D093
:20A2000010240020F9F72CFE2046BDE8F0812E4BDFF8DCC01C68DCF80030E4432F44012223
:20A22000A4B202FA07F71C433C4025D1B8F1000F29DB264A2649DFF8BC80280105EB450EE3
:20A2400042F8008001EB8E0E02EB051896E80700204D1F43802600238EE80700C8E901E383
:20A26000CCF8007088F80E300020C5F80461F9F7F7FD2046BDE8F08111240020F9F7F0FD18
:20A280002046BDE8F08132681349144802F0604205EB450EB2F1005F01EB051800EB8E0E87
:20A2A0004FEA051506D0B268D20754BF0C4A0D4A4A51CBE7B268D00754BF0B4A0B4A4A512C
:20A2C000C4E700BF27280020681100206C110020E828002000E100E0FC1100207C2800208D
:20A2E000B5910000ED910000E59000000D91000064110020AD9000002DE9F04147B2002F46
:20A3000000F00F0504464FF00000B4BF80464FF010080E46F9F79CFD55B91F4B1B78A34253
:20A3200006D010240020F9F79BFD2046BDE8F0811A4B1B491C680A68E443A8440123A4B2A3
:20A3400003FA08F314431C401FD11648DFF858E0A0F1900C10EA270738BF674607EB051CE9
:20A360002D01CCF808403068785113430B607268CCF8042080238CF80E400020CEF804312F
:20A38000F9F76EFD2046BDE8F08111240020F9F767FD2046BDE8F0812728002068110020B9
:20A3A00064110020FC11002000E100E00048704794120020044B40F48070C3F81805BFF358
:20A3C0006F8FBFF34F8F704700700240010718D4020600F00F0309D40B4A9B001A445068A5
:20A3E000A0F10100B0FA80F040097047074A03F5847352F82300A0F10100B0FA80F040090F
:20A4000070470020704700BF4074024000700240064BC3F80C05BFF34F8F40F48070C3F8BB
:20A420000C05BFF36F8FBFF34F8F7047007002400F4B002202604260D3F880240270D3F836
:20A4400084244270D3F88824D3F88C1442EA01224280D3F89024D3F8941442EA012282806C
:20A46000D3F89824D3F89C3442EA0323C380704700700240104B1B68082B07D00F4B012257
:20A480001A60BFF36F8FBFF34F8F70470C4B1B68002BF3D1EFF3108172B6084B01221A60F7
:20A4A000BFF36F8FBFF34F8F1A60BFF36F8FBFF34F8F81F310887047300100104C700240A0
:20A4C0003401001010B5164B1B68082B82B002D1144B00221A60144B14499A7B0020032A3D
:20A4E000087015D01C681CB1FFF7C4FF02B010BD6FF480310E48FEF7FFF80E4BADF80640DC
:20A5000006221B688DF8042001A8984702B010BD6FF480310648FEF7EFF802B010BD00BF64
:20A52000300100101C7C02406C11002025280020641100208C120020034B01221A60BFF306
:20A540006F8FBFF34F8F704750700240034B01221A60BFF36F8FBFF34F8F704754700240CC
:20A56000014B1878704700BF2728002070B5264B1B68082B044622D00020F9F769FC14F019
:20A58000800F224814BF0022102204F00F050368A91801228A4023EA020314F008040360F5
:20A5A00008D11B4B05F5947543F82540BFF36F8FBFF34F8FBDE870400020F9F751BC154BA7
:20A5C0001D68002DD8D12846F9F742FC14F0800F0E48114E114904F00F0414BF00221022B4
:20A5E0002244012303FA02F2036823EA0203036040F2C57303EB440434600D6028460B687E
:20A60000BDE87040F9F72CBC300100106811002000700240340100100078024004780240C4
:20A620002DE9F04F5C4C5D4EDFF87C81236896F90010D8F800205A4896F80090D0F8805428
:20A64000DB439BB2002983B043EA020324DB09F00F0A0AF11002012797403B4248D1514FAE
:20A660000DF1040805F080056FF001114E483570FEF742F8236839680022052543F00103CC
:20A6800040468DF80720ADF805208DF804502360884703B0BDE8F08F09F00F074FF0010A63
:20A6A0000AFA07FA13EA0A0FD9D00020F9F7D0FB19F0080F10D1B9F1800F5ED03B493C4A89
:20A6C00007F2DA335B000B6013681168DBB243F002030B43136013682368D8F8002062EAF2
:20A6E000030111EA0A0F24D12E4F0DF104081CE00020F9F7ADFBD8F800302E4937EA030077
:20A7000001EB0A1B4FEA0A1A33D1226841F80A0023EA070322EA0707C8F80030276003232C
:20A72000204F8BF80E300DF104080020F9F798FB98E721498DF806904FEA071C01EB0710D9
:20A7400022EA0A02174FC8F800204FF0000E41F80CE0032206210DF1040843EA0A038273A4
:20A760008DF807208DF804103A68236040469047DBE74846FFF7FAFED1E70C4B0C4A40F23D
:20A78000B471196013681168DBB243F004030B4313601368A0E700BF6811002027280020D6
:20A7A000007002408C1200206411002000780240047802406C110020FC1100202DE9F0410B
:20A7C0007C4BD3F80453002D00F0E0800024DFF804E2A44629460127774A91FAA1F3B3FA24
:20A7E00083F08600324483B3166807FA00F321EA030136B1C2F800C0BFF36F8FBFF34F8F92
:20A800001C430029E8D16D4B1B68082B29D06C4F04F4000534F4000410D0DFF8BC81012691
:20A8200094FAA4F3B3FA83F206FA02F19BB124EA010458F822309847002CF1D13B780BB999
:20A84000FEF7E2FD4DB9BDE8F081DEF80020002AC2D07246CEE79847E2E7BDE8F041FFF775
:20A86000DFBE584B564F1B68002BD1D13B78002B7ED1A00240F18380534A544BDFF848E164
:20A88000DFF848C140F2A971116019684E4A11F0FF0118BF1B6840F2AA7018BF19404B4B95
:20A8A00010601A68494812F0FF021CBF1B681A40454B40F2AB761E60036813F0FF031CBFAE
:20A8C0000068034040F2AC70CEF80000DCF8000001403F480AD0066840F2A9780E430660CB
:20A8E000CEF80080CCF80010DCF80010DFF8D8C0364E40F2AD71CCF8001031680A4009D087
:20A90000016840F2AA7E41EA02410160CCF800E0326032682C492D4A40F2AE760E601268AB
:20A9200013400ED0D90748BF44F400042649DA06264A40F2AB760E601360136848BF44F01A
:20A940000104036833F001121CBF05F080710C4313F0011F3FF45CAF6B0544BF026044F4D3
:20A96000806455E7174B1C68ECB9154F3B7833B104F4000534F400047FF44FAF62E704F456
:20A98000000534F400047FF448AF59E70B4B1B68082BE7D00A4B1B78002B7FF454AFBDE8EB
:20A9A000F041FEF731BD064B1B78002B3FF448AF49E700BF007002400071024030010010B5
:20A9C000252800203401001000780240047802409012002080710240EC44010070B50446B8
:20A9E00040B2002833DB254B254A04F00F05595D012303FA01F1C2F80413D2F81415E94092
:20AA0000C90723D4D2F81415AB400B43C2F81435BFF36F8FBFF34F8FC5B1002816DB14F06D
:20AA2000080613D13046F9F713FA2046FFF79EFD144910350B68012202FA05F523EA050377
:20AA40000B603046BDE87040F9F70ABA70BD0E4B0B4A04F00F05595D012303FA01F1C2F8A6
:20AA60000413D2F81015E940CE07EFD4D2F81015AB400B43C2F81035CAE700BFCC44010067
:20AA80000070024064110020AC440100020610B5044609D4030707D4094A00F00F039B00B5
:20AAA0001A445368012B07D0064BC3F81845BFF36F8FBFF34F8F10BDFFF758FDF4E700BF1F
:20AAC00040740240007002402DE9F04F5C4D5D4E2B6832684FEA134A4FEA0A4A5AEA020A85
:20AAE00083B01BD0584FDFF870819AFAAAF4002C00F08180B4FA84FBBBF10F0F30DDABF1DA
:20AB00001003DCB213F0080F4FF0010303FA0BFB2AEA0B0A08D0BAF1000FE6D140F2FF137E
:20AB20002B6003B0BDE8F08F07EB04190020F9F78FF933683BEA03006CD12A68C9F80000B9
:20AB400023EA0B0322EA0B0233602A60032389F80E300020F9F784F9BAF1000FC5D1DDE71E
:20AB60001BF008004CD14BF08009F9F771F9B9F1800F0BF00F0351D0344803F2DA3149005B
:20AB80000160D8F80010D8F80000C9B241F002010143C8F80010D8F80010D5F800C03068DC
:20ABA000012460EA0C0E04FA03F11EEA010F1DD0274A8DF8069020EA01004FEA031E306094
:20ABC00002EB0313224800224CEA01014FF0030C40F80E2083F80EC01E4B8DF807C00622D4
:20ABE0001B688DF8042001A82960984704FA0BFB2AEA0B0AADE7B9464FF4803B102495E7AA
:20AC0000012303FA0BFB2AEA0B0ABAF1000F7FF46CAF83E72046FFF7A9FC97E70B4940F22D
:20AC2000B4700860D8F80010D8F80000C9B241F004010143C8F80010D8F80010ADE700BFE0
:20AC400068110020641100206C11002000780240FC1100208C1200200478024008B5FFF713
:20AC600033FF0A4B0022C3F80425BFF36F8FBFF34F8F074A8021C2F88410BFF34F8FBFF385
:20AC80006F8F4FF0FF32C3F8082308BD0070024000E100E0044B8022C3F884215B681B06F3
:20ACA00000D47047FFF7DABF00E100E008B5114B8022C3F884215B681B0618D40E4B002253
:20ACC000D3F80413C3F80813C3F80025BFF36F8FBFF34F8F094B0A491B68082B04BF094B28
:20ACE0001A60094B0020012208701A7008BDFFF7B5FFE3E700E100E0007002403001001054
:20AD0000252800201C7C02402628002010B50020F9F79EF8104B1B782BB900240020F9F70D
:20AD20009FF8204610BD03F0FF04FFF7CDFE0B4AD2F8003413F40073EFD10121C2F82C15E8
:20AD4000D2F80014890544BF1C46C2F82C350020F9F786F8204610BD242800200070024028
:20AD6000F0B5044683B00020F9F772F822061ED4364E3748326804F00F0101F11005012351
:20AD8000AB400F0100EB011533EA02014CD1314CC151216822EA030221EA0303326023602B
:20ADA0000323AB730020F9F75BF803B0F0BD230704F00F020FD4802C3AD02748274902F2F1
:20ADC000DA335B0003600B680868DBB243F0020303430B600B681F4D1C4E296830680123B9
:20ADE00060EA010793401F42DCD01D4F8DF806404FEA021C20EA030007EB02123060194C8B
:20AE0000002047F80C000B430620032191738DF8071022688DF8040001A82B609047002051
:20AE2000F9F71EF803B0F0BD2046FFF79FFBB7E7094B0A4940F2B47018600B680868DBB233
:20AE400043F0040303430B600B68C4E7641100206C110020681100200078024004780240A6
:20AE6000FC1100208C1200202DE9F04146B282B004460020F8F7ECFF002E3CDB4C484D49C3
:20AE8000026804F00F0707F110050123AB4033EA020C3D464FEA071E01EB071876D1464C32
:20AEA00041F80EC0216822EA030221EA030302602360032388F80E300020F8F7D1FF3F49B0
:20AEC0000122D1F81435BA4023EA0203C1F81435BFF36F8FBFF34F8F394B3A4A374912EA6B
:20AEE000260238BF1A460123525D9340C1F8083302B0BDE8F08104F00F0C230765460FD4AA
:20AF0000802C47D03049314A0CF2DA335B000B6013681168DBB243F002030B4313601368B4
:20AF2000DFF894E02248DEF800200168012361EA020703FA0CF31F4226D0254F8DF80640F3
:20AF40004FEA0C1821EA0301224C016007EB0C1C002147F80810062003211A438CF80E10DB
:20AF60008DF807108DF804002168CEF8002001A8DC4388470020F8F773FF104AD2F81035BC
:20AF80002340C2F81035A3E7DC43F3E72046FFF7EDFA8EE70C4B0D4A40F2B471196013681B
:20AFA0001168DBB243F004030B4313601368B7E7641100206C1100206811002000700240FA
:20AFC000CC440100AC4401000078024004780240FC1100208C12002010B5074C236882B037
:20AFE0003BB1064B1B6898470023236023680193019B02B010BD00BF00010140D4120020CB
:20B0000070B5114B114A1D781160DDB9104E027801211970C6F80C25416804464FF47A7224
:20B020000023C803490C08F07DFCC6F80405237A084A5B01DBB282F810334FF48033136097
:20B04000284670BD082070BD29280020D41200200000014000E100E0044B054901220220A5
:20B06000C3F804231A600870704700BF000001402928002010B504460020F8F7E9FE0E4A77
:20B080001378072B11D80D492370581C1070D1F80805012202FA03F30343C1F808350024E2
:20B0A0000020F8F7DDFE204610BD04240020F8F7D7FE204610BD00BF2828002000000140C4
:20B0C000034B044A00F5C07043F82020704700BF000001403546526E2DE9F0410E4A0F4B49
:20B0E00016781F88F419802C03DD00242046BDE8F081DFF8308032464146054608F09CFD80
:20B10000074B1B7833443A46A81958FA83F108F093FD2046BDE8F0812A2800200828002006
:20B120000A280020D812002070B4134B134D144A2C781B781288234452FA83F39BB21A18FA
:20B14000802A15DC013B1BB2002B0CDB0D4A591C1E1811443244013B11F8016D02F8016955
:20B160001BB25E1CF7D120442870012070BC7047002070BC704700BF0A2800202A2800203A
:20B1800008280020D8120020084A138883420BDB10B407490C8880B21B1A2044088013802F
:20B1A00001205DF8044B704700207047082800200A280020014B1880704700BF08280020F0
:20B1C000044A054B12781B780448134450FA83F0704700BF0A2800202A280020D812002010
:20B1E00000487047D8120020014B1888704700BF082800200549064A064B127808781B88F8
:20B20000104453FA80F080B2704700BF2A2800200A2800200828002010B50A4B0A4C0B499D
:20B22000002220461A605A609A60DA601A615A61FCF700F904F108000449BDE81040FCF7CA
:20B24000F9B800BF6429002054290020EC43010004480549054A002303800B801370FFF771
:20B26000DBBF00BF0A280020082800202A28002070B5802982B00B4A0B4D0C4E01900C4677
:20B280004FF0000328BF8024137033802B80FFF7C3FF01990648224608F0CEFC20462C8024
:20B2A00002B070BD2A280020082800200A280020D8120020F0B40C4B0C4A1C685D689F68F0
:20B2C000DE68C6600460456087601C695D694561046154689068D36812680A604C60886055
:20B2E000F0BCCB60704700BF642900205429002070B40C4B026844688568C668DE601A6053
:20B300005C609D60026944695C611A61064B0C6848688A68C968D9601C6058609A6070BCF9
:20B32000704700BF6429002054290020014B23F81010704764290020014B33F81000704724
:20B3400064290020024B0C3803EBC000FCF772B854290020024B0C3803EBC000704700BF92
:20B360005429002001490248FCF76AB8EC4301005C29002008B5FBF79FFEBDE80840FBF787
:20B380001FBF00BF08B5F8F76BFE05F0E5FB02F0BBFF07F035FB02F0B7FF07F09BFA4FF0E0
:20B3A0008052064BD2F8A800D2F8A4205A604CF6F4613622D87019809A7008BD7028002059
:20B3C0000148002100F0C4B82802002010B5FBF77BFE0446BFF35F8F00F036F900B930BF6C
:20B3E000BFF35F8F2046BDE81040FBF771BE00BF0AB90020704708B508461146FBF79AF9F1
:20B40000002008BD0FB400B583B004AA054852F8041B019204F0E0FB03B05DF804EB04B02B
:20B42000704700BF5C010020F8B5254D2A688242044642D0002A33D0134601E0002B2FD0B7
:20B440001B689C42FAD15BB31E4EA37B376853B1A36843B18C4206D000223460832104F193
:20B460000C0098472A68A2421BD02AB11368A3421DD01A46002AF9D1A37B83B12D680023FA
:20B48000A37365B1AB7B13F0010F284622464FF0870101D000F018F82D68002DF2D13760BD
:20B4A000F8BD23682B60A37B002BE7D1F7E723681360A37B002BE1D1F1E71346C3E700BF4F
:20B4C0007C290020802900208368BBB170B504460B4E0220A073346004F10C000D469847C3
:20B4E0000238012804D9832D02D00123A37370BD21462046BDE87040FFF796BF704700BF40
:20B500008029002038B50B4A0B4B146800221A707CB1012501E024685CB1E37B002BFAD082
:20B52000E581204600228221FFF7CEFF2468002CF3D138BD7C2900202E280020034B18782D
:20B54000FF281ABF421C1A70802070472C28002070B50E4D2C68844207D00A4634B12346E9
:20B5600000E01BB11B689842FBD170BD0028FCD0074E0460012100233468817383818121A1
:20B580002860FFF7A1FF346070BD00BF7C29002080290020014B8B221A7070472C280020D1
:20B5A0002DE9F041234D2B78FBB9234E3378BBB12248234C027802EB420704EB87010132C2
:20B5C00002F01F02013B0270486854F827800F7ADBB2337060B1812F1FD0827BD2071ED4D6
:20B5E00028781844C0B2BDE8F081FFF78BFFDCE7144A14685CB9F3E7A37B13F0010F204624
:20B600004246394601D0FFF75FFF24685CB12B78002BF1D0FFF776FFEEE7012383734246F4
:20B620003946FFF751FF337828781844C0B2BDE8F08100BF2E2800202D2800202B280020F9
:20B64000581300207C290020034A044B10781B781844C0B2704700BF2E2800202D280020B4
:20B6600070B40D4D2C78202C12D00C4B0C4E1B78234403F01F0303EB430301342C7006EBC4
:20B68000830446F8232060602172002070BC7047012070BC704700BF2D2800202B280020A1
:20B6A0005813002038B5837B034CDB07256801D5FFF70AFF256038BD8029002018B1837B77
:20B6C000013B012B00D97047024A01231370C373704700BF2E280020FBF71EB810B5044686
:20B6E00008F0DAFA01462046FBF724F8BDE810400A20FBF711B800BF08B50448FCF702F834
:20B70000BDE808400248FBF7FDBF00BF70010020640100200148FCF74DB800BF64010020EA
:20B7200038B50E48FCF700F8044678B10C48FBF7FBFF0546206058B1FFF7CEFC05F19A0103
:20B74000A5F8800005F18200FFF7B4FD204638BD214602482C46FCF703F8F7E764010020DE
:20B7600070010020006800F19A018230FFF7A2BD10B5014604460748FCF70EF800B910BD19
:20B7800021680548FBF7ECFF21460248BDE81040FBF7E6BF640100207001002010B5014697
:20B7A00004460948FBF7F8FF00B910BD2468B4F880102046FFF75CFD04F19A0104F18200FB
:20B7C000BDE81040FFF794BD64010020054B064A18685968126882B06B4603C3DDE90001DD
:20B7E00002B0104770280020A447010010B4817942790479521A224208D003464A1C0068E7
:20B800002240405C9A715DF8044B70474FF0FF30F9E700BF38B505460C4605F06BFB8DB194
:20B820000F4B2868696803C3ACB121460D4B51F8080F496803C3BDE83840094801220021E2
:20B8400005F020BC0346064D59689A680068DB680FC5002CE9D10449014805F055FDEAE7A5
:20B86000581A0020601A0020742C002010B5044C237803B110BDFFF7CDFF0123237010BD65
:20B880002F28002010B51D4C217882B031B31C4B002403F1540193F820201AB193F821201E
:20B8A000012A15D01C338B42F5D1204605F07CFB04B9F8B102F0B0F9402302462146002091
:20B8C000009300F081FB00F029FA002002B010BD1A7CFE2A08D003F11004E3E70846FFF70B
:20B8E00099FF01232370D2E75A7C802ADAD003F11004D7E74FF0FF30E8E700BF2F280020DD
:20B90000FC2A0020054B187B30B1B3F84E00DB8AC01AB0FA80F04009704700BF842900203F
:20B920002DE9F0471A4CDFF86C809DF82490164607460D4620464FF4B07200219A4608F088
:20B94000A3F9B8F82030B34205D108994A46504602F0B2F910B90020BDE8F08701264FF0B1
:20B96000FF33F0214FF2F0026773E1732673E364A4F85030A4F85820C4F80880286869686E
:20B98000AA68EB681C340FC43046BDE8F08700BF84290020AC010020437D012B01D900204E
:20B9A0007047F0B590F8512090F8503083B0CDE900320446028A00F13C032146007EFFF72E
:20B9C000AFFF48B3164B226A607D617FE58B5A610022666D1976618B5D83257F83F85C20FE
:20B9E000A77D83F854709873207D83F85300E07D1982996883F855201E609D7483F8520029
:20BA00000B689847074801F079FE01F0B3FF01F0EBFF012003B0F0BD002003B0F0BD00BFDF
:20BA2000842900205045010008B5FFF76BFF084B08B983F85C009B681B68984701F076FCD3
:20BA4000044801F05BFEBDE8084002F027B800BF84290020584501000A4B93F9521093F89A
:20BA60005220002902F10102B4BFD2B202F07F02197B83F85220F022DA7301B97047FFF784
:20BA8000D3BF00BF842900202DE9F0414C4D05F16400B5F84E40FAF70FFE95F85C30032BCE
:20BAA0005BD0FFF72FFF804620B1AB68BDE8F041DB6918476F6C434E01F060FC01F012FC5C
:20BAC000686C01F08DFB03463068A5F84E30FBF74DFF0446002836D1002F55D0B5F84E30E7
:20BAE000B5F84C209A4201D9A5F84C30B5F850304FF6FF7293420AD0B5F84E10914206D018
:20BB0000CB1A002BB8BF5B42B3F5007F3FDC95F85B30002BC9D06B6C002B3ED0002F46D08E
:20BB200001F022FE002385F85B30AB68BDE8F041DB69184723681BB321463068FBF7E2FE13
:20BB400004460028C8D0204601F04AFBB5F84E308342EFD8C4F80080EEE7002001F0C2FBA9
:20BB60004FF6FF739C42A5F84E309ED0164801F0C5FD01F039FFAB68BDE8F041DB691847E1
:20BB8000F8F760FC2060D7E7B5F84E30ACE70F48A5F8501001F0B2FDB9E70B4885F85C306E
:20BBA00001F0ACFD01F03CFD01F01EFFBAE70123074885F85C3001F0A1FD01F001FFAFE780
:20BBC00084290020D001002068450100784501009045010030B4084D2B7B53B1044630B157
:20BBE0001C350FCD20606160A260E360012030BC7047184630BC70478429002010B5FFF745
:20BC000081FE134C78B994F9582094F85830002A03F10103B4BFDBB203F07F03002084F8C9
:20BC2000583001F02DF9FBF7D3FB01F07FFB06F017F801F011FF94F841305B0602D40023DD
:20BC4000237310BD034802F021F80023237310BD84290020B0290020024B032283F85C2076
:20BC600001F01CBF8429002008B50F4B1A7B8AB19A6C511C0ED082420DD9101AB0F5967F65
:20BC8000986407D2586C28B101F0B6FABDE8084000F092BF08BD00210322996483F85C2064
:20BCA000BDE8084001F0FABE8429002010B5084C237B5BB194F840200146D20804F11C0040
:20BCC00007F0ACFFB0FA80F0400910BD184610BD8429002008B5FFF715FE18B1BDE808401E
:20BCE000FFF7BABE08BD00BF024B1B7B03B97047FFF79ABE84290020074B9A7B187B1AB914
:20BD0000003818BF0120704728B193F85C00012894BF00200120704784290020024B1B7B58
:20BD200003B97047FFF7B0BE842900202DE9F041614D2A7B06460C462AB16A7B237E9A42EA
:20BD400009D0BDE8F081FFF7DDFD98B12B7B002BF3D1BDE8F08159481022214607F05EFFA2
:20BD60000028EED1628AEB8A9A4209D2BDE8F041FFF78ABE2046FFF70FFE0028E6D1E0E7A1
:20BD8000E17D95F8520001F029FF628A002840D14FF6FF739A4204D095F85730013385F8FC
:20BDA000573095F85210E07D01F018FF48B1B5F84E20EB8A9A4257D0FFF7A4FD0746002810
:20BDC0006BD022460121304600F0DAFEE8B1304601F0C6FA0746002843D090F80680304694
:20BDE00001F0BEFA002849D0638A8380637E8371AB6CABB96B8BAA7BC3EB03135B01AB64CF
:20BE00001AB117B16B6C9F4217D02B7B002B98D0ACE7EB8A9A42F8D1294801F06FFCF4E762
:20BE2000002FF2D06B6C9F42EFD16B8BAA7BC3EB03135B01AB64002AE7D0607E414601F018
:20BE4000CDFE0028E1D095F90F20EB7B002A03F10103B4BFDBB203F07F03EB7301F084FCB5
:20BE6000D3E74FF0F008BAE7E37D85F85230FFF749FD0028A5D0FFF7EFFDA2E7304604F023
:20BE80005BFF0028C1D00F4B0146012218682346FBF7FAFD0028A7D1B7E701F0DDFD384672
:20BEA00001F020FA2046FFF777FD2B7B002B88D0FFF7BAFD85E700BF84290020A0290020F0
:20BEC0009C450100D001002011B1084801F016BC10B50A460321044600F052FE20B12046C0
:20BEE000BDE8104000F084BE10BD00BFB845010038B591F823300C460546BBB1FF2B1BBFBB
:20BF00000D4A508B4FF0FF3343430A460020294605F00AFE18B194F92530002B00DB38BD76
:20BF2000218C2846BDE8384001F040BC0A461846294605F0DFFDEEE78429002070B5154DC5
:20BF40000E4695F85910044601F048FE08B185F8594095F85830A34200D070BD95F85C3037
:20BF6000012B76B207D001F045FC002EF5DA032385F85C3070BD002E02DA01F03BFCF6E7FC
:20BF80000223054885F85C3001F0B8FBBDE8704001F030BC84290020C845010070B50E46FC
:20BFA0001C4605463AB924B11DB1064BAE801B7B23B9012070BD01F0BBFBF4E7FFF764FD26
:20BFC000012070BD842900202DE9F047284C82B094F80CC09DF828A00546174699460E46C3
:20BFE000BCF1000F0AD0102204F11C0007F016FE80B34FF0F008FFF701FE01E04FF0F008E6
:20C000003B463146CDE9009A28460122FFF788FC184F194884F852800023012140F60842F2
:20C020001E263C25A173228280214FF0FF32A37484F85330A4F854300223676126766583EB
:20C04000A4F84E10A26484F85C3002B0BDE8F04701F054BB94F9523094F85280002B08F1B9
:20C060000108B4BF5FFA88F808F07F08C3E700BF8429002000048000D445010002484FF48B
:20C08000B072002107F000BE84290020144A907918B992F82A10632901D00120704792F820
:20C0A0002910C1B992F82B30042B15D10D4B187B88B110B45C7B92F82D00A0420ED1B3F8F1
:20C0C0004E1082F82D000B0A43EA0123D38501205DF8044B70477047084670470846F7E739
:20C0E0007C2C00208429002070B5174A0546118816482B2206F000FB04461548FFF7D6FD35
:20C1000008B9002070BD1349002005F0B3FC10490646002005F0AEFC14B1A278032A06D0AB
:20C120000028EED0002EECD04369B342E9D1084C0FCC002148F2FE002880AA60EB60698066
:20C14000A980E980012070BD6C2C00207C2C0020942C0020A02900202DE9F04F794B7A4FD4
:20C1600019888FB038462B2206F0C6FA18B18378032B044603D000200FB0BDE8F08FC07814
:20C180000490002800F0CF806378217962790133DB00DBB201F00F05A3EB12130E09083BA6
:20C1A0000595C5F11005C6F110015B1B93FBF1F30133DBB29842069601918C4607934FEAFC
:20C1C0001216D8D8614B0FCB0DF1280989E80F006278E3780132D200D2B2961B083E761B0C
:20C1E00096FBFCF60136F0B2C51AEDB2A842029040F2A480069E0994B446059EE01B012B8E
:20C2000008BFB446011BB646019E624601F110039B1A06FB05414FF0000A01F1080803931C
:20C22000CCF1100200F11003564654460893C24609EB0C0B9046039B03EB0A00B0F5A06F27
:20C2400099D842465146584607F0F6FC484604F0ABFE00286BD0731CDEB214B9012E8AD8BC
:20C2600001249DF82800FF2885D0BDF82800BDF82AC040EA0C0080B2E8B9BDF82EE0BDF863
:20C280002C00BDF830C040EA0E00BDF832E040EA0C00BDF834C040EA0E0040EA0C00BDF8CC
:20C2A00036C080B250EA0C033FF465AF18B9BCF5807F3FF460AF019B01359A44029BEDB217
:20C2C000AB42B8D8099C049A079B01999B1ADBB201FB03F8DDE90510089B08F10808012A77
:20C2E00018BF014643445B1AB3F5A06F05913FF642AF164B059E0FCBA04489E80F00C6F1B8
:20C30000100506F1180041462A46384407F094FC2A46404609EB060107F08EFCE378013BF6
:20C32000E370012028E701200FB0BDE8F08F484604F0FAFE00288ED1044692E7E31B103371
:20C340000893C0E76C2C00207C2C0020942C0020002919DBCB0717D44378ABB92DE9F041FB
:20C36000425A40F263439A4200EB010409D11A4D2B7B33B16A7BE3789A4202D1A3789A0608
:20C3800004D50020BDE8F08100207047A2881349170A0C20DE09D1F8008047EA0227FEF765
:20C3A000D9FF01464046FBF70FFBB5F84E10A578BFB2B94294BF002101218E42C5F3801397
:20C3C0001CBF45F04005A57086EA01023946BDE8F041FFF7E3BD00BF84290020D001002018
:20C3E0002DE9F0432B4E2C4F318883B038460DF10702012306F026F9002842D09DF8073050
:20C40000062B3ED0044607F10609B84614E013B9A378632B16D03188E31BC91A204689B204
:20C4200000230DF1070206F00DF9044648B39DF80730062B814624D0112B22D03A2B20D056
:20C440002B2BE4D1237889F8003065780135ED00684206F0C3F8C0B13188283989B24046DE
:20C4600006F0E6F83288E31B9A420EDDD21A6119204607F0EFFB99F800308DF80730062B0E
:20C48000DAD1012003B0BDE8F083002003B0BDE8F08300BF6C2C00207C2C00202DE9F04F86
:20C4A000A34E337B89B063B3A24C228B48F2FE039A4226D0237EFF2B23D0FFF723FA0546CA
:20C4C00088B904F1080004F06FFD28B19A4BE27993F806319A4219D0FFF7D8FD054628469A
:20C4E00009B0BDE8F08F04F11809FFF779FF4846FFF7DCFB28B14946002005F0BBFA804688
:20C5000088BB0125284609B0BDE8F08F8B4F3A88B2F59F6FF6D8283A04F1280104F13000A3
:20C5200007F098FBB6F84E20A179767B84F82950130A43EA022340F26342E385628584F844
:20C540002C5084F82810A571082084F82D6006F045F83988283989B2204606F069F8FFF721
:20C5600095FD0546CEE706F11C01002005F082FA0190002848D04946002005F095FA002858
:20C5800042D0D8F81410002900F0C480019B8B4200F0C7806A4BCDF80C809B6902934FF0BA
:20C5A000000B0F270DF1100A8846029B414650469847DFF898C139466046D646524600238F
:20C5C00012F8015B10F8016FAE4202D10133102BF6D19F420CDAD8F814800BF10103DBB2CC
:20C5E000B8F1000F15D0019A424512D09B46DCE700271EF8013B1CF8012F9A4206D101374E
:20C60000102FF6D13946E6E700257BE73946FFB2E1E7C1F11006C7F1180A16FB0BAA5FFA88
:20C620008AFB1AF0070A1FBFCAF1080A5FFA8AFAD3445FFA8BFBDDF80C801D465B463F4AEE
:20C6400002931288D118B1F5A06FDDDC3D490888283021185844283A2044039107F0FAFACC
:20C6600003995A460846002107F00EFBA279029B84F828202B22A271B3F1080248BF03F18A
:20C68000FF32D210304B2E4984F82920ABEB0A024FEA0A1A84F82B5084F82DA0D5180DF1A6
:20C6A000100A8B69029307EB07120320574484F82A0084F82C204446DDF80480CDF804B044
:20C6C000D346BA461F466269904521465846A5EB060508D0B84732465146284607F0ACFAAB
:20C6E0006469002CEFD1DA46029BDDF804B02146504698479AE80F0089E80F00584605F0BB
:20C700006DFF0E4B0B481988283989B205F090FF0125F7E608230D468A469B460F270126B1
:20C720008DE7082300259B46AA460F27012686E7842900207C2C0020FC2A00206C2C002007
:20C74000F845010012280020A42C0020932C002008B50C4A137B43B10B4B0C491B88527BC2
:20C760002C3358185B5C9A4203D0BDE8084005F01BBFC1788078FFF7E1FBBDE8084005F0E3
:20C7800013BF00BF84290020122800207C2C00202DE9F0418EB02622002104A807F074FA1A
:20C7A000434B444C1F88444B217B07F12C02D618D25C8DF8322011B1617B914204D005F036
:20C7C000F3FE0EB0BDE8F0813C4A083315880FCB2C3DED1BADB20027E846032D88E80F0088
:20C7E000CDE90477CDE90677E9D97378217EF2788DF835305B068DF83310ADF8302046D4FD
:20C800000424AC424FDA002720E0621CAA42D6DA3219507802300444AC42D0DC052B21D14F
:20C820000328CCDD7318DA788DF834200732D210131D8342C3D10431314408A8CDE908773B
:20C84000CDE90A7707F0F8F9AC422CDA335D2146002BDAD10134A542F6DA05F0A5FE0EB0B6
:20C86000BDE8F081062BEFD10528A8DD731813285B798DF83330E7DD0631731870589A682D
:20C880005968DB680DF1100CACE80F00DCE7132D95D904F11C001022311D07F0BFF90028FE
:20C8A0008DD11424ADE704A94046FFF721FB86E712280020842900207C2C00206C2C0020F5
:20C8C0002DE9F0439DB05C22002105A807F0DCF99B4B9C4F9C4A1D889C4B0C9307F10803C5
:20C8E00014880FCB2C3C641BA4B201AE86E80F004FF0010C964BADF824C040F60842172CE0
:20C90000ADF82E200D9304D805F04EFE1DB0BDE8F08305F12C03DD19AE4695F8038095F8D6
:20C9200002905EF8080F95F804C0DB5DDEF80410DEF808208DF82C3048EA0927DEF80C3032
:20C94000ADF826702CF07F0ECCF3C2078DF828E08DF8297095F8018095F805E08DF82B8010
:20C960000CF0070C05AF182C8DF82AC08DF82DE00FC700F0E08018216B5C002BC4D04A1C64
:20C98000A242C1DA6A18507802304718A742BBDC023B062BB8D80FF2080C5CF823F000BF84
:20C9A000C7CA00006DCA000011CA000009C9000009C9000009C90000BDC900002028A3D11C
:20C9C00093788DF86430802B9ED892F809C0D37892F80880D07A8DF8653010316B184FEA01
:20C9E0000C4C92F80AE09A684CEA086C4CEA000C68585968DB684CEA0E2C0DF1500ECDF828
:20CA000060C0AEE80F00A74280F295803946B3E710287FF479AF294492F807C08B7A91F8A9
:20CA2000069091F8088091F80EE0D17A507A41EA0321D37BADF824104CEA092C40EA082090
:20CA40005179ADF834C0ADF8360092F803C01079527B8DF82EC043EA0E23ADF832308DF898
:20CA60002F008DF830108DF83120CCE707287FF74BAF05EB010C53799CF804E092F802C00D
:20CA800092F807808DF84CC01B0443EA0E6392F806E0D2788DF84D200CF1070243EA08034D
:20CAA000D21043EA0E2302F1070E86451293BFF62BAFBCF1800F3FF627AF083129440EA88C
:20CAC00007F0BAF89FE705287FF71EAF137992F803E092F802C08DF868C0D90941EA4E0169
:20CAE0008DF86910C3F3011E51798DF86AE003F00F038DF86B308DF86C10BCF1000F82D096
:20CB0000BCF1070F0DD0BCF1020F7FF4FDAE07287FF7FAAE9179D3798DF86E108DF86F30CF
:20CB200071E707287FF7F0AE9179D37943EA0123ADF86E3067E705A93046FFF7F7F8E3E650
:20CB4000122800207C2C00206C2C0020001E3C000004800008B5084B1B7B4BB10748017EAD
:20CB6000A1F1FF01B1FA81F108304909FFF7ACF9BDE8084005F018BD842900207C2C002095
:20CB8000F0B583B00E461746054604F0AFF8044610B1204603B0F0BD0C20FEF7DBFB2246F6
:20CBA0000146CDE900672846012304F03DF80446204603B0F0BD00BF70B50446FFF7AEF87C
:20CBC000084B094D198809482C314B1900225A70944218BF20464A550223BDE870409B2125
:20CBE00004F084BD122800207C2C0020E42A00202DE9F04F8BB00646FFF790F800F082FFE5
:20CC000010B1002E00F02C81974B984A1B88984D2C339C18697B995495F85230637000F086
:20CC200071FF002867D0FF23194695F85320914F95F854C0A170002AE3700FCF95F80E809C
:20CC4000A0600CF0070C14BF6FF07F0E4FF0000E4CEAC8074EEA070700202771EF7BE1600B
:20CC6000226163616771A071E07100F04BFF002846D12B78002B43D06978A878A376CA01F4
:20CC800042EA0012E87849080243E17602200621072B22772076617600F0DB80022B40F0E0
:20CCA000DF80A879EA7963772021A077E27727234FF0290809932823CDE907384FF02B09FD
:20CCC0002A23CDE905394FF02F0A2E23CDE9033A2D222C23CDE9013222238B464FF0260C49
:20CCE0004FF030084FF0250E4FF024094FF0230A0093212726E0B5F84E30190ADBB294E73C
:20CD00001F23099321222023CDE90732232022232727CDE905302623CDE903374FF0250E54
:20CD20002423CDE9013E18211A238B464FF01E0C4FF028084FF01D0E4FF01C094FF01B0A66
:20CD400000931927042060540098AA8AEB8A0E21E1554FF000072754297C099F04F80A105E
:20CD6000687CA97C04F809004FEA122A04F80E1004F80CA0E255079AA968059F95F840C054
:20CD8000180AA054089A287EA3540A8C6B8B4FEA122E04F807E0069FE255019A4FF0000799
:20CDA000A754029AA054039A190AA154049AA354BCF1000F0FD100F0A5FE18B92E4B002EF7
:20CDC00008BF1E464346304601229B210BB0BDE8F04F04F08BBCD5F83CE095F841A0DFF842
:20CDE0009C90082504F8085004EB0B05B9E80F0085F812C04FF01E0C85F811C04FEA1E6C0E
:20CE000085F814C085F818C0CEF3074C85F815C085F819C00BF12009CEF3072C5FFA8EFEB2
:20CE200085F816C085F81AC085F813A085F817E085F81BE00BF11C0C04EB0905002744F8A8
:20CE40000C700BF1300844F809006960AA60EB60B1E7EB8860771A0A2021E377A27726E7F8
:20CE60000BB0BDE8F08F00BF122800207C2C002084290020A0290020E42A0020B029002015
:20CE80002DE9F041074600F0C7FE304C8046606C00F0B2F90646FEF741FF237B002B52D034
:20CEA000636C002B4FD0B8F1000F4CD0002E4AD0A37B002B47D0264B264A1B88617B94F8F1
:20CEC00058C02C339D18002F99540CBF002380236B7005200023122180221C3428716971BE
:20CEE00085F803C0EA71AB70AB7103CCD8F800C0D8F80420D8F808E0D8F80C80C5F808C074
:20CF0000EA604FF0060C14226A76C5F81E00C5F82210C5F81480C5F810E0AB76EB762B7774
:20CF20006F7785F818C056F8083FA4F108007468C5F826300222C5F82A402E23BDE8F04123
:20CF40009B2104F0D3BBBDE8F08100BF84290020122800207C2C0020F0B583B00E46154648
:20CF60000190FEF7DBFE0A4B0A4A1B880A490198497B2C339C1899540027042303229B2127
:20CF8000A670E570677003B0BDE8F04004F0AEBB122800207C2C00208429002008B507486F
:20CFA00004F0F6FA064804F0F3FA064804F0F0FABDE80840044804F0EBBA00BFA0010020E0
:20CFC00094010020880100207C010020704700BF014B00221A7070478429002008B500F0B7
:20CFE00017F908B1808808BD4FF6FF7008BD00BFB0B138B50446858800F00AF968B18388A7
:20D000004FF6FE722B44934207D8204600F000F948B18088284480B238BD4FF6FF7038BDAC
:20D020004FF6FF7070474FF6FF70F3E770B50646FFF7DEFF0B4B0446586CFFF7D9FF3368E6
:20D0400004F1BF05044623B9A542B4BF0020012070BDF7F7F7F93368C01AB0F5963FF3D990
:20D06000002070BD8429002088B138B5094B0446DD8AFFF7BDFFA2884FF6FF7153198B42A1
:20D0800028BF0B46984238BF184680B238BD4FF6FF7070478429002008B500F0B9F828B193
:20D0A0008088B0F5007F8CBF0020012008BD00BF10B50446FFF79CFF034620461C4600F093
:20D0C000A7F840B18388B3F5007F05D8B4F5004F8CBF0020012010BD002010BD70B50E46FA
:20D0E000F0B10446FFF7E4FF0546AEB13046FFF7DFFF88B1DDB1164D6B6CA34220D09E42C2
:20D1000017D02046FFF774FF05463046FFF770FF85420CD2204670BD002DFBD1002070BDB5
:20D120000029FBD00846FFF7C3FF0028F6D0304670BD2046FFF77AFF0028E2D03046F7E761
:20D140003046FFF773FF0028E4D16B6CD7E700BF8429002010B500F03BF828B1044B9B68E0
:20D16000BDE810405B6918474FF6FF7010BD00BF8429002070B5044608460D46FFF7EAFF9B
:20D1800006462046FFF7E6FF86428CBF2846204670BD00BF08B50C4BD3F82821824204BF80
:20D1A0000022C3F82821D3F80421824204BF0022C3F80421054B01461868FAF7D3FCBDE854
:20D1C000084000F06BBC00BF84290020D0010020024B01461868FAF7F7BB00BFD00100200C
:20D1E00020B1044B9B685B6903B118474FF6FF70704700BF8429002008B5044B014618686B
:20D20000FAF714FDBDE8084003F090BDD001002008B5044B01461868FAF708FDBDE8084038
:20D22000FAF708B8D00100202DE9F041274C237B82B000274BB3264D80462868FAF796FB52
:20D24000014610B34FF6FF76A3685B690846B3B101919847B0420199034610D0E28A824233
:20D260000DD8B4F814C00846BCF1000F11D0B4F84C206244B24228BF3246934209DD286802
:20D28000FAF740FB01460028DED1384602B0BDE8F081A3680191DB68984701990028EED0BF
:20D2A000B8F1000F07D1A368019138469B69984701990746E3E708460191FFF7A9FFF9F7C1
:20D2C000BFFF01990028EED1D9E700BF84290020D001002008B5FFF79BFFBDE80840F9F7A8
:20D2E000AFBF00BF70B50F4D696C814219D00E4E04463068FAF77EFC21463068FAF760FC0A
:20D30000686CFFF779FF03F057FD03F037FD2046FFF772FF002103F065FD01236C6485F8A9
:20D320005B3070BD84290020D001002038B50B4D0020FFF7D7FF2868FAF718FB50B1044667
:20D340002046FFF727FF21462868FAF7DBFA04460028F5D1BDE83840FEF7E0BCD0010020B7
:20D3600008B503F0C3FC03F0BBFC034B01461868BDE80840FAF728BBD001002038B5FEF7EB
:20D38000C1FAF8B90546FFF74FFF0446D0B1FFF73FFFF9F755FF68B90E4DD5F82831A3B159
:20D3A0006B6CA34209D00120FFF73EFF38B10446204638BD074BC3F82851204638BD6B6C3E
:20D3C000002BFAD10024204638BDC5F8284100F0D9FAE5E784290020024B03491868FAF74C
:20D3E0006FBA00BFD001002095D1000030B5144D144995F85520144B80249440A1FB0424AE
:20D40000A20983B02A665B689847104A2B6E12680092E40981B20E4804FB01F1A0FB0121D9
:20D4200004EBD1315A1A2A6601240A4AA5F8564005F1A4000023F9F7F7F803B030BD00BF50
:20D4400084290020D34D6210A4470100802900200180008055D5000000B50D4B83B05B688A
:20D4600098470C4B0C491B68009380B2A1FB0031490A01EB8101A0EBC11081B2074A08481B
:20D4800001F5A0710023F9F7CFF803B05DF804FBA447010080290020CDCCCCCCF5D40000F5
:20D4A000682A002008B5054BD3F80401FFF7A4FE18B1BDE80840FFF79BBB08BD84290020B1
:20D4C00010B50B4C012384F85A30FFF7C5FF94F9582094F85830207E0133002AB4BFDBB237
:20D4E00003F07F0384F85830BDE81040FFF7C8BC8429002010B50B4C94F85A30207E013373
:20D5000084F85A30FFF7BCFC94F85A30042B03D8BDE81040FFF7A0BFBDE810400248FEF7B9
:20D52000E3BB00BF84290020E04501000348002290F85C1100F59670FFF70EBD84290020B0
:20D54000024B1B7B03B97047FEF758BB84290020FEF7E4BB10B582B0FEF7CEFB68B3184CD8
:20D5600094F8563073B9637C217C94F855200B449A42BCBF013284F8552002B0BDE810407F
:20D58000FFF734BFFEF7BEF928B9A37C1BB194F857209A4206D2B4F84E30A4F8503000200D
:20D5A000FFF726FB074B216E1B680093064A0748002384F85630F9F737F802B010BD00BF3C
:20D5C000842900208029002055D50000282A002000B50E4B83B05B6898470D4B0D491B6805
:20D5E0000093C0F30723A1FB033180B24FF4345303FB110189B2084A084801F5B4510023E4
:20D60000F9F712F803B05DF804FB00BFA4470100802900200B5BB00545D900008C2A002086
:20D6200000B50F4883B0F9F761F8B0B10D4B5B6898470D4B0D491B68009380B2A1FB003144
:20D64000C90AC1EB0111A0EB012081B2084A044801F5F0610023F8F7E7FF03B05DF804FB76
:20D66000E81A0020A4470100802900208988888875D6000008B5FEF745F950B9094B1A7B85
:20D6800042B15A6C32B1B3F84E204FF6FF739A4200D008BD0020FFF78FFABDE80840FFF72B
:20D6A000BFBF00BF8429002010B5124C237B43B9FFF7B6FFFEF732FBBDE810400E48F8F79C
:20D6C000D9BF3C20FEF7D0FA3C2004F08FFA237B002BEDD0636C002BEAD0B4F84E204FF625
:20D6E000FF739A42E4D0FEF719FBBDE810400248F8F7C0BF84290020081B002010B5FEF7A8
:20D70000FBFA48B1094C94F8553013B1627C9A4202D200F0F7F900B110BD637C84F8570053
:20D7200084F85530BDE81040FFF760BE8429002030B50A4D2B7B83B00BB903B030BD084B46
:20D74000084A1B68009300230446194605F1C400C5F80441F8F768FF03B030BD8429002016
:20D7600080290020A5D4000010B50C4C237B82B08BB1A37B7BB10A4B5B689847094B0A4A55
:20D780001B680093C0F3080000F58071002304F1E400F8F749FF02B010BD00BF8429002094
:20D7A000A447010080290020C1D4000070B50E4C227B82B00AB902B070BD03460D469A6891
:20D7C00059680068DB68A4F85C5104F596740FC4064E074A33680093002320461946F8F714
:20D7E00023FF02B070BD00BF84290020802900202DD50000144B1A7B02B97047197EFF29AC
:20D80000FBD010B55C8B114B82B001FB04F15B68CC0198470E4B80B2A3FB00231B0BC3EB83
:20D820000313A0EB432080B200F5F050094B0A4A1B680093844288BF241A2146074800239B
:20D84000F8F7F2FE02B010BD84290020A44701008988888880290020C1D40000682A002080
:20D860002DE9F041344CF6F7EDFD237B002B3AD0D4F8285115B12846BDE8F0810746606C8F
:20D8800018B1FFF727FD002853D02C4B2C4E5B68984700EB800303EB031303EB032300EB56
:20D8A000430080B245F25553984230681FD9FAF75DF80446B8B14FF6FF7706E02146306811
:20D8C000FAF720F804460028D5D02046FFF702FD0028F3D12046FFF783FC0DB1B842EDD28F
:20D8E00007462546EAE700252846BDE8F081FAF73DF804460028F6D04FF0000806E0214604
:20D900003068F9F7FFFF04460028B4D02046FFF7E1FC0028F3D12046FFF77AFC0028EED0AE
:20D92000036815B1FA1A4245E9D9A7EB03082546E5E7656C9FE700BF84290020A4470100B6
:20D94000D001002038B5FFF78BFF0546FFF754FC30B104462846FFF75BFC2046FFF748F955
:20D96000034B1B7B1BB1BDE83840FFF731BE38BD84290020024B1B7B0BB1FFF729BE704700
:20D980008429002010B50A4C237B82B06BB1094B5B689847084B094A1B680093C0F3080145
:20D9A000002304F58470F8F73FFE02B010BD00BF84290020A44701008029002045D900004D
:20D9C00010B5084C237B03B910BD04F18400F8F78DFE0028F8D104F18400BDE81040F8F7C6
:20D9E0006BBE00BF8429002010B50C4C237B82B00BB902B010BD04F18400F8F777FE00283D
:20DA0000F7D0074B074A1B68009304F1840000234FF41641F8F708FE02B010BD842900200F
:20DA20008029002041D5000000B5084B084A1B68084883B04FF4F05100930023F8F7F4FD8D
:20DA400003B05DF804EBFFF7EBBD00BF80290020A9D60000081B002010B50F4C2046F8F772
:20DA60002BFE04F12000F8F727FE04F14000F8F723FE04F16000F8F71FFE04F18000F8F74A
:20DA80001BFE04F1A400F8F717FE04F1D800BDE81040F8F711BE00BFE82900200848037B92
:20DAA00003B9704700B5074B074A1B6883B06430009300231946F8F7B7FD03B05DF804FB92
:20DAC000842900208029002051D50000044B187B20B193F85C00003818BF0120704700BF4A
:20DAE00084290020054B187B30B193F85C00A0F10200B0FA80F04009704700BF8429002075
:20DB0000704700BF014B1878704700BF3028002010B50023C0E90033C0E902330A7D073263
:20DB20000446D20806F088F820460249BDE8104003F0EABB742C002008B50E48002340F2E5
:20DB4000FF214FF4D05243808380C3800381438183810180C28103F06DFAFEF78FFAFFF759
:20DB60003BFCFFF761FFFFF719FABDE8084004F02DB800BFE42A002010B50A4C237B012B77
:20DB800000D010BDFFF724FB0028FAD0D4F82831984204BF0023C4F82831BDE81040FFF7FC
:20DBA0007DBF00BF84290020024688B10B4669B110B4084C03CC1060516053F80C1F5B6870
:20DBC000D360916001205DF8044B704708467047704700BFA0290020704700BF7F2801DD46
:20DBE0007F290EDD884206DC13DA081A7028D4BF002001207047401A0F28CCBF0020012057
:20DC0000704701F58071081A1028D4BF0020012070470020704700BF2DE9F843194E377B81
:20DC200017B196F840700FBB3E46174C4FF0000804F1540594F820301BB194F82130012BE7
:20DC400005D01C34A542F5D14046BDE8F883237C04F11009FE2B3A464946304609D06EB1F9
:20DC600005F0DCFF0028ECD1C846EAE7FF082C36DBE7637C802BE4D0002EF1D104F11009A9
:20DC8000C846DEE784290020FC2A002000B585B001466846FFF73CFF684603F085F908B1B6
:20DCA00003F07EFA034B002283F8402005B05DF804FB00BF8429002078B370B54B1E7F2BB6
:20DCC00084B00C4606D812F04001154605D1084604B070BD002004B070BD134B0026E21DB9
:20DCE000D2080146C3E90066C3E90266184605F0A3FF4FF0FF33A0F12C020146684682F849
:20DD0000404082F84150D363FFF702FF684603F04BF918B1012004B070BD7047014601227A
:20DD2000684603F0AFF9F5E7B029002010B4164A164B17490020106083B012680192019A75
:20DD4000D3F8102522F00F0242F00802C3F81025D3F8082542F00302C3F80825D3F8042569
:20DD60004FF4803422F003024FF48070C3F80425C3F80443C1F88001086001221A6003B08A
:20DD80005DF8044B704700BF408100400080004000E100E0034A044B01211160D3F84405A4
:20DDA000704700BF4480004000800040064B1A6802B97047002282B01A601B680193019B63
:20DDC00002B000F003B800BF40810040054B186838B110B400241C60D0E901215DF8044B8A
:20DDE00010477047281B002030B5038883B0044663B1822B17D188291AD0344B1B788B42A2
:20DE00002CD082230120238003B030BD30493148F6F7A4FD304B31481968F8F75DFD04209B
:20DE2000F9F75AF9EDE700230380032003B030BD2A4B9A42E1D1274B01921B6A9847264B85
:20DE4000019A19681046F8F747FD254A25492648FDF7D8FA2548FDF741FCD2E792F84B30B0
:20DE6000052BCED1224B1A78DAB100220F201A70194DF9F76BF90420F9F72EF94FF4706363
:20DE8000174A184918482B60FDF7BCFA1948FDF725FC104B1B6A984729681048F8F71CFD05
:20DEA000AFE701220F201A700B4DF9F74FF90220F9F712F94FF42073094A0A490A482B60EA
:20DEC000FDF7A0FA0C48FDF709FCE2E7953200204C46010004020020E80100202C1B00208E
:20DEE00058460100A0420100A842010064460100312800207C4601009446010070B504F0DA
:20DF000077FE1E4B1E4C1F4D1F4E83FB00231A18C317C3EBE203C3EBC303A0EB43005530D9
:20DF2000206004F065FE194A82FB0032C317C3EBE20303EB8303A0EB83000C30286004F051
:20DF400057FE134A034682FB0312D118DA17C2EBA1125A2101FB12333C330E483360F6F7F9
:20DF6000FBFE0D4A0D490E48FDF74CFA33682A6821680C48BDE87040FDF744BA9324499288
:20DF800000020020EC010020E401002067666666B7600BB60402002058460100A042010034
:20DFA000A8420100AC4601002DE9F04F164697B01A460D4602A83146F6F76EF902A8F6F7CC
:20DFC000F1F902A85649DFF894B1DFF894A1554C554FDFF89081DFF890910222F6F792F925
:20DFE00002A852490722F6F78DF95149012202A8F6F788F902A8F6F7C1F902A8F6F7D2F9B8
:20E0000002A859460122F6F77DF902A849490422F6F778F902A851460122F6F773F902A80A
:20E0200045490122F6F76EF9214602A80122F6F769F93A6802A8D317F6F740F902A8F6F765
:20E04000B9F902A8F6F7AEF9594602A80122F6F759F902A839490722F6F754F9514602A855
:20E060000122F6F74FF902A835490522F6F74AF9214602A80122F6F745F9D8F8002002A8D0
:20E08000D317F6F71BF902A8F6F794F902A8F6F789F9594602A80122F6F734F902A82949B6
:20E0A0000922F6F72FF9514602A80122F6F72AF902A825490322F6F725F9214602A8012230
:20E0C000F6F720F9D9F8002002A8D317F6F7F6F802A8F6F76FF902A8F6F758F902A8F6F75C
:20E0E00069F902A8F6F7DEF83C2104462846F7F763FE224631462846F7F7C2FE134A144938
:20E100001448FDF77FF9D9F80030D8F80020396800941148FDF776F917B0BDE8F08F00BFAB
:20E12000DC460100F846010000020020E0460100D0450100E8460100F4460100FC46010071
:20E14000044701000C4701001847010058460100A0420100A84201001C470100084701009E
:20E16000F0460100EC010020E40100202DE9F0410488752C064607D07C2C37D0A4B1002398
:20E1800003800320BDE8F081DFF8D0802E4D98F800202E4F00233B602B6012B32C4CE25636
:20E1A000002A41DB2B6832E02A4F274DFDF7C6F9294B3A6818702C60002A43D02346244C94
:20E1C000984604F8038000219368802098472B6801332B6057F82320002AF2D1DBB21F4A80
:20E1E0001370752333800120BDE8F0811A4B1B788B4216D1144D164CDFF86080134F2B68FF
:20E200003A68E15C01F07F010132E1543A6098F80020013393422B60C1DB3B68002BB9D174
:20E22000DFE70120BDE8F0810A4A0B4952F8232009780020FDF714FA0028E0D17C233380DE
:20E2400001209FE71346CAE7401B00203C1B00207828002054010020993200203228002081
:20E2600070B50488672C06461BD0792C33D05CB300230380032070BD1E4C1F4923681F4AB0
:20E280000978581C002520602846D554FDF7E8F91B4B2A4618688521FDF7E2F930B30023A7
:20E2A0002360184C134D06E00A28E5D00D28E3D02B687E2B15DD2046FDF798FA431CF3D125
:20E2C00067233380012070BDFDF738F90A4A094B10701C60E5E7852901D0012070BD054C00
:20E2E000DDE706495A1CC8542A60E4E779233380012070BDC41B00209A320020441B00201D
:20E3000080290020C81B0020044B054A1A607F22002104489A809971FDF71AB9C81B00201D
:20E32000D01B002038020020F0B4134C2378E3B9124E13493368134F134D0A68386803EB25
:20E34000C30CC1F800C02968104482EA522208443A600E4A00EBF323336010600131012318
:20E36000296080B22370F0BC7047084A002350882370F0BC704700BF33280020581C0020DB
:20E38000541C0020501C00205C1C0020601C002070B5094B094E0A4C0A4D0B4A1860316052
:20E3A0000023012123602B7011601824FFF7BCFF013CFBD170BD00BF541C0020581C002083
:20E3C000501C0020332800205C1C0020014B024A1A607047641C00200100FD0010B51A4C0C
:20E3E0000220A179FCF7A2FFA379112B17D0062B07D03A2B1DD0BDE8104000210120FCF78A
:20E4000095BF124B1B8828331A191B5B51889942BDE8104028BF19460120FCF787BF618D6D
:20E42000238D9942BDE8104028BF19460120FCF77DBF064B28341B88195B49BABDE810400A
:20E4400089B20120FCF772BF7C2C00201228002070B414780D7A84F00204A542064624D042
:20E460000B891BB94B89B3F57F4F0FD01F4A146801F1080303CB04F108031360012202FAC9
:20E4800006F320606160D8B270BC70478B89FE2BECD1164CC989236823F8021B022202FA44
:20E4A00006F02360C0B270BC7047487A53789842D6D1887A93789842D2D1C87AD37898428F
:20E4C000CED1087B13799842CAD1487B53799842C6D1887B93799842C2D1D379CA7B9A4230
:20E4E000BED1032202FA06F0C0B2CDE7202300200F4B1A78012A19D110B4598802889142EA
:20E5000003D000205DF8044B704742889988914200F10200F5D1D98830F8022F9142F0D1E8
:20E52000428819899142ECD11846EBE700207047641C002038B5154A154C164B24781B680B
:20E54000156815492A460144181905F075FB601980B2FCF72FFEFDF7E3F8A8B10F4B002127
:20E560009B6804460E48984704F0FEFA2046FDF715F92046FDF7FCF80A4B1B68012B03D0A0
:20E58000032B01DC012038BD002038BD2C23002035280020302300207C2C0020A843010032
:20E5A000A9E500002423002070B5124B1B680C46154613B19B68084698470F4B0D201C60BD
:20E5C000FCF7C8FE0D490646F8F73AFF00B170BD2A4621463046F8F747FE094B3046214628
:20E5E0002A465B6C984729462046BDE8704002F0B1BB00BF701C002024230020EC4301007B
:20E60000F84501002DE9F0410F468046FCF7ECFD134B1978461A731E6D2B08D811480023AA
:20E620000446A57871343DB101330C2BF9D14FF0FF363046BDE8F081C3EBC3040A4A03EBF4
:20E640000413C418126800F8038003331144184432466770A67005F0EFFA3046BDE8F0811C
:20E6600035280020741C0020302300202DE9F04707461446002A3BD1644EB1468846B9F8A8
:20E680000A3092464FF0FF3523BB6B1C2ED009F1B009D4B16A1C15D0B02404FB05F406EB32
:20E6A00004090C20A9F80A80A9F80870FCF752FE01464846F8F7BEFE04F110003044402140
:20E6C00002F026FA2846BDE8F087B9F80A300124002BDAD009F1100002F030FA002861D139
:20E6E000691CD4D1B9F80A30002BD0D165B2CEE7464E3389834208D0B6F8B830BB4224D0F9
:20E700004FF0FF352846BDE8F0877389002BF3D00C20FCF71FFE01463046F8F791FE002873
:20E72000EAD00025EFB238462146FFF76BFF00281ADB0028E4DDB02303FB05666DB2B38977
:20E740001844B0812846BDE8F087B6F8BA30002BD6D00C20FCF7FEFD01462D48F8F770FE06
:20E7600001250028CCD0DDE7738963B3002D48D0284802F0E3F90028C2D0274B002103F214
:20E780004C5071819A781AB11A780AB99A70013171338342F6D10029B2D021463846FFF7C7
:20E7A00031FFC6E71C4BA9F80AA003F24C51E0B29A7822B11A78824208BF83F802A07133E3
:20E7C0008B42F5D161E7B6F8BA30002B98D0002D96D1124802F0B2F9002891D00E4B0021A5
:20E7E000A6F8BA108C4603F24C509A782AB11A78012A04BF83F802C0013171338342F4D144
:20E80000C9E7B6F8BA30002BE3D179E7C021002070220020D0210020741C0020802200203B
:20E820002DE9F84315090F2D02F00F0408BF10250F2C06461F462DD0A04619B12A463046AD
:20E8400005F0FAF905EB08020F2A04DD5CB9D5B90120BDE8F883C2F110020021701905F074
:20E8600013FA002CF3D01A4ADFF868901768D9F80030DB1B03EB0807FCF7B6FC87420EDD9D
:20E880000020BDE8F8833046394602F03DFD0120BDE8F8831024A0460029CFD1E3E7D9F858
:20E8A0000070C8F1100030443946224605F0C4F9022C05D03C44C9F800400120BDE8F8834D
:20E8C0000A2DF7D8FF22FE23F2723373F2E700BF30230020202300202DE9F04F3A49282256
:20E8E0000A703A4A002387B013700446FCF7B0FCFCF766FC364B374A1B6810600BB1FFF758
:20E900006DFD042003F02AFF01460520FCF70EFD3149324E002C18BF21460D20FCF712FD50
:20E920002F4B9B69984700280446306011DD274B284A1B78D2F800B0DFF8B0A002330BEB47
:20E94000030505F126010BEB00029142CAF8005003D3002007B0BDE8F08F00220BF803209C
:20E960002048FFF7C5FD03461F481F46FFF7C0FD8046002F00F0FF816B1CCAF8003080232E
:20E980000193DFF86C9099F8011099F800200B0943EA0213D8B2C3F3850343EA801311F0DE
:20E9A0000F0F58B202F00F02DBB223D1B9F802C0BCF1000F1ED121F00F010A4340F0E0818E
:20E9C0007823049327E000BF3628002035280020701C002030230020EC430100282300208A
:20E9E000A8430100842C0020942C0020202300207C2C002021F00F0C52EA0C0200F0AB81BE
:20EA0000DAF80020D9F80010116002F8043B60210491CAF8002099F80630112B00F0B98154
:20EA2000002B00F0B6813C2B00F0B381A3F12B02012A40F2AE81DAF8002002F8013BCAF8C2
:20EA4000002099F80730402B00F0CE82FF2B00F0C682012B00F0BE82DAF8002002F8013B3D
:20EA6000CAF80020B9F80830002B40F00382B9F80C10B9F80A30B9F80E200B43B9F8101035
:20EA80001343B9F812200B43B9F814101343B9F816200B4313439BB2002B40F00D82019B66
:20EAA00043F04003019399F81830FF2B00F02B82B8F1000F00F0698298F801202B7813436F
:20EAC0002B700D20FCF746FCBB4902460020FFF7BFFC019F0743FFB247F004030593B74BA9
:20EAE0003468DAF80050D3F800B0B54B0193019B1E78112EA8464FF000075CD04EB13C2E0F
:20EB000000F04C812B2E00F054812C2E40F09180022607F1280149444A780B780191D20000
:20EB2000112B02F1080200F04081002B00F03D813C2B00F03A812B3B012B40F236816B1CFE
:20EB40000BEB04008342BFF404AFCAF800309D188542BFF4FEAE1846CDE9021205F06CF842
:20EB6000039A0299CAF800500346D0B2A0F1020C83F801C0934B93F800C00B781744914AC3
:20EB80006044112B107000F00E81002B00F00B813C2B00F008812B3B012B8CBF00230123EB
:20EBA00043EA460363F01F0388F80030019B1E78112EA846A2D128376A1C39F80710CAF8F9
:20EBC00000200B0A43EA01239BB223F00F024FF2B00609EB0701B24290B24A8800F0FE80D5
:20EBE000120292B2B2F5704F00F0178103F47F43B3F5704F00F0FF802B46F02203F8052B92
:20EC00000BEB04029342BFF4A4AE59F80700C5F80100CAF8003003F1020842457FF699AED5
:20EC20006848C9880278198002F10803CAF800800370654D049A2B78644E0BF80320614A97
:20EC40005B441178059A5A703388A8EB0B085FFA88F85A1A02EB0800A04285F8008040F36E
:20EC6000EF80A4EB0805043D25F00705053C521B121B002ACCBF02F1FF37032724F0070821
:20EC8000C4BF97FBF8F70437FCF744FDB842FFF460AE002DFFF65DAE484A4D4BD2F8009055
:20ECA000494AB3F800A092F800B0DFF82CC1494F0AF101021A8049465A46002309F10400F8
:20ECC000CCF8003004F0C6FF33883F4A89F803A01B0A63F03F0389F80030338889F8013047
:20ECE000384B3D604FEA1A2A0BF1040B187889F802A082F800B0FFF71DFC00283FF429AE4E
:20ED000033882E492F4D09683A682D782E481B0A63F01F030B7033884B7015443388ADB219
:20ED200005229D42027009D3A0E03A6833881544ADB2AB4240F29A80204A11685B1BEA0866
:20ED40009C42B8BF43460A7128463B60FFF7F2FB0028EAD1FDE5DAF8003020F03F00014314
:20ED60001970B9F80220A3F801200333CAF80030682304934FE600287FF4FEAD019000E63F
:20ED8000DAF8002002F8013B70230493CAF8002041E6049B43F00403049352E607F128014F
:20EDA00049440326B8E60123FAE62B460BEB0400CDE60126ADE600BF942C00203023002011
:20EDC000822C002036280020352800206C2C00200C2800202C23002024230020130A43EA3E
:20EDE00002239BB223F00F02824276D003F47F43B3F5704F11D02B46F22203F8042B0BEBCD
:20EE000004029342BFF4A5AD39F80700CAF80030000A687048886880FDE62B46F12203F8EC
:20EE2000042B0BEB04029342BFF493AD39F80700A5F801004888CAF80030000AE870EAE615
:20EE40008B428CB2FFF485AD49440BEB080004F0F3FE3088001B404480B2FCF7ABF9864B21
:20EE600086489B680021984703F07EFE012007B0BDE8F08F17BB48F2FE0293420BD1B9F8E8
:20EE80001A30B9F81C10B9F81E200B4313439BB2002B00F0AE807A4FDAF800E00FCF0EF1CA
:20EEA0001007CEF80000CEF80410CEF80820CEF80C30CAF80070F6E5002FECD078782B7820
:20EEC000704A6F4943EA00132B700420FFF7C0FA60F03F00C3B20193E5E52B46F32203F82E
:20EEE000022B0BEB04029342BFF433AD39F807604888CAF80030360A000A00EB061000F5E7
:20EF0000AA60687087E699F81930019A022B42F008020592B9F81A2075D04ABBB9F81C101B
:20EF200031BBB9F81E20B9F82000B9F82210024392B211431AD199F82420002A00F0898082
:20EF400099F82220A2B9DAF800504F4901982A4640F0090002F8013B0B68C5F801300B796C
:20EF6000059006351371CAF80050BEE5002AE7D0464DDAF800600FCD06F110053060716099
:20EF8000B260F360CAF80050AFE5B9F8182048F2FE039A4215D1B9F81A30B9F81C10B9F8F7
:20EFA0001E200B4313439BB25BB90D20FCF7D2F9364902464046FFF74BFA019B0343DBB22C
:20EFC0008CE5324DDAF80060019F05970FCD06F11005D3E7049B43F00103049342E5049BFE
:20EFE00043F0030304933DE5049B43F00203049338E5244A22490420FFF72AFA019F074393
:20F00000FBB201934FE5002AB2D1B9F81C10B9F81E20B9F82050B9F822000A432A43B9F8A3
:20F02000245002432A4392B2002A7FF479AF99F82620002A7FF475AFDAF8005099F82730FF
:20F0400005F8013B019BCAF8005043F00B0305934BE5DAF8005001980D492A4640F00A0005
:20F0600002F8013B059008888B78A5F8010004359370CAF8005038E5A8430100A9E50000AF
:20F08000842C0020742C00209F2C0020942C0020A12C00202DE9F04F0C2091B0814F824CC8
:20F0A000DFF81C82FCF756F94FF0000BF8F740F987F800B084F800B0FCF782F8C8F800009F
:20F0C000FCF792F810B911B0BDE8F08F03F06CFA0420FCF731F90146062003F049FB0320A4
:20F0E000FCF72AF90146072003F042FBD8F800301A8852BAC2F3072101F0F801C02992B2BA
:20F1000000F0A680E02967D158881D792378C2F30A0940BA053380B22A4649462370FFF7D3
:20F12000A5FAB0F1FF3F8246CDD0604ACDF808B0B02303FB00234FF4A06C9E890123CDE981
:20F14000003C4E4534BF00260126FCF74DF823788342B8D8FCF748F823783F78544AC41A77
:20F1600007EBC5052544B5F5A06F146000F2F981BBF1000F0BD00199E2198A42A3DCD8F88B
:20F1800000100BEB07001944224604F055FDB9F1000F00F0FB81029B3BB1444AB02303FB4A
:20F1A0000A233A1992B29A811A83002E40F06482009B002B87D13C441FFA84F93D4C3E4A4A
:20F1C0002368A2F8009023B1FFF708F923685B68984701F051FB76E7DA46D946CDF800B034
:20F1E0004FF4A062DFF8DCB0019222783348995C01F0F0050026F02D067047D001F0E00043
:20F20000602861D041297FF45EAF511C53FA81F303F1200C59461E685D689868D3F80CE05C
:20F22000C1F80CE0103363450E604D60886001F11001F0D118685B684B6008603B78283313
:20F24000293200263B70009B2270354602937CE758882378C2F30A0940BA043380B25A469C
:20F2600049462370FFF702FAB0F1FF3F82463FF42AAF0E49D8F80030B02202FB001202F19C
:20F280001A0B94210122CDE90021AEE70132D2B201F00F0511F00E0F227005707FF413AFEF
:20F2A000995CABE73628002035280020C02100202C230020701C00206C2C0020342800207C
:20F2C000302300207C2C0020FBF78EFF22780290531C8342BFF6F7AED8F8001088188B5C53
:20F2E00090F901504678039502F1020EBC4A01EB0E00002D1060BCBF01301060D80600F153
:20F300004D81B74A10681A07A0EB010500F19081029A0335AA427FF7D6AE054630F801CFF5
:20F32000AF4A80788BF80300ABF801C015F8040B9BF801C01560850805F0300545EA801592
:20F340000CF00F0CC0F3830040F0600045EA0C0C8BF800008BF801C013F0040205920CD145
:20F360009F4A1068029A451AAA427FF7ACAE9C4A10F8015B8BF80650106013F0030300F0E9
:20F380004A819848C35C8BF807307506C6F3011340F1B281039A002AB6BF11F80E200022A8
:20F3A0001209002B40F02A810BF1080519468E4A0691D25C04920C20FBF7CCFF049A06996B
:20F3C00003462846FFF72CFA00283FF47CAE16F0080306F0030200F0A08170071FD4531EDD
:20F3E00040F2FF21012BADF83C100DD87C48D8F800100368029D591A8D427FF764AE13F836
:20F40000011B8DF83D100360784900238A5C0BF118000FA9FFF704FA00283FF454AE3B7801
:20F420006F4A2833D2F800C0D8F800203B70029B0492ACEB020293427FF745AE059B002BBC
:20F4400000F014820BF10603059300220BF12803CDF82CB0CDE90C9A089266469B465AE0E2
:20F460005F49049BB51C0D600299EA1A9142737809937FF728AE2A46594B12F8016B1A60BE
:20F48000049B0A921146A1EB030A06F1020C069B06F1010E19F0040F4FEADC093344D644CA
:20F4A00009F1FF3A324606935FFA8AFA7FF40BAE079D4F4B5B5D059DCDF814B02B70019BA7
:20F4C000069D9D423FF7FFAD5FEAEC0C00F01282099B8BF80030029B8BF801A07345FFF63E
:20F4E000F2AD04F0A9FB4FEAC909089B0A993A785FFA89F94B44DBB20893394B0E441E60EC
:20F50000039B0AF1010A91440BEBCA0B87F80090002B00F0F3810B9B32780499ABEB030380
:20F520000233069302F0F00C02F00103751C0393BCF1E00FC2F342030BF10200A5EB0101CC
:20F540004FEA5209079340F0A681254A1560029A8A427FF7B8AD039B002B81D00023099326
:20F5600089E72449244B5FFA8AF0B02202FB00120024548103F24C519A781AB11A788242CD
:20F5800008BF9C7071338B42F6D19CE5009B002B3FF411AE002E7FF411AE94E513F008053E
:20F5A00063D10F4A1068029AA0EB010C62457FF78AAD90F800C00A4ACCF3830C4CF0600C2C
:20F5C0008BF800C010F801CB10604FEA9C0000F0300040EA8C10ABF802508BF80100BBE6CF
:20F5E00020230020D0470100D4470100DC470100B8470100C0210020741C0020C549087811
:20F6000001287FF460AD487890427FF45CAD02310BF10805CBE6C04A029D1368581A8542E9
:20F620007FF751AD13F8010B8BF807001360ACE6029A02354FF0600CAA428BF800C07FF78D
:20F6400042AD90F800C0B44A4FEA9C0505F030050CF00F0C45EA0C0C8BF801C0B0F80150D6
:20F66000ABF802500330106076E660250020ABF80050ABF802006FE6DFF8BC82B02303FB1E
:20F680000AF308EB03025589B2F818B0A2F80C905D4568D3B5F5A06F65D81A3308EB0301D8
:20F6A0005A469E489E4E04F0C7FA9C4BA5EB0B0203EB0B00002104F0E7FAF51E06F24C5BFE
:20F6C00002E07136B34574D016F8012C002AF8D016F8033C9A45F4D116F8023C8F4802EB37
:20F6E000C301B1F5A06F4FEAC3033146184400F2258104F0A1FAE4E78A4A0C20D25C049209
:20F70000FBF728FE049A884903460BF10800FFF787F800287FF45BAED5E4710738D5039922
:20F72000002906DA2178D8F800300B449B7803F00F03784D297801297FF4C5AC6978994290
:20F740007FF4C1AC794B0D209A5C0392FBF702FE039A0346A91C0BF11800FFF761F8002825
:20F760007FF45DAEAFE4B0235FFA8AF003FB008A6F4B0024AAF80A4003F24C519A781AB111
:20F780001A78824208BF9C7071339942F6D19AE4644B0D209A5C0392FBF7DCFD039A624902
:20F7A00003460BF11800FFF73BF800287FF437AE89E45FFA8AF1B02303FB018A00205D4ADF
:20F7C000AAF80A00AB781BB12B788B4208BFA8707135AA42F6D1009B002B3FF4ECACEDE484
:20F7E0000299013399427FF76EAC9CF801301B09A3F575639BB21B0243F0F00333809CF89F
:20F80000013003F00F03A3F575639BB21B0243F0F0037380404B0CF102051D6053070CD479
:20F820003D49049A0B6802989A1A013290427FF74AAC33F8022BF2800B60FBF7D5FC364AFA
:20F84000D8F8001012680346B9F1000F00F0AF80089AA9F128039B1A9BB21A0212B21B0ABF
:20F860003978134301F10802B3803A702A4BD8F800201B689B1A2370B9F1000F71D0A9F1E4
:20F8800028031A1200268BF80530009B8BF804203546029359E4049B0299B446ACEB0303D3
:20F8A00099425E46DDE90C9ADDF82CB07FF70BAC02F0F802F02AD9D10199A6EB0B0207325E
:20F8C0008A42BFF600AC059911220A709CF8002002F0F301F03903293FF6F5AB01A050F803
:20F8E00021F000BFEDF90000C1F9000083F90000E1F700008BF801C0FFF7E5BB049B029A2F
:20F90000DDF82CB0F31A9A42DDE90C9AAEDCFFF7DABB00BF641C0020202300207C2C002042
:20F92000771C0020D8470100BC470100D4470100741C0020C0210020C0210020B02303FB51
:20F940000A823249002353815FFA8AF0AA781AB12A78824208BFAB707135A942F6D1FFF753
:20F96000B2BBFBF741FC21783A78431A1344283B5BBAABF80430009B02934E464D46FFF750
:20F98000E4BB0299033399427FF79DAB9CF80130A3F580539BB21B0243F0F0033380BCF837
:20F9A000023073801A4B0CF104051D6036E7521AC2F1080213449BB21A0212B21B0A4FE715
:20F9C0000299033399427FF77EABBCF8013033809CF80330A3F580539BB21B0243F0F00382
:20F9E00073800B4B0CF104051D6017E70299043399427FF768ABBCF801303380BCF8033088
:20FA00007380034B0CF105051D6007E7C02100202023002038B54368934294BF03F1FF35E7
:20FA2000154604462A46006804F006F9D4E900322B44521BC4E90032002038BD0CB410B512
:20FA400086B008AA029052F8043B094C019208460390194604A802ABCDE9044300F0BCF881
:20FA6000029B00221A7006B0BDE8104002B0704715FA0000074B82B001AA9A42019304D99E
:20FA8000CD2103F8011B9342FBD10348002102B0FBF75EBDA83200204802002038B5124CE6
:20FAA000124D03F061F82378CD2B08D0AC4202D30EE0AC4212D014F8013FCD2BF9D1AC42B3
:20FAC00002D30BE0AC4209D014F8013FCD2BF9D003F04AF8AC4203D2281B38BD03F044F833
:20FAE0004FF0FF3038BD00BFA83200200000042070B50388044633B1972B0DD1154BDB68A5
:20FB000073B1012070BD13484FF4A061F6F7E4FE97232380012070BD00230380032070BD64
:20FB2000FFF7BCFF0C4E0D4BF61AB04205460DD90B4B1B68002B09DD0A4A0B490B48FBF758
:20FB400061FC0B4832462946FBF75CFC0148F6F7CDFEDDE73423002000000420A83200206A
:20FB60002C010020E04701001C440100A8420100E847010010B50446F4F780FCD4E900322F
:20FB80001344C01A6FF0004398422CBF0020012010BD00BF102A2DE9F041144606460D4686
:20FBA0000DD90C4F01E0102C0CD93368286810223946103C98470028F5D0BDE8F0811046A2
:20FBC000002AFAD03368286802492246BDE8F041184700BF544801000B78002B00F0DF84C1
:20FBE0002DE9F04F91B0904600228A468146009204E01AF8013F002B00F0D680252BF8D18E
:20FC0000514500F00381AAEB0104D9E9003022469847002840F05881009A9AF80030224414
:20FC20000092002B00F0C3809AF801300AF10104002B00F0BC800021A3F12002102A0AD8C7
:20FC4000DFE802F0AF0909AC09090909090909A909A60909A100A3F13102082A40F2BD80CC
:20FC60002A2B00F0C88000262E2B00F0AB804FF0FF3B6C2B00F09F80682B00F0CA807A2BCC
:20FC800003D1637841F060010134782B00F2EA80DFE813F08D00E800E800E800E800E80010
:20FCA000E800E800E800E800E800E800E800E800E800E800E800E800E800E800E800E800C4
:20FCC000E800E800E800E800E800E800E800E800E800E800E800E800E800E800E800C401C7
:20FCE000E800E800E800E800E800E800E800E800E800E800E800E800E800E800E800E80084
:20FD0000E800E800E800E800E800E800E800E800E800E800E800BD01E800E800E800B601BE
:20FD2000AF01A801E800E800E800E800E800E800E800E800E800E800E800E800E800E800BA
:20FD4000E800E800A101E800E800E800E800E800E800E800E8009A01E80093011F015B015E
:20FD600069016201E8001F01E800E800E800E80085017E017701E800E8007001E800540113
:20FD8000E800E8004D0141F0100114F8013F53E741F00101F9E741F00601F6E741F008011B
:20FDA000F3E741F00201F0E78A457FF42CAF009811B0BDE8F08F63786C2B31D0013441F0EB
:20FDC000600162E76378A3F13000092804F101022BD92A2B3AD0144649E7002606EB860621
:20FDE00003EB460614F8013FA3F13002092AA6F13006F3D938E7D8F800606378002E08F19A
:20FE00000408B8BF41F0010101342DE79AF8003007E76378682B20D0013441F0400134E713
:20FE2000A37841F0800102342FE74FF0000B0BEB8B0B03EB4B0B12F8013F2F2BABF1300B14
:20FE400040F29282392BF2D9144612E7A378D8F800B0023408F104080BE7A37841F02001A5
:20FE6000023412E701F4E0630F46B3F5A06F04F1010A39D000F29181B3F5407F00F09C818E
:20FE8000B3F5806F40F0D180D8F80050019508F10408002D40F02082C44B01930625BBF116
:20FEA000000F02DB5D4528BF5D46AE428CBF761B0026F80740F12382D9E9003001992A4667
:20FEC0009847002800F0B9814FF0FF3011B0BDE8F08F01F4E06343F48073B3F5A06F41F450
:20FEE000245704F1010AC5D1012ED8F800308DF82830354638BF0125FA0705F1FF3508F129
:20FF0000040840F11C82D9E9003001220AA998470028D9D12A4609F104014846FFF73AFE62
:20FF2000009B01330028CFD1EB1800933FE001F4E06343F4807341F4C85796E701F4E0630A
:20FF400043F4807341F410678FE701F4E06343F4007341F4024788E701F4E06343F40073A4
:20FF600041F4813781E701F4E06343F4007341F400777AE701F4E06343F4806341F48067CF
:20FF800073E701F4E06343F4407341F440776CE701F4E06343F4807341F4885765E704F1EF
:20FFA000010AD8F80030009A1A6008F104086378002B3FF4FCAE514620E601F4E06343F42E
:20FFC000A06341F4A06750E701F4E06343F4007341F4C13749E701F4E06343F4807341F4D5
:20FFE000B24742E701F4E06343F4007341F4A1373BE701F4E06343F4007341F4844734E7D1
:020000040001F9
:2000000001F4E06343F4007341F442472DE701F4E06343F4007341F4E13726E701F4E063B8
:2000200043F4C06341F4C0671FE7B3F5807FBED1BBF1000FABBF27F010070123CDF804B0DE
:20004000019317F40053069307F0E00300F01D81402B00F07C8200F20B81002B00F05A82DF
:20006000202B40F09E8298F9002008F10408D317002A73F10001C0F21D82CDE9022307F48F
:20008000C053B3F5805F00F08C81B3F5C05F00F0E781B3F5006F00F0AD81002305939B46D9
:2000A0000DF13E030493019B9B4534BFA3EB0B03002341F60802019307EA020141F2080335
:2000C0009942019B00F0138191425B4404D1DDE902120A4340F0588100250795069A7AB122
:2000E000059A002A40F04C8107F00602022A00F054812F49062A079A04BF0A46012507922F
:200100002B449E428CBFF31A0023029317F00103059307D1FE0640F1F381DDE901210A4426
:20012000CDE901233DB1D9E9003007992A46984700287FF4C9AE009B019F5B44102F009358
:2001400040F2B2811B4ED9E9003010223146103F984700287FF4B8AE102FF4D8D9F80030FB
:200160001449D9F804003A46984700287FF4ACAED9E9003004995A469847009B1D440028C7
:200180007FF4A2AE019B2B449B46059B002B40F0ED80029B5B44009309E7B3F5C06F5BD087
:2001A000B3F5E06F3FF4FDAE01E700BF4C4801004448010064480100D8F80010C948CA4DEC
:2001C00017F4804F08F104080A464FF0000314BF8346AB4600296AD00DF13B0E71461009A7
:2001E00002F00F0C40EA03701D0902462B461BF80C0001F8010D52EA0300F0D1BEEB0105A1
:2002000057D003357823AE4201F8013C4FF030024FF0230301F8022C01F8033CA1F1030BE9
:200220008CBF761B0026F9077ED5D9E9003059462A46984700287FF447AE324609F1040182
:200240004846FFF7A7FC009B2B441D4600287FF43BAE73190093AAE6D9E90030A3490122D6
:20026000984700287FF430AE009B013300939EE6602B00F04F81802B40F0938108F10708FE
:2002800028F00708F8E80223F2E6402B00F0578115D8002B00F04481202B40F0998198F835
:2002A00000200023CDE9022308F10408E7E60DF13B01302301F8013C04250139A2E7602B14
:2002C00000F02E81802B40F0838108F1070828F00708F8E80223D0E62B78002B00F048812F
:2002E00015F8013F002BFBD1019BED1AD7E5012B38BF01230025019307955B44EEE63246D4
:2003000009F104014846FFF745FC00287FF4DCAD0199D9E900302A46984700287FF4D4ADFE
:20032000009B2B441D4694E7324609F104014846FFF730FC00287FF4C7AD5946E9E72A46C0
:2003400009F104014846FFF725FC00287FF4BCADD9E9003001220AA99847009B0133002857
:200360007FF4B2AD2B44DFE514468EE4029A09F104014846FFF70EFC00283FF40AAFA3E5E7
:200380005B4A07920125BBE65A495B4A17F4804F18BF0A4607920225A0E6584A0792012568
:2003A000AEE6DDE9022313433FF477AEDDE902231846002315460593DDE902230DF13E0189
:2003C00007918C464FEAD20B4BEA437B02F007014FEAD30E30315A4673460CF8011D52EA7E
:2003E0000301EFD1079BCDF810C0CDE90250A3EB0C0B58E6DDE90223134300F0C88000237B
:200400000593DDE902120DF13E03CDE9086407938B46154604971C46584629460A220023EA
:2004200003F080FA303204F8012D584629460A22002303F077FA2F465E46002F08BF0A2EBC
:2004400083460D46E8D2079B049F089E04942246A3EB020B099C26E600220023CDE902236F
:2004600017F4804365D10593DDE902231E4DDDE90201014300F085800DF13E00079011099B
:2004800002F00F0E41EA03714FEA131C0A46634615F80E1000F8011D52EA0301EFD1079B6A
:2004A0000490A3EB000BFEE5019B002B3FF460AE1F4653E6524207F4C05163EB4303B1F5AC
:2004C000805FCDE9022355D0B1F5C05F45D00123B1F5006F059394D00DF13E0304934FF019
:2004E000000BE0E52448010010480100F446010040480100384801003C480100484801000B
:20050000029A09F104014846FFF744FB00283FF409AED9E4D8F8002008F10408D317A7E543
:20052000D8F8003000221946CDE9021208F10408A5E50021DDE90223324D059197E7B8F892
:2005400000200023CDE9022308F1040897E5B8F9002008F10408D3178AE57B0405D5012152
:20056000DDE90223274D059186E7012305937BE7019DB9E6DDE9022318460123154605935E
:200580001AE70DF13E034FF0000B04938BE54FF0000B0DF13E03CDF814B0049383E518465B
:2005A000704707F4C053B3F5805F06D0B3F5C05F3FF452AFB3F5006F13D0002305939B4688
:2005C00000230022CDE902230DF13E0304936AE507F4C053B3F5805F08D0069B05939B464F
:2005E000EEE74FF0000BCDF814B0E9E70699059100230022CDE902230DF13E038B46049387
:2006000051E500BF24480100074A084913681844884202D8106018467047054B0C221A60DE
:200620004FF0FF33184670475802002000000420903200204FF0FF30704700BF4FF0FF3062
:20064000704700BF01207047002070474FF0FF30704700BF4FF0FF30704700BF4FF0FF303F
:20066000704700BF4FF0FF30704700BF10B44FF080414FF080520020C1F80C015E4BC1F803
:200680001001C1F83805D2F80414C3F82015D2F80814C3F82415D2F80C14C3F82815D2F8FB
:2006A0001014C3F82C15D2F81414C3F83015D2F81814C3F83415D2F81C14C3F84015D2F85A
:2006C0002014C3F84415D2F82414C3F84815D2F82814C3F84C15D2F82C14C3F85015D2F8A2
:2006E0003014C3F85415D2F83414C3F86015D2F83814C3F86415D2F83C04C3F86805D2F80A
:2007000040043E49C3F86C050968D2F84424C3F87025082924D04FF08043D3F80024D20700
:2007200044BF6FF00102C3F80024354AD2F8883043F47003C2F88830BFF34F8FBFF36F8F18
:200740004FF01023D3F80022002A23DBD3F80432002B1FDB2B4B2C4A1A605DF8044B70472B
:200760002A4B1B68002BD6D129482A4A2A4C04602A492B4BFB20C2F818050A681B682948AF
:2007800022F00F0203F00F0313434FF400720B600260C0E7244A0123C2F80435D2F800342F
:2007A000002BFBD04FF0102312211F4AC3F80012D2F80034002BFBD04FF0102312211A4A6B
:2007C000C3F80412D2F80034002BFBD000231649C2F80435D1F80034002BFBD0BFF34F8F5C
:2007E0000749124BCA6802F4E0621343CB60BFF34F8F00BFFDE700BF00C00040300100102E
:2008000000ED00E05C0200200090D003340100108C56004000F0004048810300E40E004095
:20082000580200104096024000E001400400FA0510B5014682B004460120F7F70DFA38B983
:20084000064BDB680193204602B0BDE81040184701F0AAFE002002B010BD00BFC047010005
:2008600010B5144601F06CFB18B1024BC4611B68836110BD80290020002108B50846F7F7AF
:20088000EBF918B1BDE8084001F08EBE024602210348FAF707FFBDE8084001F085BE00BFF4
:2008A0006002002070B5384D2B8888B0002B36D0B3F5A06F31D8354C608B238BA28BE18B7D
:2008C00003431343228C608C0B431343A18CE28C03430B4313439BB2FBB12D4E736B984788
:2008E000D8B1237EFF2B1CD004F1180000F05CFB20B12B889BB100F04DF810E0336C04A824
:20090000984780B104AC204600F0F0F9054648B3284600F0E5F9FFF78BFF01F045FE08B0EA
:2009200070BD0020F7E704F1180000F01FFBB8B904F1180000F01EFA054658B100F018FA99
:2009400004460028DFD12846F36C9847284600F013FAE2E700F074FA04460028DDD0D2E75F
:200960001834D0E702A8214600F0D8FC092301952A46009302A92046012300F055F905461C
:200980000028C5D1C9E700BF6C2C00207C2C0020F845010008B5012001F026FB034B1B888B
:2009A00003B908BDBDE80840FFF77CBF6C2C002038B50388044623B340F2353083420FD10C
:2009C00087293BD010D801292ED0022903D1234B1B88002B3ED140F235332380012038BDAF
:2009E00000232380032038BD8829F4D11C4B9A42F1D1D368002BEED100F0D6FBFFF752FF71
:200A0000E9E7FAF79BFD174B0246402116481A70F5F762FF01F03CFA144B5B68984740F2E3
:200A2000353323800120DAE7002AD4D0104B05201A6001F0D9FAFFF735FFCCE70D4B0025E3
:200A400003F5807099698A4208BF1D8220338342F8D1C0E7FFF79EFFBDE700BF6C2C002044
:200A60005C2C00209B32002044230020F84501008031002090310020074B1B6843B1283346
:200A8000186820B105495A680978FAF70BBE7047034B1B681833F3E7883100209B32002047
:200AA00080310020802802D1024B00221A600120704700BF04C500400120704730B5134C45
:200AC0000123236083B0FDF765F96FF003031D1A03E0FDF75FF9C54203D5D4F80031002B18
:200AE000F7D00A4B0022C3F80021D3F80825D3F80835920544BF6FEA83536FEA9353034A87
:200B0000019301235360019803B030BD00C0004010B541600446F3F795FC206010BD00BFFA
:200B200010B50446F3F78EFCD4E90021C2F101031844884284BF5218226010BD10B504466C
:200B4000F3F780FCD4E90032C3F10103184482422CBF0020012010BD30B4144B1448154D6E
:200B60004FF0A04100220324C3F80025C1F874474FF00054C1F80845C1F87C271F241D2142
:200B8000C3F8245582B0C3F86C25C3F81445C3F80C15026001680191019C074A0420012122
:200BA000C3F80005116002B030BC7047002000401C21004000E0D70108200040074B08490F
:200BC000084A0020186082B01B680193019BD1F818051368C0B202B0184700BF082100403A
:200BE000002000405423002050B110B5054B04469B6C984721460448BDE81040F6F7B2BFB2
:200C0000704700BFF84501007002002008B5F6F7F5FBBDE8084002490248F6F751BE00BFB7
:200C2000E90B010070020020F8B505469DF818200B481E46079BF6F727FF044668B1094B45
:200C4000D5F800C06F68A968EA689B6CC0F800C047608160C260467498472046F8BD00BF31
:200C600070020020F8450100002834D02DE9F041884688B061B307461848F6F7A5FE06468E
:200C800030BB3D682868EB686968AA6803AC0FC428462B8A2380FFF7A7FFC8B105230093E6
:200CA0009DF81C209DF81D300196414603A8FFF7BBFF0546386058B103AC0FCC2860696041
:200CC000AA60EB6023882B82304608B0BDE8F0814FF0FF30F9E74FF0FF307047700200201E
:200CE00001460148F6F7A2BF7002002070B5B8B105460D48F6F73AFE044688B10A4E03E073
:200D0000F6F700FE044658B129461022204602F085FF034621463046002BF1D1204670BD72
:200D20000024204670BD00BF7002002001460148F6F74ABE7002002008B5FFF7D7FF28B132
:200D40000146BDE808400248F6F770BF08BD00BF70020020704700BF08B50348F6F7D2FCAA
:200D6000024B00221A6008BD80020020782400200020704700207047704700BF0C4B1B6869
:200D8000A3B1984210B5044602D105E0A34203D01B68002BFAD110BD21460548F6F7A4FB20
:200DA00021460448BDE81040F6F7DABC704700BF782400208002002038B5054670B1084B88
:200DC0001C6814B908E0246834B110222946201D02F024FF0028F6D1204638BD0446FBE700
:200DE0007824002070B5C0B10E460546FFF7E4FF0446A8B128686968AA68EB68251D0FC5AA
:200E00001EB901232377204670BDA661F3F736FB002360612377204670BD0024204670BDC0
:200E20000548F6F781FC04460028F6D001460348F6F73CFBDEE700BF80020020782400202B
:200E400038B5084B1C685CB1251D2846FFF74EFF08B1437C13B92468002CF5D1284638BDA9
:200E60002546FBE77824002038B50A4D2C6824B1237F1BB12468002CFAD138BD04F11400CD
:200E8000FEF778FE0028F5D02046FFF777FF2C68EDE700BF782400202DE9F04702FB0106F4
:200EA000B0429DF820A0DDF8249016D20446174698464FEADA0A05E002F0B0FEA8B13C447A
:200EC000B4420AD2257C204652464146002DF3D1C9F800403C44B442F4D3D9F80030002BBF
:200EE00014BF01200220BDE8F087C9F80040BDE8F08700BF00487047C024002080B32DE998
:200F0000F041DFF8648082B0CDE900184FF0000C0D4617461E46044603461C221148C8F89C
:200F200000C00321FFF7B8FF012803D0002002B0BDE8F081D8F800C08CF810002068E36845
:200F40006168A26864460FC4D8F80000089B4361099B45748774C674836102B0BDE8F081EC
:200F600000207047082C0020E8240020F8B50C4B0C4E1C460546336003F15407237C204628
:200F8000294623B1627CD20802F048FE28B11C34BC423460F2D10020F8BD0120F8BD00BF36
:200FA000082C0020E8240020A0B130B583B00A4C01948022034600250092084825601C22A8
:200FC0000321FFF769FF10B9206803B030BD002003B030BD00207047E02400200C2B00208C
:200FE000F0B4124B124F05461A463B60184603F15404002148F2FE0608E0437CAB420AD0D2
:201000001C30A0424FF001010CD00246037C002BF6D06B1CF1D10388B342F1D121B13A60D6
:20102000F0BC704738600020F0BC70470C2B0020E024002000B370B582B0104D0195802317
:2010400000930446034600260D482E6012220721FFF722FF012802D0002002B070BD2B6861
:20106000187420686668A168E268186028685E609960DA6002B070BD00207047E424002064
:20108000842B0020002847D02DE9F04782B0234E01968023009388460346914604464FF00E
:2010A000000A1F48C6F800A01C220321FFF7F4FE0128054603D0002002B0BDE8F087376843
:2010C000387420686168A268E3680FC7376887F81290B8F1000F16D1FD7412480122FF2379
:2010E0007A740373637B4373E389C38140F2FF2100224FF0807380E80E00FFF79BFF306804
:2011000002B0BDE8F08787F813A0C7F81880F3F7B5F978613768E0E700207047E0240020A6
:201120000C2B0020D0240020A0B130B583B00A4C0194802203460025009208482560122245
:201140000721FFF7A9FE10B9206803B030BD002003B030BD00207047E4240020842B00204B
:2011600038B50D4BFF221A73427B5A7304464FF0807140F2FF2000251860E28999601846C8
:201180005D60DA81FFF7D0FF044B186000B105740023237438BD00BFD0240020E4240020D7
:2011A00008B1FFF7DDBF704738B5124B124C1846236003F1540504E020681C30A842206035
:2011C00010D2037C002BF7D0C37C002BF4D11430FEF7D0FC0028EFD020680028EDD0FFF73E
:2011E000BFFFE9E7FFF740FEBDE838400348F5F77DBB00BF0C2B0020E02400205C2C0020BF
:201200002DE9F04F0B8848F2FE094B4505463BD00B78FF2B38D03A483A4E00230246306005
:2012200000F154089A4603E01C324245326022D0107C0028F8D0507C0128F5D110884845E9
:20124000F2D001F1FF3C571E00201CF801BF17F8014FA34500F1080E3FD15FFA8EF0802859
:20126000F3D1504528BF134602F11C0228BF824642453260DCD12BB31C460FCC28606960E3
:20128000AA60EB60BDE8F08F1D4B1E4E1946336003F15404002048F2FE0705E01C33A3424B
:2012A0004FF001000DD019461A7C002AF6D05A7C012AF3D11A88BA42F0D10028DCD03160A3
:2012C000DAE7336000232B806B80AB80EB802B816B81AB81EB81BDE8F08F00F1080E8BEA9B
:2012E00004045FFA8EFE670014F0800F00F1010CFCB2B6D15FFA8CF08645F4D1B1E700BF18
:201300000C2B0020E02400200B684A688360037AC26083F002030372704700BF51F8083FB8
:201320004A6803600378426083F0020303707047F8B5094B094E5F687568B8470446B84795
:2013400023029CB2736814FA80F06D08B0FBF3F403FB14002844F8BDA4470100FC2A002055
:20136000F0B53C4A548813889088D1881589234303430B4354899089D1892B432343034358
:201380000B439BB283B023B9C2E90133FD21D3601160314E314CFFF739FCFFF7DDFC542296
:2013A00000212F4802F070FC30464FF48472002102F06AFC2B492C4B4FF4A0604EF660221B
:2013C0004027306072601C20102286F806711A700870FFF7ADFF002539464FF47A77CDE9AF
:2013E0000055F76048F2FE072B46B0602A4686F80751C4E900752046FFF780FD1B4B18685A
:20140000596804F1080303C3237A2946012283F002032046237240F2FF26FFF733FE4FF0E6
:201420008073E360C4E9015520462660FFF702FE4FF00073C4E90065C4E902532046FFF76F
:20144000F9FD0B484FF4F05103B0BDE8F040F5F743BA00BFC0240020FC2A0020D024002031
:20146000082C0020052C0020042C0020742C00205C2C00202DE9F047DFF8548008F1080313
:201480000FCB84B06E4686E80F0098F8077000F021FD0E4B1C689CB1DFF838A0DFF8389080
:2014A00065683946304645B1BAF80030B9F800202C3B2C329BB24244A8472468002CEFD1C2
:2014C00001F072F804B0BDE8F08700BFEC2400207C2C00206C2C002012280020F8B51C4F00
:2014E0001C4A3B7E92F80621FA71FF2B22D007F1080696E80F00184D07F1180485E80F000D
:2015000094E80F0086E80F0095E80F0084E80F00124C00F0DFFC23882833FA1881200021B9
:20152000F852518000F0B0FC23880D4A1344C0435880F8BD07F1080494E80F0007F1180567
:2015400085E80F0029462046FFF75AFEE0E700BF7C2C0020FC2A0020F424002012280020C6
:20156000A42C002008B5094B1B6863B11A7A8242FAD15A7A914201D0FF2AF5D15B6813B1C2
:201580009847002008BD012008BD00BFF024002001460148F5F75CBFF02400202DE9F84F86
:2015A000494B1B783A2B05460E46174600F08480464C62892389A1891343E2890B43218AA2
:2015C0001343628A0B43A18A1343E28A0B4313439BB2002B42D0237AFF2B3FD03C4BDFF82C
:2015E00004A11B6BDFF8F0B0DFF8F090984704F11808BAF800C098E80F000CF1300C1FFAAB
:201600008CFCBCF5A06F28BF4FF4A06C8BE80F000023ACF13002214604F13000AAF800C0EA
:20162000A9F8003002F016FB04F108030FCBDFF8B8E09BF800C09EF806E184F807E088E8EA
:201640000F004FF0600E3A23BCF1FF0FC4F800E0A37107D1042D01D1022E03D0BDE8F84F3C
:2016600000F0A2BF1B481C4900F12408FFF7C8FDB9F800B00BF128033846E5541C44A8F141
:201680000405667000F082FFBAF8001048F80B00283989B2A8F12C0000F0CAFFB9F80030F2
:2016A0002B4400225A8000F0EFFBB9F800302B44C0435880BDE8F88F084A094B1288D35625
:2016C000002BFFF675AFC9E7382800207C2C0020F8450100842C0020F4240020122800202E
:2016E000A42C00206C2C0020FC2A00202DE9F8439EB21D4B1D4C93F80631E3710546331DD9
:2017000060208846206099B220463A231746A37100F08EFF2DB328686968AA68EB68DFF882
:20172000549004F118050FC504F10800A5F11001FFF766FDB9F8003028331A19002103F857
:2017400004805770518000F09FFBB9F80030084A1D442C36C04368801680BDE8F843FFF796
:20176000A1B8BDE8F88300BFFC2A00207C2C00206C2C00201228002008B505480549F5F7CD
:2017800067FEBDE8084002480349F5F761BE00BFF0240020980200208C0200202DE9F04FA6
:2017A0009C4E9D4FB6F800C039880CF140028A4285B003D8994CE379FF2B04D000F0F4FEE8
:2017C00005B0BDE8F08F0CF12C0020440379FF2BF4D004F1280363445B78002BEED1DFF8DE
:2017E00054A28F4DCAF800300CF1420E14238E452B8071DADFF8409204F1080B04F12C08FE
:2018000012E02B88B6F800C039880CEB030242440CF12C00527803EBC2039BB2C21802F1B2
:20182000020E8E452B8056DA63442C33E01840780028C3D0E35C012BE3D102F109038B428E
:20184000BCDA61892389A0890B43E1890343208A0B43618A0343A08A0B43E18A03430B4395
:2018600022449BB2CAF80020002BA7D052F8020F516802AB03C35846FFF738FA0246C9F8DB
:20188000000098B1FFF72CFA0146002896D0DAF800000822023002F0C1F980B9D9F80030FA
:2018A0005A7C002AADD102225A74AAE705230190009302A902235846FFF7B6F9A1E702A995
:2018C0004846FFF7D1F90028FFF678AFD9F8003002225A7495E720440430FFF765FB514D7B
:2018E000286000283FF46AAF62892389A1891343E2890B43218A1343628A0B43A18A134360
:20190000E28A0B4313439BB2002B3FF457AF464F3846FFF749FB00287FF450AF228B40F240
:20192000FF239A420CD1A28B638BE18B1343228C0B4313439BB21BB9638CB3F5807F57D0BF
:20194000DFF8F8804046FFF72FFB2B6883427FF435AF97E80F0088E80F0033884344183349
:201960000FCB87E80F0000F01FFE60232B482360282100F05DFE328829682C4F02F1280014
:2019800002F12C034FF63A7E4FF0880CE025A4F806E024F800C0E55440322344D1F800C057
:2019A000D1F80480D1F808E0C96819612518A018C3F804C0C3F80880C3F80CE002210023DA
:2019C000D7F800E07F68A1544170C0F802E0C0F80670C0F80A30C3816B8000F055FA3388E8
:2019E000134A1344C2435A80502000F015FEE7E694F82430FF2BA3D197E80F0007F1100CF4
:201A00008CE80F0033883B4428330FCB87E80F00A9E700BF122800206C2C00207C2C00202D
:201A20000E28002004250020842C0020742C0020A42C00200C25002008250020942C002009
:201A40000148FFF7A5BD00BFA402002010B5084B84B09B690C4601466846984721466846D5
:201A6000102202F0DBF8B0FA80F0400904B010BDF845010070B50B4B1C6844B106460D46BA
:201A800015B1A368B34205D02468002CF8D10024204670BD29462046FFF7D8FF0028F3D0E6
:201AA000204670BD1025002030B5114B87B005465B69019102A8984701992846FFF7DAFFC5
:201AC00002A904462846FFF7D5FF5CB184420CD01023646934B1A04207D0013BF9D1184628
:201AE00007B030BD204607B030BD012007B030BDF845010070B515460646FFF7BBFF30B1D8
:201B00000446406918B115B183689E4200D070BD2946FFF79BFF0028F9D063683C2B84BF16
:201B20003C23636070BD00BF2DE9F8439146064698460F46FFF79EFF494604463046FFF718
:201B400099FF0546B9F1000F00D068B3E4B1C4E901863A46394652F8083F52682261E36025
:201B60003046FFF7A1FF18B965612046BDE8F8833046394666696561FFF796FF0028F4D13A
:201B800066612046BDE8F8830D48F5F7CDFD0446A0B10023436101460A48F5F759FC0A4A5D
:201BA000136801331360D2E7024649464FF0FF333046FFF7B9FF05460028C7D10024D4E7F4
:201BC000B002002010250020A426002010B5044B044800241C60F5F795FD034B1C6010BDDF
:201BE000A4260020B0020020102500202DE9F047184F3D6895B1DFF86080DFF8609006466B
:201C0000BA462C462D68636853B15A1C04D0B3428CBF9B1B00236360002DF2D1BDE8F087BC
:201C20003B6813B905E01B681BB15A69A242FAD1F2E721465046F5F757FC21464046F5F7A1
:201C40008FFDD9F80030013BC9F80030002DD8D1E4E700BF10250020B0020020A426002059
:201C6000F0B50B4E346883B084B10A4D0A4F0194214630462468F5F737FC01993846F5F791
:201C80006FFD2B68013B2B60002CF0D103B0F0BD10250020A4260020B002002038B511B171
:201CA000B2F59A6F03DD094C0023238038BD084D064C28600748228001F0CCFF042000F094
:201CC00093F9FEF7EFFD0023238038BD8C31002080310020AC2C00202DE9F04184B0BDF806
:201CE00028E0E3B104461D4694460F460FC86E4686E80F0028686968AA68EB68B4F8128060
:201D000025460FC5624639462046A4F812E0FFF7C5FF96E80F0084E80F00A4F8128004B0C5
:201D2000BDE8F081013AF0B48E18B1421DD2CF43F51925F001030D1D1D448A1C12F8024C64
:201D400012F8013C03EB04239BB2184480B2834288BF013002F1020288BF80B2AA42EDD1F5
:201D6000F31923F00103023319448E4201D0F0BC7047337800EB032080B2B0EB032F3CBFF7
:201D8000013080B2F0BC704770B5134D82B00646284600F051FC114B1C88031B9BB2ADF8BF
:201DA0000630BDF8063016FA83F005F10801202280B2FFF7B7FFBDF8062004F128012944FA
:201DC00092B2FFF7AFFF18B140BA80B202B070BD4FF6FF7002B070BD7C2C00201228002092
:201DE0002DE9F0414678C478F6000836231D9E4200F102021FDB0221DFF8888007460234DA
:201E00000D461378012B0AD0632B1FD0DBB103F0C003802B2FD0C02B21D0402B1CD02C44D2
:201E2000A5B26B1CB342294627DA7A19547802346319B342E5DD124B04200221D21AFFF711
:201E4000ADFB022009E00135ADB2EAE7D8F83830384698470028E2D10120BDE8F081084B6F
:201E6000197EFF29F8D0D21A02210420FFF796FB0220BDE8F081024BF5E70020EDE700BF0D
:201E80007C2C0020F84501003A20FFF77DBF00BF08B500F079FCFFF763FAFFF76DFCFFF727
:201EA000CFFD0A4B0A4900224FF4806008801A821A86A3F85020A3F87020A3F89020A3F889
:201EC000B020A3F8D020A3F8F02008BD903100201028002070B5164B1C8804B3154E328800
:201EE00004F1270393421DDA134D144B04F12801283A1B78AB71121B294405F1280001F060
:201F0000A9FE604200B200F069FB044640B131882839284689B200F08BFB204670BD012446
:201F2000204670BD002400F03FFB204670BD00BF122800206C2C00207C2C00203828002014
:201F40002DE9F041DFF89C80234CB8F8007084460137BFB2B7F5FA4F28BF4FF480571F4AE6
:201F60003D0A45EA0725ADB2964613461E8AAE4203F12003ECD09C42F8D1A8F800700023E6
:201F8000168A203236B10133082BF9D100263046BDE8F0810EEB43165C0135827182BCF17F
:201FA000000F12D0DCF80000DCF80410DCF80820DCF80C3035460FC5094A0EEB040392F83C
:201FC00006211A753046BDE8F0814EF804C0C6E901CCC6F80CC0EFE7903200209031002016
:201FE000FC2A0020102800202DE9F04F042885B037D09E4D9E4C9F4F2F600528276017D099
:202000009D4E3388272B07D917F83C3C03F0F003602BA7F13C0B75D0DFF87C82974F00F021
:20202000C3FA00233B7088F8003005B0BDE8F08F934B1B681B8A002BEED092488E49DFF815
:202040005C92DFF8548200230C3F08222F60276003600B80A9F8003088F80020FEF70CFDDA
:2020600003E0DFF83892DFF83082B9F80030002BD4D0DFF820B2804A834C03F108015846C6
:20208000303389B2138000F0D3FA7D4B21881B68B9F800201D7D8BF8075028310BEB0100C9
:2020A000083252BA112600258BF80660C58082801A8A6025ABF800502BF801205A8A428048
:2020C0000FCB0BF1180585E80F0029460BF10800FFF796F8654B0BF13C0230461A60FFF7CA
:2020E00053FE2388C043283380B25B4400286ED0D8800023ABF80230002388F8003005B077
:20210000BDE8F08F584600F097FA3388834283D3584600F091FA283081B2B1F5A06F31809C
:202120003FF67AAF594A00235846137000F0BEFA00283FF471AF9BF80830DFF84C81A7F130
:202140001409A0EB0900FF2BA8F800003FF464AF31880DF10F020123584600F073FA18B10E
:202160009DF80F30002B78D04948FEF71DFF002800F09680414F318846484FF0000C012302
:202180000DF10F0287F800C000F05CFA8246002845D09DF80F30062B43D0112B00F00281DF
:2021A0003A2B00F0E380002B00F0D4802B3BDAB2112A36D8112B34D8DFE803F01815333328
:2021C000333333333333333333333333153C4FF6FF72DA808DE71846FFF7D6FD4FF6FF73E8
:2021E000984200F0EA80DFF8B08018E73B785A0717D49AF8032043F004033B70002A40F0B2
:2022000067813188AAEB0B03C91A504689B200230DF10F0200F016FA82460028B9D14FF0DB
:20222000000AAAEB0B0201210420FFF7B7F9DFF8688061E73B78980740F194805906F0D445
:2022400043F040033B705046FFF7CAFD0128CAD00228D6D1DFF840804EE7FFF7C1FD0128CD
:202260003FF4DAAE02287FF47FAFF3E784310020702C0020B82C00206C2C00203728002032
:2022800080310020883100201228002038280020942C00207C2C00207C3100208C31002068
:2022A000B148FEF741FF00287FF464AF9BF81830FF2B3FF4B1AEBBF81830BBF8082048F29B
:2022C000FE018B4200F0BF808A4200F0CD80BBF80A10BBF80C000A43BBF80E100243BBF858
:2022E00010000A43BBF812100243BBF814000A43BBF8161002430A4392B2002A3FF48CAE0D
:20230000BBF81A20BBF81C10BBF81E0013430B43BBF82020BBF8221003431343BBF8242011
:202320000B4313439BB22BB9BBF82630B3F5807F3FF472AE3388B3F5A06F00F2C0809BF88E
:202340000730012B40F2B380013BDFF834828BF80730D1E63B78DA073FF563AF43F001036A
:202360003B704EE743F002033B706CE71846FFF70BFD4FF6FF7398427FF435AFB8F8003023
:2023800028330BEB03021BF803005178FFF7EAF8012800F0E5803388DFF8E481002B7FF41D
:2023A000ABAE3CE60193FFF795FDB8F80020019B4A44D288002A7FF40EAFB8F8003028339D
:2023C0009B44BBF802A0BAF1000F3FF40CAF674FDFF8B08107F58079C8F8007004E0203703
:2023E0004F45C8F800705AD03B8A002BF7D09A45F5D17B8A5E48394610221BB1BBF800C0F8
:202400009C45ECD13B682BB97B681BB9BB680BB9FB681BB101F002FC0028E0D13388554AA8
:20242000DFF86491DFF85881303B338000231360A9F800300222504B88F800202B6023602E
:20244000FEF71AFB11E69A427FF4E6AD4648FEF78DFD024600287FF4DFAD02210120FFF7E3
:202460009DF8DFF81C8147E6BBF81A40BBF81C10BBF81E20BBF8200023430B431343BBF8B9
:202480002210BBF8242003430B4313439BB2002BDCD1BBF82630B3F5807FD7D1BCE50022E9
:2024A00004210120FFF77AF8DFF8D48024E6002211460320FFF772F8DFF8C4801CE64FF4DD
:2024C000A06200210220FFF769F8DFF8B48013E62A4BDB6B984700283FF4A3AE3388B3F5B3
:2024E000A06FECD89BF80730012BE0D9013B1E488BF80730FEF758FD00287FF492AE1A4877
:20250000FEF712FE00287FF48CAE9BF81830FF2B3FF487AEBBF81830BBF81A2013439BB2E9
:20252000002B7FF497AEBBF81E10BBF81C30BBF82020BBF822000B431343BBF82410BBF8D2
:20254000262003430B439BB252EA03013FF469AE002B7FF47FAEB2F5807F7FF47BAE60E677
:2025600000F022F817E700BF942C002090310020842C002088310020AC2C0020F8450100F4
:202580007C310020803100208C310020054A030C02EA00225BBAC0F307209BB2104343EA98
:2025A0000040704700FFFF0030B4074B074C084D0FCB84E80F000749074A00230B80137021
:2025C0002B8030BC704700BFB8260020A82600206C2C002012280020382800200C490B8888
:2025E0001A18B2F5A06F11D810B40A4C2288C24208D480B2024418440880228001205DF8F2
:20260000044B704700205DF8044B7047002070476C2C002012280020B0F5A06F98BF034AF8
:2026200003469ABF13800120002070476C2C002049BA8180704700BF0379407900EB0320F8
:2026400080B27047BBB1837913702823994219DB1278062A184417D0112A1BD03A2A1FD016
:202660009A1C8A420ED84278D200083213449942B8BF00207047037813704378DB000833DD
:202680009942E5DA00207047142213449942B8BF00207047082213449942B8BF0020704769
:2026A000042213449942B8BF00207047F8B5012307461546FFF7C6FFD0B10E46044609E038
:2026C000BCF1110F12D0BCF13A0F0FD0FFF7BAFF044668B195F800C0E11B711ABCF1060FCE
:2026E00020464FF000032A4689B2E9D12046F8BD00242046F8BD00BFF0B585B00123019223
:202700000DF10F02019D0746FFF79CFF04460E4668B91BE0BCF1060F1AD0BCF1110F17D014
:20272000BCF13A0F14D0FFF78DFF044670B19DF80FC0E11B711AAC4520464FF000030DF150
:202740000F0289B2E6D1204605B0F0BD9DF80FC0AC4518BF0024204605B0F0BD07289ABF0E
:20276000024B33F810000020704700BFA8260020072803469DBF034A012022F813100020AE
:20278000704700BFA8260020054B00224FF6FF71C3E901221A60DA601A811980704700BF81
:2027A000B82600202DE9F04F0E4687B0002972D0002A74D013888146002B44D00024DFF8C6
:2027C000F4A0DFF8F4B0551CA046022709E0B8F1000F20DB53D008F10108102F17D002374A
:2027E000023515F8012C2B7803EB02239BB2002BEDD0B8F1000F0EDD4FF0FF38311B09EB24
:2028000004005246FDF71AF90444A642E5D8204607B0BDE8F08F022F09D1311B09EB040098
:202820005246FDF70BF90444A642D8D8EFE7311B09EB04005A460593FDF700F90444A642B9
:20284000059BDBD8E3E75388002BB7D19388002BB4D1D388002BB1D11389002BAED15489D7
:202860004FF6FF739C42A9D1D57B947B537B0093CDE90145137B0C4AFDF7E0F8C8E7311BE2
:2028800009EB0400094AFDF7D9F80444A642BED94FF00108A1E7084607B0BDE8F08F044A1A
:2028A000FDF7CCF80E20B3E7B0480100C4480100A0480100CC480100C848010041B94FF04A
:2028C000A04303214FF40022C3F84C17C3F80C25704700BF30B40A4B0A4D1D604FF08052EE
:2028E0000949146952695C6102FB04F20024C3E90244491B59601A6130BC0448EEF708BF0C
:20290000D826002000100000A44A0100D04801002DE9F047032908D8DFE801F009342A0207
:202920001B491C4A00230B701370BDE8F0871A4F1A4EDFF86CA08846814606E04022314688
:202940005046F0F7A9FB0028EFD14846F0F7A0FB3B680546002BF1D00028EFD0444600E033
:202960003B68305D0134E4B29847A542F8D8E5E740220A490A48F0F78FFB064B01221A7084
:20298000BDE8F087024B00221A70BDE8F08700BF3B2800203A280020F02600207C27002049
:2029A000F4480100083808B5062805D8DFE800F00E161F040404050008BD0F490F4A00232E
:2029C0000B701370BDE80840EEF77EBEF7F786FB0028F1D1BDE80840EEF774BE0649074AEE
:2029E00000230B701370BDE80840EEF783BEBDE80840EEF76BBE00BF3B2800203A280020E4
:202A000008B5F1F7C5F90948EEF7B8FD00B108BD0748EEF77DFE0028F9D1EEF73BFE00280B
:202A2000F5D1044A044B1070187008BD18490100F44801003A28002039280020124B1B78D4
:202A40000BB32DE9F041114D2B78D3B9104E3378BBB10123DFF840800E4F2B70327841468B
:202A60003846F0F7F1FA044600F07EF8002CF5D12B7823B100F078F82B78002BFAD10023D1
:202A80003370BDE8F08170473A2800203B28002039280020F4480100BC270020114B1B7811
:202AA000ABB1114B1A783F2A0DD810B419781A780E4C0132D2B21A701B786054402B0DD06D
:202AC0005DF8044B70471B78402B05D0704703F0FF02054B1A707047FFF7B0BF5DF8044B83
:202AE000FFF7ACBF3A28002039280020BC2700204FF0A0434FF49A510022C3F80815C3F86A
:202B00000C25704700B5104B93E8070085B001AB83E807000D491846F8F772FA48B90C4884
:202B2000F8F7A8FA60B90B4B01221A7005B05DF804FBEEF75FFC0648F8F79CFA0028F2D0E2
:202B4000EEF758FCEFE700BF24490100F12A01003C2800203D280020024B1B7803B97047C1
:202B6000F8F77ABA3D280020034B1B7803B97047024B1878F8F7A4BA3D2800203C28002026
:202B800008B5074B044613B10021AFF30080054B1868836A03B19847204600F0C1FE00BFB1
:202BA000000000003049010070B50D4D0D4C641BA4100026A64209D10B4D0C4C01F000FA0D
:202BC000641BA4100026A64205D170BD55F8043B98470136EEE755F8043B98470136F2E7BF
:202BE00034030020340300203403002038030020174B10B51C68A36BB3B9182000F068F8C8
:202C0000A06328B90246134B13484E2100F030F8124A134BC0E90023124B83600B23838150
:202C200001220023C0E90423A16B0F480A694B690E4C504304FB0300A2FB04345A1C044472
:202C400044F10000C1E9042020F0004010BD00BFCC02002094490100AB4901000E33CDAB1B
:202C600034126DE6ECDE05002DF451582D7F954C1FB514461A46094B1B680546D8684CB1A8
:202C8000074B0091CDE9013406492B4600F00EF801F0C5F8044B1C46F3E700BFCC020020CA
:202CA000274A0100344A0100624A01000EB403B5014603AB054853F8042B0068019300F054
:202CC000B9F802B05DF804EB03B07047CC020020024B0146186800F053B800BFCC02002039
:202CE00037B5002948D051F8043C0190002BA1F10404B8BFE41800F085FD204A0198136865
:202D0000154633B96360146003B0BDE8304000F07FBDA3420BD921686218934204BF1A685B
:202D20005B68636004BF521822602C60ECE71A465B680BB1A342FAD911685518A5420BD1BF
:202D4000246821445418A3421160DDD11C685B68536021441160D7E702D90C230360D3E75D
:202D6000256861198B4204BF19685B68636004BF491921605460C7E703B030BDFC270020CA
:202D8000F8B5CD1C25F0030508350C2D38BF0C25002D064601DBA94203D90C2333600020E4
:202DA000F8BD00F02FFD21490A6814469CB9204F3B6823B92146304600F092FA3860294669
:202DC000304600F08DFA431C23D10C233360304600F01EFDE3E723685B1B17D40B2B03D9A8
:202DE00023601C44256004E06368A2420CBF0B605360304600F00CFD04F10B00231D20F030
:202E00000700C21ACCD01B1AA350C9E722466468CCE7C41C24F00304A042E3D0211A304633
:202E200000F05EFA0130DDD1CFE700BFFC270020002800202DE9F04F0D469DB0144698463E
:202E4000064618B183690BB900F01EFC894B9D421BD175686B6ED90705D4AB899A0502D4EC
:202E6000A86D01F019F8AB891B0701D52B69EBB92946304600F096FAC0B16B6EDC070ED562
:202E80004FF0FF301DB0BDE8F08F7B4B9D4201D1B568DFE7794B9D4208BFF568DAE7AB89BD
:202EA0009805EDD4A86D00F0F8FFE9E70023099320238DF82930CDF80C803023DFF8C0814C
:202EC0008DF82A304FF0010923469A4613F8012B0AB1252AF9D1BAEB040B0BD05B462246DE
:202EE0002946304600F01CFF013000F0AA80099A5A4409929AF80030002B00F0A280002399
:202F00004FF0FF32CDE905230AF1010A049307938DF853301A935446052214F8011B5848EE
:202F2000EEF76EF9049AD8B9D10644BF20238DF85330130744BF2B238DF853309AF80030BC
:202F40002A2B15D0079A544600204FF00A0C214611F8013B303B092B4ED9B0B1079214E027
:202F6000A0EB080309FA03F313430493A246D2E7039B191D1B680391002BBBBF5B4242F0D5
:202F8000020207930793B8BF049223782E2B0CD163782A2B35D1039B1A1D1B680392002BCD
:202FA000B8BF4FF0FF3302340593DFF8E4A0217803225046EEF724F940B14023A0EB0A00C1
:202FC00003FA00F0049B03430134049314F8011B2C488DF828100622EEF712F900283FD0AB
:202FE000294B1BBB039B073323F0070308330393099B3B44099367E70CFB02320C46012006
:20300000A5E700230134059319464FF00A0C204610F8012B303A092A03D9002BC5D0059117
:20302000C3E70CFB012104460123F0E703AB00932A46164B04A93046AFF300800746781C40
:20304000D6D16B6ED90705D4AB899A0502D4A86D00F023FFAB895B063FF512AF099811E744
:2030600003AB00932A46094B04A9304600F012F8E4E700BF544901007449010034490100CA
:20308000634A01006D4A010000000000213D0100694A01002DE9FF470C469146277E0C99E8
:2030A000782F80469A4604F1430207D8622F0AD8002F00F0D880582F00F0A38004F14206E9
:2030C00084F842703AE0A7F16303152BF6D801A050F823F02D31010041310100BD300100E0
:2030E000BD300100BD300100BD30010041310100BD300100BD300100BD300100BD300100DB
:203100004D320100713101002F320100BD300100BD3001006F320100BD300100713101001B
:20312000BD300100BD300100373201000B681A1D1B680A6004F1420684F842300123A3E0E0
:20314000256808682E0600F104030AD505680B60002D03DA2D236D4284F843305E480A23C4
:2031600019E015F0400F05680B6018BF2DB2EFE70B682568181D0860280601D51D6802E096
:203180006906FBD51D8854486F2F0CBF08230A23002184F843106668A660002EA2BF216812
:2031A00021F0040121600DB9002E4DD01646B5FBF3F103FB1157C75D06F8017D2F46BB42FF
:2031C0000D46F4D9082B0BD12368DF0708D5236961689942DEBF302306F8013C06F1FF36EB
:2031E000921B2261CDF800A04B4603AA2146404600F0A8FD01304CD14FF0FF3004B0BDE865
:20320000F087354884F8457023680E681F0656F8045B0E6014D5D90744BF43F020032360A3
:203220001DB9236823F0200323601023B0E7236843F0200323607823284884F84530E3E780
:203240005E0648BFADB2E6E71646BBE70B68266860691D1D0D6035061B6801D5186002E07A
:203260007106FBD51880002323611646BAE70B681A1D0A601E68626800213046EDF7C0FF2D
:2032800008B1801B606063682361002384F84330A8E72369324649464046D0470130ABD04E
:2032A00023689B0713D4E068039B9842B8BF1846A4E70123324649464046D04701309BD076
:2032C0000135E36803995B1AAB42F2DCEBE7002504F11906F5E700BF744A0100854A01006C
:2032E00038B5064D0023044608462B60FDF78CF9431C02D12B6803B1236038BD90320020FC
:20330000F8B50E461446054618B183690BB900F0BBF9214B9C422BD16C68A369A360A38995
:203320001A072FD523696BB323692068C01A6369F6B28342374604DC2146284600F026F956
:2033400030BBA368013BA36023685A1C22601E7063690130834204D0A389DB0706D50A2E70
:2033600004D12146284600F011F988B93846F8BD0A4B9C4201D1AC68CFE7094B9C4208BF6D
:20338000EC68CAE72146284600F00CF80028CBD04FF0FF37EAE700BF54490100744901003B
:2033A00034490100324B70B51D6806460C4625B1AB6913B9284600F067F92E4B9C420FD11F
:2033C0006C68A389B4F90C2019072CD4DD0611D40923336042F04003A3814FF0FF303EE048
:2033E000254B9C4201D1AC68EBE7244B9C4208BFEC68E6E7580712D5616B41B104F1440352
:20340000994202D03046FFF76BFC00236363A38923F02403A3810023636023692360A38998
:2034200043F00803A38123694BB9A38903F42073B3F5007F03D02146304600F0A3F9A08958
:20344000B4F90C2010F001030AD00023A36063695B42A361236943B910F08000BAD170BD62
:20346000810758BF6369A360F4E70020F7E700BFCC0200205449010074490100344901007E
:203480008A892DE9F041054610070C4658D44B68002B05DC0B6C002B02DC0020BDE8F0817D
:2034A000E66A002EF9D0002312F480522F682B6032D0606DA3895A0705D56368C01A636BFF
:2034C0000BB1236CC01A00230246E66A216A2846B047431CA38906D129681D292CD82A4A6B
:2034E000CA40D60728D500226260D9042269226004D5421C01D12B6803B96065616B2F60A2
:203500000029CAD004F14403994202D02846FFF7E7FB00206063C1E7216A01232846B0471A
:20352000411CC7D12B68002BC4D01D2B01D0162B01D12F60B1E7A38943F04003A381ADE797
:203540000F69002FA9D093070E6808BF4B690F6018BF0023A6EB07088B60B8F1000F9CDD9B
:20356000216AA66A43463A462846B047002806DCA38943F04003A3814FF0FF308EE7074444
:20358000A8EB0008E9E700BF0100402038B50B6905460C4613B90025284638BD18B1836999
:2035A0000BB900F071F8144B9C421BD16C68B4F90C30002BEFD0626ED00704D4990502D42B
:2035C000A06D00F069FC28462146FFF759FF636EDA070546E0D4A3899B05DDD4A06D00F03B
:2035E0005CFCD9E7054B9C4201D1AC68DFE7044B9C4208BFEC68DAE7544901007449010074
:2036000034490100002310B50446C0E90033C0E90433836081814366C28183611946082200
:203620005C3000F031FB054B6362054BA362054BE362054B2462236310BD00BF393F010082
:203640005B3F0100933F0100B73F0100014900F003BC00BF8D350100014800F01DBC00BFB9
:20366000A4320020014800F018BC00BFA4320020014800F011BC00BF9F320020014800F0A3
:203680000CBC00BF9F32002010B50446FFF7F0FFA3691BB1BDE81040FFF7F0BFC4E912335A
:2036A0002365134B134A1B68A262A34204BF0123A361204600F020F86060204600F01CF8D8
:2036C000A060204600F018F80022E06004216068FFF798FFA06801220921FFF793FFE06883
:2036E00002221221FFF78EFF0123A361D2E700BF304901004D360100F8B50746FFF7ACFFB7
:203700001E4B1E68B36913B93046FFF7BDFF4836D6E90134013B03D533680BB33668F7E74F
:20372000B4F90C50D5B9164BE36004F15800656600F0B1FBFFF796FFC4E90155C4E9045506
:203740002560A5610822294604F15C0000F09CFAC4E90D55C4E912552046F8BD6834D9E7D4
:203760000421384600F062FB044630600028D5D1FFF778FF0C233B60EEE700BF304901006C
:203780000100FFFF8B8973B59D0706460C4607D504F14703236023610123636102B070BDC3
:2037A00001AB6A4600F07AFB009905463046FFF7E7FA48B9B4F90C309A05EFD423F00303B2
:2037C00043F00203A381E3E70D4BB362A389206043F08003A381009B6361019B20615BB148
:2037E000B4F90E10304600F067F828B1A38923F0030343F00103A381A0890543A581CDE775
:203800004D360100014800F047BB00BFA0320020014800F042BB00BFA0320020024B0146BD
:20382000186800F05FBB00BFCC02002038B5074D00230446084611462B60FCF707FF431C1B
:2038400002D12B6803B1236038BD00BF9032002038B5074D04460846114600222A601A46F9
:20386000FCF700FF431C02D12B6803B1236038BD9032002038B5064D0023044608462B60FD
:20388000FCF7D8FE431C02D12B6803B1236038BD9032002038B5074D002304460846114639
:2038A0002B60FCF7CBFE431C02D12B6803B1236038BD00BF9032002038B5064D0023044682
:2038C00008462B60FCF7C0FE431C02D12B6803B1236038BD9032002038B5074D04460846B2
:2038E000114600222A601A46FCF7B4FE431C02D12B6803B1236038BD9032002038B5074DAC
:2039000004460846114600222A601A46FCF7A6FE431C02D12B6803B1236038BD9032002042
:20392000FEE700BF53B94AB9002908BF00281CBF4FF0FF314FF0FF3000F06EB9ADF1080C3B
:203940006DE904CE00F006F8DDF804E0DDE9022304B070472DE9F047089D04468C46002B09
:2039600040F083808A42174647D9B2FA82F242B1C2F1200024FA00F09140974040EA010CF8
:2039800094404FEA1748230CBCFBF8F61FFA87FE08FB16C143EA014306FB0EF1994209D941
:2039A000FB1806F1FF3080F01981994240F21681023E3B445B1AA4B2B3FBF8F008FB1033BA
:2039C00044EA034400FB0EFEA64509D93C1900F1FF3380F00581A64540F2028102383C44D6
:2039E00040EA0640A4EB0E0400261DB1D4400023C5E900433146BDE8F08702B9FFDEB2FAC3
:203A000082F2002A50D1CB1B4FEA174E1FFA87F80126B3FBFEFC210C0EFB1C3341EA034108
:203A200008FB0CF38B4207D979180CF1FF3002D28B4200F2E9808446C91AA3B2B1FBFEF082
:203A40000EFB101143EA014408FB00F8A04507D93C1900F1FF3302D2A04500F2D980184630
:203A6000A4EB080440EA0C40BFE78B4209D9002D00F0B1800026C5E9000130463146BDE82B
:203A8000F087B3FA83F6002E4AD18B4202D3824200F2B880841A61EB030101208C46002DA2
:203AA000A8D0C5E9004CA5E7C2F1200320FA03F6974001FA02F04FEA174ED9403043030C22
:203AC000B1FBFEF61FFA87F80EFB161143EA014306FB08F1994204FA02F409D9FB1806F158
:203AE000FF3C80F08D80994240F28A80023E3B445B1A81B2B3FBFEF00EFB103341EA034139
:203B000000FB08F38B4207D9791800F1FF3C73D28B4271D902383944CB1A40EA064678E778
:203B2000C6F1200C03FA06F422FA0CF31C4320FA0CF701FA06F34FEA144E21FA0CF11F430B
:203B40003B0CB1FBFEF91FFA84F80EFB191143EA014109FB08FA8A4502FA06F200FA06F388
:203B600008D9611809F1FF3048D28A4546D9A9F102092144A1EB0A01BFB2B1FBFEF00EFB05
:203B8000101147EA014700FB08F8B84507D9E71900F1FF312ED2B8452CD90238274440EAC1
:203BA0000940A7EB0807A0FB02894F45C64649461AD317D05DB1B3EB0E0267EB010707FADB
:203BC0000CFCF2404CEA0202F740C5E9002700263146BDE8F0872E4628460BE70646E9E6BD
:203BE0001846FDE64345E5D2B8EB020E69EB04010138DFE70846D2E760468DE78146B9E7B2
:203C0000664675E730464AE7ACF1020C394413E702383C4424E700BF704700BF30B50139BA
:203C20000024A24201D1002005E0035D01340D5DAB42F6D0581B30BD0A44914200F1FF334F
:203C400000D1704710B511F8014B03F8014F9142F9D110BD884210B501EB020402D98442EB
:203C6000234607D8431EA14208D011F8012B03F8012FF8E7024401468A4200D110BD13F89F
:203C8000014D02F8014DF7E702440346934200D1704703F8011BF9E7034613F8012B002A23
:203CA000FBD1181A0138704710B56AB10139841810F8013B11F8012F934203D1A04201D087
:203CC000002BF5D1981A10BD1046FCE710B50139034632B111F8014F03F8014B013A002C09
:203CE000F7D11A440021934200D110BD03F8011BF9E79368013B002B10B4936008DA94691B
:203D0000A34201DB0A2903D15DF8044BFFF7F8BA1368581C1060197008465DF8044B7047FE
:203D2000F8B506460F461446D518AC4201D1002007E014F8011B3A463046FFF7DAFF431CDB
:203D4000F3D1F8BD2DE9F047164699468A680B69DDF820809342B8BF1346336091F8432063
:203D600007460C460AB1013333602368990642BF336802333360256815F0060506D104F12B
:203D8000190AE36832689B1AAB4226DC94F84320131E226818BF012392062BD404F1430201
:203DA00049463846C04701301ED02368E568326803F00603042B08BFAD1AA36822690CBF44
:203DC00025EAE57500259342C4BF9B1AED1800261A34B5421AD1002008E00123524649469A
:203DE0003846C047013003D14FF0FF30BDE8F0870135C6E7E1185A1C302081F843002244EB
:203E000094F8451082F843100233C7E70123224649463846C0470130E6D00136D9E708B5D6
:203E20000620FFF7FBFC0120FFF77AFD70B54A1E682555430E4605F17401FEF7A1FF044691
:203E400040B10021C0E900160C30A06005F16802FFF71AFF204670BD2DE9F84306468846E8
:203E600000F148040027D4E90195B9F1010905D52468002CF7D13846BDE8F883AB89012B7F
:203E800007D9B5F90E30013303D029463046C04707436835E9E770477047704770B50E460E
:203EA000B1F90E10002996B014461D4607DA00232B60B3891A0610D44FF480630EE06A467B
:203EC000FFF7E8FC0028F2DB019A02F47042A2F500535A425A412A60EEE74023002023604A
:203EE00016B070BD1F2938B504460D4604D9162303604FF0FF3038BD426C12B152F8213015
:203F00004BB9204600F016F82A4601462046BDE83840FFF78BBC012B0AD0591C03D116233A
:203F200003600120E7E7002442F82540284698470020E0E7FCF786BB10B50C46B1F90E1025
:203F4000FFF7DCFC0028ABBF636DA3891B1823F48053ACBF6365A38110BD2DE9F0411F4618
:203F60008B89DB0505460C46164605D5B1F90E1002230022FFF7B0FCA389B4F90E1023F4BB
:203F80008053A38132463B462846BDE8F041FFF75FBC10B50C46B1F90E10FFF79DFC431C0F
:203FA000A38915BF606523F4805343F48053A38118BFA38110BDB1F90E10FFF75BBC000087
:203FC000F8B500BFF8BC08BC9E467047F8B500BFF8BC08BC9E4670470100000101010100DE
:203FE0009114000008000000090000000A0000008500000080000000810000000D0000006E
:204000000E0000000300000003000000052D000085200000000000000000000000000000B5
:204020004C0900204040010001000203008000000F00000009020000000104803200000033
:204040003133000000000000000000000000000000000000120100020000004015190F5218
:20406000000101020301000031310000000000003531000058090020C93C00009D38000015
:2040800000000000000000000000000025303468582530386C580000000004030904000072
:2040A0004E6F726469632053656D69636F6E647563746F72000000006E52463532205553ED
:2040C0004220434443206F6E20436F6E74696B692D4E470044656661756C7420636F6E6679
:2040E000696775726174696F6E000000557365722031000098400100A0400100B84001004B
:2041000040280020D4400100EC4001000001020304050000427574746F6E203100000000F9
:204120000600010800010901010C0001427574746F6E2048414C2070726F636573730000C7
:20414000FF0006000000000000B000400B000300426C6F636B4F75744F6653636F7065008A
:204160004E6F426C6F636B31537570706F7274004E6F4672656554726142756666657200A9
:204180002E77656C6C2D6B6E6F776E2F636F726500000000546F6F4D616E794F6273657249
:2041A00076657273000000002573000063743D3430000000636F61702074696D65722070BB
:2041C000726F636573730000595000000D50000001500000436F415020456E67696E650040
:2041E00053657269616C697A656420686561646572206578636565647320434F41505F4D3A
:2042000041585F4845414445525F53495A450000436F41502076657273696F6E206D757385
:204220007420626520310000546F6B656E204C656E677468206D757374206E6F742062650E
:20424000206D6F7265207468616E20380000000054686973206973206120636F6E7374729A
:2042600061696E6564207365727665722028436F6E74696B692D4E4729000000556E7375D7
:2042800070706F7274656420637269746963616C206F7074696F6E004D61696E0000000077
:2042A000494E464F000000005B252D34733A20252D3130735D2000005374617274696E6735
:2042C00020436F6E74696B692D4E472D72656C656173652F76352E312D38312D67616430C5
:2042E0006430373338312D6469727479000000002D20526F7574696E673A2025730A0000CD
:204300002D204E65743A2025730A00002D204D41433A2025730A00002D203830322E313598
:204320002E342050414E49443A203078253034780A0000002D203830322E31352E34204441
:20434000656661756C74206368616E6E656C3A2025750A004E6F64652049443A2025750AB4
:20436000000000004C696E6B2D6C6179657220616464726573733A200000000054656E746A
:204380006174697665206C696E6B2D6C6F63616C204950763620616464726573733A200039
:2043A00043534D4100000000A043010059650000A5640000A96400004D64000059640000B3
:2043C000656400004374696D65722070726F6365737300004576656E742074696D6572004E
:2043E000616F0000596F00009D6D00000000000000000000284E554C4C204C4C20616464B7
:204400007229000025303278000000006E52463532383430204945454500000045525200D8
:20442000546F6F206C6F6E673A2025752062797465732C206D61782025750A0054583A20E3
:20444000746F6F206C6F6E6720282575206279746573290A000000006E52463532383430D5
:204460002049454545205246206472697665720009840000E580000015830000F58300009E
:204480008D7F0000C1810000757E000095840000998100008D7C0000B17C00001D820000D3
:2044A000DD7E0000DD7D00000000000002030405060708090B00000008010C0110011401D4
:2044C00018011C01200124012C0100000C0D0E0F10111213140000003001340138013C01C7
:2044E0004001440148014C0150010000359100006991000015990000259A0000699A00001F
:20450000AD9A0000F19A00009D990000E199000059990000E993000099980000C5A4000011
:204520002D9C0000359B0000B19B0000A59C0000219D00009D9D0000B59700003198000048
:204540006D9100002D92000021A60000199700004A6F696E000000004C6F63616C207265B5
:204560007061697200000000506F69736F6E20726F757465730000005369676E6966696329
:20458000616E742072616E6B2075706461746500476F7420706172656E7400004865617215
:2045A00064206F6C642076657273696F6E2066726F6D20726F6F74004D756C746963617318
:2045C0007420444953000000526561636861626C65000000496E697420726F6F7400000078
:2045E00044414F206D6178207274780052504C204C69746500000000EC45010039DB000021
:204600006DB8000085B8000005B90000D5BB0000A9DB000059BC0000CDDA0000E5DA0000EB
:20462000D5BC0000E9BC0000E1C300009DC4000051C3000059C10000E9C0000079DB000014
:2046400001DB0000D9DB000005DB0000766974616C5F7369676E730053656E736F72204E5F
:204660006F64650053656E736F72204E6F64652069732072756E6E696E67000050616E693D
:2046800063206D6F6465206465616374697661746564000050616E6963206D6F6465206123
:2046A00063746976617465640000000073706F323A2025642C205265737069726174696FD1
:2046C0006E20526174653A2025642C20486561727420526174653A2025640A00626E000034
:2046E000736E6F64655F300073706F320000000075000000250000007600000072657352E2
:2047000061746500622F6D696E00000068656172745261746500000062706D006920686159
:2047200076652073656E643A73706F323A2025642C205265737069726174696F6E20526184
:2047400074653A2025642C20486561727420526174653A2025640A2073656E6465642069A8
:204760006E20257A75206279746500007469746C653D22766974616C207369676E73223B81
:204780006F627300F00100200000000053656E736F72730053657269616C2064726976653D
:2047A0007200000091E3000029E30000736963736C6F7770616E0000002B2C3CFE800000B3
:2047C000AC470100CDE3000095F00000D9E80000000140FF008882800F2822200F25232134
:2047E000537461636B000000436865636B206661696C65643A2025752076732E2025750A71
:2048000000000000537461636B20636865636B003031323334353637383961626364656622
:204820000000000030313233343536373839414243444546000000003058000030780000A6
:204840002D0000002B00000020000000286E756C6C29000020202020202020202020202054
:2048600020202020303030303030303030303030303030305443502F495020737461636BD3
:204880000000000054656D70657261747572650084480100BD0A0100A50A0100B90A010081
:2048A000284E554C4C20495020616464722900003A3A464646463A25752E25752E25752EDA
:2048C000257500003A3A00003A00000025780000C826002078400100010200000F0000001A
:2048E0000000000010010000BC020020D8260020BD280100F42600200C4001000200010635
:2049000001020482810100000000010181000000112901003203002000000000A5290100AA
:204920000000000001000000D007000006000000D0020020000000000000000000000000A7
:20494000000000000000000000000000000000000000000000000000000000000000000057
:20496000000000000000000000000000000000000000000000000000000000000000000037
:2049800000000000000000000000000000000000000000005245454E54206D616C6C6F6301
:2049A00020737563636565646564002F6D6E742F776F726B73706163652F776F726B7370E1
:2049C0006163652F4743432D392D706970656C696E652F6A656E6B696E732D4743432D3948
:2049E0002D706970656C696E652D3230305F32303230303532315F3135393030353333375A
:204A0000342F7372632F6E65776C69622F6E65776C69622F6C6962632F7374646C69622FE2
:204A200072616E642E63002C2066756E6374696F6E3A2000617373657274696F6E202225F5
:204A40007322206661696C65643A2066696C6520222573222C206C696E65202564257325EC
:204A6000730A00232D302B2000686C4C00656667454647003031323334353637383941423A
:204A800043444546003031323334353637383961626364656600000000000000DCC8FE7F81
:204AA000010000000000000081140000000000000000000000000000000000000000000060
:204AC0000000000000000000000000000000000000000000000000000000000000000000D6
:204AE000000000000000000000000000144101000100000001010600000000001000002027
:204B000000000000000000002C4101008D3E000000000000600003003C0B0020400300202F
:204B2000000000000000000000000000AC410100414E0000000000000000000000000000F8
:204B40000000000000000000B4410100A112000000000000080104005C0B0020680400208C
:204B600000000000D44101004D53000000000000544401000C000800D80B0020780B00202C
:204B800038000200540C0020E40B00200C000800B80C0020580C002000000000C4430100C8
:204BA000956500000000000000000000D4430100A567000000000000000000000C000000CB
:204BC00000000000D00C0020030000000C001000840F0020C40E0020000000005844010078
:204BE000758000000000000000001A01021402149048010000000000F1B3000000000000FC
:204C000004000800F8140020D8140020AA000800501A0020001500200000000051C70000C7
:204C20009B0300000000000091C700009B02000000000000C1C800009B01000000000000BC
:204C400055CB00009B000000CDCF0000DDCF000099D00000B1D00000F1CF000069D000006E
:204C6000DDD00000D1CF000001000000D4010020000000000800000000000000681A002047
:204C800046000000000F0000140000000000000058460100E9DD0000000000005F000000E7
:204CA0000000000000000000400000006C470100A9DF000000000000000000000000000078
:204CC000FDDE0000000000008C4701006DE1000000000000000000009447010061E20000B8
:204CE000000000000000000004480100F1FA000000000000A83200200090D003000000001F
:204D000074480100B10901000000000000000000120000000000000058230020200002004C
:204D2000BC2400207C240020000000007514010081FF000000000000DD14010080FF000038
:204D4000000000009D17010087FF0000180010009426002014250020436F6E74696B692DBF
:204D60004E47204446550000D00200200000000054490100744901003449010000000000D3
:204D8000000000000000000000000000000000000000000000000000000000000000000013
:204DA0000000000000000000000000000000000000000000000000000000000000000000F3
:184DC000000000000000000000000000CDAB10005D1300003913000097
:0400000500006F691F
:00000001FF
