:020000040000FA
:2010000000000420ED5200001553000017530000195300001B5300001D5300000000000051
:201020000000000000000000000000001F53000021530000000000002353000025530000DC
:2010400009750000096B000005F70000275300002753000027530000A571000027530000A4
:2010600015C600002753000027530000197600002753000019750000275300002753000016
:2010800025960000275300002753000027530000275300002753000027530000275300003F
:2010A000275300002753000027530000275300002753000027530000000000000000000054
:2010C00027530000275300002753000027530000275300002753000027530000098E000023
:2010E00027530000275300002753000000000000000000002753000000000000275300008E
:201100000000000000000000000000000000000000000000000000000000000000000000CF
:201120000000000000000000000000000000000000000000000000000000000000000000AF
:2011400000000000000000000000000000000000000000000000000000000000000000008F
:2011600000000000000000000000000000000000000000000000000000000000000000006F
:2011800000000000000000000000000000000000000000000000000000000000000000004F
:2011A00000000000000000000000000000000000000000000000000000000000000000002F
:2011C00000000000000000000000000000000000000000000000000000000000000000000F
:2011E0000000000000000000000000000000000000000000000000000000000000000000EF
:2012000010B5054C237833B9044B13B10448AFF300800123237010BDDC020020000000002E
:201220001834010008B5034B1BB103490348AFF3008008BD00000000E002002018340100BD
:20124000A3F5803A704700BF174B002B08BF134B9D46FFF7F5FF00218B460F461348144A47
:20126000121A11F0B7FB0E4B002B00D098470D4B002B00D098470020002104000D000D4883
:20128000002802D00C48AFF3008011F0CBF92000290002F0B7FF11F0B1F900BF00000800B6
:2012A000000000000000000000000420DC02002074380020000000000000000000B585B056
:2012C0000346002101AA44F20100CDE90111039300F004F805B05DF804FB00BF72B6094B34
:2012E0001B68DB0700D500BEBFF34F8F0649074BCA6802F4E0621343CB60BFF34F8F00BF8B
:20130000FDE700BFF0ED00E000ED00E00400FA050378052B02D0094B1B681847084BD3F8CC
:201320008424D3F8803413F0FF0FF4D1054BD2B2052A08BF1846014B1B681847F802002040
:20134000007002404C2A0100014B02481B681847F8020020502A0100012803D0022809D058
:2013600020B17047054B06481B681847034B05481B681847014B04481B681847F802002054
:20138000442A0100402A0100482A01002DE9F04F87B0002504460F4690469946029500E084
:2013A00001356268012356682146002202A8B0470028F5D18DF80600049065B3824683466B
:2013C0000AE09DF806306668023B7668B0479DF806309B445D451ED9626801235668214622
:2013E0000DF1060204A8B04762680123566821460DF1070204A8B0479DF80730BB424FF07F
:201400000002214604A8DCD1D04508D00AF1010A5FFA8AFAD5E7052007B0BDE8F08F109AD4
:201420009DF80630136089F8003089F801706168023B4D6809F102022146A847002007B0E5
:20144000BDE8F08FF0B5054683B03B4807F008F8044610B1204603B0F0BD384A3849394B73
:2014600014700C604822214637481C6011F0B2FA36482146482211F0ADFA002D54D095E83E
:201480000700334B83E80700002847D0002005F035FC08B1852844D12E4D2B7A002B49D0F1
:2014A000013BDBB205F10C024FF0030E6E68274FDFF894C01EFB032E05F109046378EBB1D4
:2014C000A278611C1144013B51FA83F1224408E003F00F0307EBC30391421D60306858607A
:2014E0000CD012F8013B1806F2D503F00F030CEBC30391421D6030685860F2D103347445D0
:20150000DCD10B238DF804301248336801A99847044600289ED006F0E5FF9BE70E4A1A60AB
:20152000B4E7FFF7CBFEB7E7094B0B4A5D601D721A60ABE76E68E4E711130000452C00205C
:201540009403002098030020040300204C030020F80200207C2A01002119000010B507F0CC
:20156000DBF868B107F0E0F8044648B9064805F0D9FB034628B1FFF7A1FE2346184610BD03
:201580000823184610BD00BF3C2A010006F0B4BF07F0B2BE4FF0804303E0D3F83824D1071B
:2015A00007D5D3F838249207F7D5024B02481B6818477047F8020020542A010000B5054BF5
:2015C00083B082221B688DF8042001A8984703B05DF804FBF80200202DE9F043057A83B064
:2015E000002D5ED005F1FF3E5FFA8EF300F10C024FF0030E00F10901334FDFF8D4C01EFB33
:20160000032E0C4666780022964204EB020319D094F8028013F9089013F80830B9F1000FE4
:201620000BDB03F00F0307EBC3031B680132002BEAD0112003B0BDE8F08303F00F030CEB74
:20164000C303F2E70334A645DCD100261E4FDFF880C0324602EB42020A445378EBB10024F0
:2016600023460CE003F00F0307EBC303186045682D685D6055780134E3B29D420CD9957879
:20168000134413F905E05B5DBEF1000FEADA03F00F030CEBC303E9E7057A0136F2B2954205
:2016A000D8D80A4A13681BB11A681368002BFBD1106043680B228DF804201B6801A99847EE
:2016C00003B0BDE8F08300BF4C0300209403002004030020024B1878003818BF012070476F
:2016E000442C0020030710B5044604D52046BDE8104007F099BC07F0B1F9204607F0ECFCDB
:201700002046BDE8104007F08FBC00BF07F0D2BE014B1868704700BF94030020F0B40E4BF0
:201720001F688FB13E7A96B100231C463A4602E0DCB2A6420BD9557A854203F1010302F121
:201740000302F5D101B10C703846F0BC70473B681F68002FE6D1F7E7940300204368114608
:201760001B68184700F00F03082B0AD802064CBF054A064A02EBC303186810B143681B689C
:2017800018471020704700BF040300204C03002038B5094B1C6864B1054602E023681C6898
:2017A0003CB1636829461B68204698470628F5D038BD062038BD00BF9403002038B50D4681
:2017C000044607F01DF818B1054B1B78022B01D0082038BD29462046BDE8384007F020B82B
:2017E000452C002038B50D46044607F009F818B1054B1B78022B01D0082038BD294620463A
:20180000BDE8384007F09EB8452C0020F8B543689B6805460C4616461BB19847062800D0D0
:20182000F8BDEEB92B7AA3421CD9093504EB44042C44677897B133463A469A420BD9A378ED
:20184000A2190136D05CFFF74DFFF3B2BB4205D262789A42F3D800231B78FFDE0020F8BDC6
:201860000720F8BD7378FFDE70B54368DB6805460C4603B198472B7AA3421AD9093504EBD7
:2018800044042C4466789EB100252B46324693420BD2A37862190135D05C07F00BFEEBB20E
:2018A0009E4205D962789342F3D300231B78FFDE70BD00235B78FFDE43681B6903B1184720
:2018C0001846704770B50A4B1D687DB12E7A4EB100242146013400222846FFF797FFE1B2B0
:2018E000B142F7D32B681D68002DEFD170BD00BF9403002070B5094B1D6875B12E7A46B1C0
:201900000024214601342846FFF7AEFFE1B2B142F8D32B681D68002DF0D170BD94030020BB
:2019200070B503780446852B00F2BF80DFE813F00002B201BE003A026602E300EA00BD0071
:20194000040117012A01BD00BD00BD00BD003D01BD00BD00BD00BD00BD00BD00BD00BD0025
:20196000BD00BD00BD00BD00BD00BD00BD00BD00BD00BD00BD00BD00BD00BD00BD00BD0097
:20198000BD00BD00BD00BD00BD00BD00BD00BD00BD00BD00BD00BD00BD00BD00BD00BD0077
:2019A000BD00BD00BD00BD00BD00BD00BD00BD00BD00BD00BD00BD00BD00BD00BD00BD0057
:2019C000BD00BD00BD00BD00BD00BD00BD00BD00BD00BD00BD00BD00BD00BD00BD00BD0037
:2019E000BD00BD00BD00BD00BD00BD00BD00BD00BD00BD00BD00BD00BD00BD00BD00BD0017
:201A0000BD00BD00BD00BD00BD00BD00BD00BD00BD00BD00BD00BD00BD00BD00BD00BD00F6
:201A2000BD00BD00BD00BD00BD00BD00BD00BD005101860060011C02E301E3008C4B8D49F3
:201A4000D3E9000290478C4B1C684CB1894D636820461B682946984723681C68002CF6D1BF
:201A6000864C63680BB10D209847FFF743FF01F075FB834B1B68002B00F0FD810120814D8F
:201A800006F018FE2A78931EDBB2062B00F215827D49CB5C13B105F017F92A78022A40F0EC
:201AA0000C8206F083FE01232B7070BD754D2A78931EDBB2062B00F2CD817349CB5C13B17B
:201AC00005F002F92A78022A40F0C48106F06EFE6A4B5B6803222A700BB102209847664BCC
:201AE0001D6845B16B6828461B68214698472B681D68002DF6D15E4B2146D3E90002BDE8E2
:201B00007040104790F902308278002BB4BF5F4B574B02F00F0203EBC203D3E90002214644
:201B200090470028C1D0A0780207BED00307BCD4BDE8704006F064BF504B5B680BB108201C
:201B400098474D4B1D68002DAFD06B6828461B68214698472B681D68002DF6D1A5E7474BA9
:201B60005B680BB109209847434B1D68002D9CD06B6828461B68214698472B681D68002DE3
:201B8000F6D192E73D4B5B680BB10A2098473A4B1D68002D89D06B6828461B68214698475B
:201BA0002B681D68002DF6D17FE7344B5B680BB10F209847304B1D68002D3FF476AF6B684F
:201BC00028461B68214698472B681D68002DF6D16BE72C4C2378062B00F04F8103F0FD0379
:201BE000052B7FF462AF06F0EBFD0223237070BD244DFFF77FFE07F073FB2A78931EDBB245
:201C0000062B31D82049CB5C13B105F05DF82A78022A29D106F0CAFD174B1C6800232B70C3
:201C20004CB11B4E636820461B683146984723681C68002CF6D10E4B1549D3E900029047E6
:201C40000E4B5B680BB10E2098472B78023BDBB2062B3FF62AAF0C4AD35C002B3FF425AF3C
:201C6000BDE8704005F030B8082AD5D1D2E700BF4C030020582A010094030020F80200201F
:201C800098030020452C0020342A0100040300205C2A01009C4DFFF72DFE01F055FA2A78FF
:201CA000931EDBB2062B00F2D9809849CB5C002B00F0D480022A03D0082A01D006F080FD7E
:201CC000934B5B6802222A700BB101209847914B2146D3E9000290478F4B1D68002D3FF452
:201CE000E4AE6B6828461B68214698472B681D68002DF6D170BD844D2B78032B00F0C68037
:201D000006F01CFD00283FF4D0AE2A78931EDBB2062B40F2EB80814804F0A8FF2A78022AFB
:201D200001D0082A01D106F041FD06232B7070BD754B1B78032B00F0A580082B00F0A280CE
:201D4000734B5B680BB100209847754B1D68002D3FF4ABAE6B6828461B68214698472B68AC
:201D60005D68002DF6D170BD674D2B78032B7FF49CAE07F0F1FA00283FF497AE2A78931E66
:201D8000DBB2062B00F2BB806049CB5C13B104F09BFF2A78022A40F0B28006F007FD0423E5
:201DA0002B7070BD584D2A78082A5CD0931EDBB2062B00F286805549CB5C002B00F081806E
:201DC000022A00F0878005232B70514B5B680BB1032098474F4B2146D3E9000290474E4BD1
:201DE0001D68002D3FF461AE6B6828461B68214698472B681D68002DF6D170BD444B5B685A
:201E00000BB103209847434B4649D3E900029047414B1C684CB1434D636820461B68294692
:201E2000984723681C68002CF6D1374D2B78062B1ED0082B0BD09A1ED2B2062A4DD8334960
:201E40008A5C002A49D0022B01D006F0B9FC02232B7070BD082A7FF43BAE37E62F4804F0AD
:201E600005FF2A7826E702232B7006F0B3FCACE707232B7070BD207A01E606F0A1FC082386
:201E8000237070BD2848FFF74BFD59E707F064FA00283FF435AF2A78931EDBB2062B2BD8EC
:201EA0001A49CB5C13B104F00FFF2A78022A23D106F07CFC04232B7022E7082A7FF4F3AD92
:201EC000EFE5164804F0D2FE2B78022B02D0082B7FF479AF06F06AFC75E7104804F0C6FED4
:201EE0002B78022BB3D0082BB1D0AEE70749CB5C002B7FF414AF0EE7082ADBD1D8E7082AAA
:201F00007FF44DAF49E700BF452C0020342A0100F80200204C03002094030020080000200B
:201F200098030020642A0100602A01004360CA699A4205D38A6902600B67CB610020704778
:201F400001F1280202608B6700207047F0B504680E7A002C00F07284A4F212347C2C00F219
:201F6000C1827C2C00F2BE82DFE814F074020003DE02CF02C7022A0307032303BC02BC02AD
:201F8000BC02BC02BC02BC026702D702BC02BC02BC02BC02CC010F03E602BC02BC02BC020E
:201FA000F401EE038C03BC02BC02BC02BC02FF00CB034803BC02BC02BC02BC02BC02BC0228
:201FC0006402BC02BC02BC02BC0219019B039303AC035703BC02BC02C3038403B403390390
:201FE0005F03BC02BC024103DB015003ED00BC02BC023203DB00F503BD00BC03BC02BC0227
:20200000BC02BC02BC02BC02BC02BC02BC02BC02BC02BC02BC02BC02BC02BC02BC02BC02E0
:20202000BC02C900D303BC02BC02BC026703BC02BC02BC02BC02AC00BC02BC02BC02BC0203
:20204000AC00BC02BC02BC02BC02BC02BC027D00C002BC02BC02BC02BC02B800BC02BC02F5
:20206000BC02BC02B80001240025002A00F0CD8307795755A3424FF00005057140F27C837C
:20208000171901343D70B04D0F7D2D682D78AF4200F0B0838F7DAF4209D10025A342057100
:2020A00040F24D85254601340AB107795755DFF8A0C2A64F9CF800503F780135EDB28CF873
:2020C00000507BE1012500240AB1077917554024AB42047140F289836C1CC6E701240025E0
:2020E000002AE2D1E3E701240025002A40F031848D7D0571A34240F262830134FFE001252A
:202100000024002A00F03D8307791755AB424FF00504047140F27E83274602EB050C6C1C05
:20212000FDE201250024002A40F011840624AB42047140F23F8301350C7D0471AB4240F2B4
:2021400091836C1CD4E701250024002A40F003840524AB42047140F228836C1C2425A342DF
:20216000057140F27583651CE0E701240025002A00F0FA83077957554FF0000CA34280F8C2
:2021800004C040F29084651C0027AB4202F804C0077140F2F383541901352770F3E001258F
:2021A0000024002A00F0EF8307791755AB424FF02404047140F2C183274605F1010C0024B0
:2021C00063455755047140F2A98325460CF101071024BB4202F80C50047140F290832546BC
:2021E00007F1010C01246345D555047140F2788325460CEB04070524BB4202F80C500471E3
:2022000040F25D83254607F1010C24246345D555047140F24A8325460CF101070124BB421C
:2022200002F80C50047140F23683254607EB040C03246345D555047140F228830CF101072B
:2022400002F80C40BB4291F816C080F804C040F218837C1C0425A34202F807C0057140F2C4
:202260000B8302EB040C2F4601342425A3428CF80070057140F2FB822F46651C1755AB4293
:202280004FF00204047140F29F82274602EB050C6C1C0225A3428CF80070057140F2DD8237
:2022A0002F46651C1755AB424FF00504047140F27C82274602EB050C6C1C2425A3428CF83D
:2022C0000070057140F2C4822F46651C1755AB424FF00604047140F26D82571901353C7020
:2022E0000F7D0771AB4240F2BD826C1C5755A3428D7D057140F26382171901343D70124D5B
:202300002D6851E001270024002A00F04082057915559F424FF00004047180F0F5827D1CCE
:2023200039E101250024002A40F017830224AB42047140F249826C1C0225A342057140F284
:202340008C82651C04E700BF9C030020462C0020482C002001240025002A00F09883077960
:2023600057559C424FF00205057180F05883671C1555BB424C7E047140F2E48202EB070C0B
:202380007D1C8CF800400024AB42047140F221826C1C0AB107795755C64D91F814C02D6811
:2023A0002F78BC4500F01A82DFF810E3DFF810C36F788EF8007000258CF80050BD423FD38E
:2023C000BD4F3D780135EDB23D70AE4240F2CA810925A342057140F25583651C002A00F01F
:2023E000128307791755AB424FF00404047140F2B682274602EB050C6C1C8CF800700F7AD9
:20240000AD4D2D78AF4240F2AC8305EB450501F10907DFF8A0C217F805E080F804E03D4485
:202420009C42CCF8005080F07E82671C002A7FF46EAFACE101240025ABE701250024CDE796
:202440000725A342057140F29281651C002A7FF45BAE96E1002A00F0EB8204791470012B5E
:202460004FF00B04047140F2238302250127D455AB420F7D077140F25B8205F1010C022420
:2024800063455755047140F2448225460CF101070224BB4202F80C50047140F22B822546D3
:2024A00007F1010C02246345D555047140F213820CF1010702F80C40BB4291F819C080F8C1
:2024C00004C040F2F7817C1C0025A34202F807C0057140F2E581171901343D70764F002521
:2024E0003D7072E7002303601846F0BD002A00F0F282057917460124C4E5002A00F0F28280
:2025000005794FF0010C0027CCE7002A00F0EC82057901274FF0000CBAE7002A00F0FF8262
:2025200007799446012468E7002A00F0D78207794FF0010C0025A2E75E4C002A00F0E682B4
:2025400007792468944601258CF8007024780F7DA74200F0B9818F7DA7427FF414AF0A24E7
:202560009D42047180F0F5826C1C00E6002A00F0D28204790125002779E7002A00F0B082CE
:2025800090F804C0012400279EE7002A00F0C182047901250027DFF81CC1D455DCF8004006
:2025A000AB426778077140F2A08102EB050C0135CAE7002A00F0B1820579174601248CE7DF
:2025C000002A00F08482047901274FF0000C71E7002A00F0A7820779944601246DE6002A54
:2025E00000F08E82047901274FF0000C28E6002A00F0A18207799446012436E6002A00F0EB
:2026000000821446077927700125BCE6002A00F08E820779944601243BE6002A00F0728227
:20262000057901274FF0000CE5E5002A00F0608290F804C0012400270CE61E4C012527683A
:2026400000241AB190F804C002F804C03C780F7DA74200F0E9808F7DA7427FF438AD02248C
:20266000AB42047140F270822C460135002A7FF42CAD2CE5002A00F04782057901274FF0DD
:20268000000CCBE5002A00F0BC8104799446012577E6002A00F01682057901274FF0000CAA
:2026A00096E5002A00F0458207794FF0010C002585E500BF9C030020472C0020462C0020C0
:2026C000482C0020002A00F0308205794FF0010C002787E5002A00F00F8205794FF0010CC8
:2026E0000027A5E5002A00F0F48105791746012404E6002A00F0218205794FF0010C002702
:2027000083E5002A00F0F68190F804C0012500243AE5002A00F0EA810779944601248CF883
:202720000070C14FC14D3F682D7897F801C0AC4540F2148297F802C03D44A34215F80C5096
:2027400005716CD9651C7CE7002A00F0D7810579012700240CE6002A00F0B6810479174681
:202760000125BCE540F2993303600120F0BD40F26D3303600120F0BD4FF4617303600120C5
:20278000F0BD0524AB42047144D96C1CC9E79F42027180F0B9807D1CA34C2468AB426778CF
:2027A000077140F2A2800135D0E640F2553303600120F0BD40F2573303600120F0BD40F257
:2027C000593303600120F0BD40F2513303600120F0BD4FF44F7303600120F0BD0525A34210
:2027E000057140F21781651CDBE440F2833303600120F0BD0D6AA3422D7805713FF652AC96
:2028000040F2893303600120F0BDA3420271B3D9013438E440F26E3303600120F0BD40F22E
:20282000723303600120F0BD0324AB4204713FF61BAF40F2773303600120F0BD082404718C
:20284000002B7FF407AE40F2123303600120F0BD40F2563303600120F0BD40F25233036077
:202860000120F0BD4FF4567303600120F0BD4FF4547303600120F0BD40F24F3303600120DA
:20288000F0BD4FF4537303600120F0BD40F24B3303600120F0BD40F24A3303600120F0BD90
:2028A00040F2193303600120F0BD40F2493303600120F0BD4FF4467303600120F0BD4FF41A
:2028C000527303600120F0BD02249D42047180F0F4806C1C40E540F2173303600120F0BD4A
:2028E00040F2453303600120F0BD4FF44A7303600120F0BD40F2163303600120F0BD4FF4DD
:20290000517303600120F0BD40F2273303600120F0BD40F2153303600120F0BD40F24333B2
:2029200003600120F0BD40F2263303600120F0BD4FF4457303600120F0BD40F24233036074
:202940000120F0BD40F22E3303600120F0BD0779BCE40779CAE40779A4E407798EE440F26B
:20296000213303600120F0BDA342027140F29B80013400259C420571C0F0938040F2353322
:2029800003600120F0BD2424AB420471D5D96C1C00259C420571C1D2013410259C4205715C
:2029A000ADD2013401259C42057199D22C4405259C42057183D2013424259C420571BFF4B6
:2029C00074AF013401259C420571BFF464AF2C4403259C420571BFF459AF01348D7D057103
:2029E0009C42BFF44EAF01340425A34205717FF643AF01342425A34205717FF638AF651C73
:202A000094E40125BFE40424AB420471A7D90F7A6C1CF5E440F2413303600120F0BD40F278
:202A20002D3303600120F0BD9C030020482C00200B24012B04713BD902240D7D05719C42CA
:202A4000BFF476AF01340225A34205717FF661AF013402259C420571BFF44CAF01340225A8
:202A6000A34205717FF637AF01344D7E05719C42BFF420AF013400259C420571BFF410AFAA
:202A800001342BE54FF4487303600120F0BD02259C420571C3D201344D7E05719C42BFF4AB
:202AA00051AF651C6FE44FF44D7303600120F0BD40F2133303600120F0BD4FF44B73036001
:202AC0000120F0BD012468E70125FFF735BB0124CBE7012413E40124FFF7D5BA0124B2E74D
:202AE0000124C8E70124BAE70124B2E7012418E6012479E701243CE7012469E70124CBE742
:202B000001246BE7012452E701245BE7246801251CE5012540E601248FE70124DEE437467B
:202B200001246DE40124FFF719BB01243AE7012402E401242CE701245CE701243CE740F2C5
:202B40008E3303600120F0BD4FF45F7303600120F0BD40F2333303600120F0BD00231B78BE
:202B6000FFDE024A002313601B78FFDE9C03002070B90B681A7B202A01D0062070471A46DE
:202B800052F80E1F9961918892799A7799837047032070474360CA699A4210D38A6910B496
:202BA0000260C8690C6FC01A1C441A44C86100380C6718BF01205DF8044B8A61704701F16B
:202BC0002802026000208B67704700BF2DE9F0470B7888B00D4606460E2B14D8DFE803F05B
:202BE00008180808130D281313181308080808000024204608B0BDE8F0874B78DA0930D1E7
:202C00005B09012B4CD00624204608B0BDE8F0870368002403F134022046C3E91E44C3E9CB
:202C200020445A671C845C62DC6208B0BDE8F087027A8B78002A00F06581817A0930002923
:202C400000F05E81F17A415C9942D1D01B061ED4EF7807F0FD03012BCAD0002F65D003245F
:202C6000C7E713F0600FC3F3411200F09180012AC9D18B78212BC6D1B1F80720072AC2D1EB
:202C80000168681C183100F073FA0446B1E7EC78002C00F09D80032C14BF03240024A8E746
:202CA0008B780768202B00F09B80222BABD1B1F80730002BA7D1B1F8035097F820303D8464
:202CC00005F0010203F001039342154690D0C3691BB1C2F10301C9B29847002D88D1337A39
:202CE000012B40F20B81737B06F10C04002B00F00381B37BE05C06F059FB337A012B40F297
:202D0000FD80737B012B40F2F780B37B23442C46587806F04BFB07F13403C7E91E55C7E95E
:202D200020557D62FD627B6763E73568012A05F10C0140F2DF80727B012A06F10C0340F208
:202D4000D7800691B27B704905911344AC6A93F80180002C60D1EA6FEB6AAC67C5E91F4263
:202D6000002B00F0B480296B1846002205F1240383E803004046EA6205A9FEF733FD044676
:202D8000F369002B3FF435AF30460021984730E703F01F03012B7FF436AF8C78062C7FF4C6
:202DA00032AF05A8039200F0D5FC03AA00920746EA78297930463B46FEF7E8FA05283FF471
:202DC00018AF039A3946681C00F0D2F9044610E7F369002B3FF40CAF30460121984708E7B5
:202DE000B1F80720072A7FF40EAF3B73B1F80730DBB27B7300200E37CDE90573079000F07F
:202E00008BFF002005A9FEF7D9FC0446002867D0002000F089FFECE6D5F88490686A4C4539
:202E200028BF4C4605F1340A224651460FF0AAFDE86FEA6AEF67A9EB04030AEB0401044462
:202E4000C5E91D13C5F88040002A43D005F12C0797E8030005F12404002284E80300EA6234
:202E6000002B3BD091461BE0696F686A0FF08AFDD5E91D32A96AC5F880100B44521AC5E944
:202E80001D32F36913B1002130469847EB6A13B397E8030084E80300AB6FC5F82C90EBB112
:202EA000AA6A9342E0D2696F686A1A460FF06AFDD5E90932A96FE967521A0B44C5E9093202
:202EC00053B1404605A9FEF78DFC044658E700236B6255E700236B62002451E76B6AEFE790
:202EE0000A4B049603A9039300F020FC04468FE73B78FFDE7B78FFDE2B78FFDE6B78FFDE35
:202F00000B78FFDE5378FFDE952B0000712B000010B503681C8CE40784B015D50B46017AA0
:202F2000012916D9417B00F10C0481B1817B605C91060CBF0124002401A9CDE901320394FC
:202F4000FEF73CFC04B010BD082004B010BD0B78FFDE00235B78FFDE0368D3F8800070477A
:202F6000F0B50468238CDB0783B022D50546002016460F4600F0D0FEA26F42B9636AE3B13E
:202F80001124002000F0D0FE204603B0F0BD964228BF1646616F324638460FF0F3FCD4E9CC
:202FA0001D239B1B3244C4E91D23C4F880600024E7E70824204603B0F0BDC4E909762A7A68
:202FC000012A12D9697B012905F10C020FD9AB7B0849009113440C34587801946946FEF739
:202FE00001FC041E08BF9224CBE75B78FFDE1B78FFDE00BF2D1F0000002070472DE9F04F2C
:203000004B6885B0CDE900020C46002B71D005F0F3FCE568019B9D4228BF1D468146002D68
:203020007CD04FF0000A5646D3464FF00108D4E90113AB421F4628BF2F46E9B13A4609EB71
:2030400006000FF09FFCD4E90223D21BDB1BC4E90223C4F804B0ED1B3E442AB3002B08BF70
:203060004FF00008002DE2D1009BC3F800905E60404605B0BDE8F08FABB120463B4650F89B
:20308000101B4A68D2F804A009EB0602D047D4E90223D21BDB1BC4E90223ED1B3E445AB1A6
:2030A0004FF0010ADAE7E368BAF1000F04D15BB99846002DBBD1D7E72268126812682260C2
:2030C0004FF0010A002BF3D02168F1B1CDF808B003E0A36821680133A3604B6800225F68C6
:2030E00002A80123B8470028F3D12061002D9ED1BAE70B681B681B68002B88D18B68002B3E
:2031000085D1036043609846B2E76160002EABD0019BB34288BF4FF00008A5E72E464FF014
:203120000108A1E7054B0528187004D0044A137823F0020313700348FEF7F2BB492C00202F
:203140004A2C00208C2A010008B50020FEF7CAFABDE808408020FEF7C5BA00BF08B50020EF
:20316000FEF7D4FABDE808408020FEF7CFBA00BF70B5C38893421E4628BF1646934284B0CD
:203180000D4612D8002400200394CDE9015600F0C3FD01A98020FEF711FB044688B100206C
:2031A00000F0C2FD204604B070BD8020144605F017FBB4FBF0F202FB1044B4FA84F46409A3
:2031C000E1E705F0F3FC80280BD1094A094B92E8030083E80300002000F0A6FD204604B060
:2031E00070BD002000F0A0FD1024204604B070BDC42A0100C40300202DE9F04F0B780E2B93
:2032000089B018D8F3B1013B0D2B1BD8DFE803F01F0E281A354C1A1A1A1A0E666F07B24B81
:203220001B78012B02D00120FFF77CFF0024204609B0BDE8F08F852B04D1AB4B1B78032BC8
:2032400000F040810624204609B0BDE8F08FA64B1B78032BF6D00320FFF764FF0624E6E765
:20326000A24803F087FC0028E0D0A14B01221A60BFF36F8FBFF34F8FD8E705230DF1150053
:203280008DF8143005F0FAFB9DF81530994E002203F01F043260032C00F2B980DFE814F0CB
:2032A000E800B90099008D00C87803280D46C9D0904E3368002B00F003810022716832604B
:2032C0009847044600287ED13368002B00F00581AB78002BAAD105F0F3FBA8E7824B1B7877
:2032E000002BA3D00020FFF71DFF00249FE74FF08043D3F8383413F0010F7B4B1B7806D0D9
:20330000022B93D00220FFF70DFF00248FE7012B89D18BE7BDF81B30002B00F0D880092BC0
:2033200028BF09239946FEF7F3F90546002800F0DB81BB464FF0090ACDF80CB04FF00008E0
:2033400001E008F101086A68012357682946002203A8B8470028F4D12A682B7A15681C4499
:20336000C244E4B2002DE7D1634D644928464A460FF008FB2C71A5F802A0FEF7ABF918B131
:20338000EB7943F02003EB71FEF7C2F95C4BBDF81B2018600020C3E90159DA6000F0BCFC50
:2033A00058498020FEF71EFA0446002800F09F81002000F0B9FC062C05D105A8FEF7E8F9ED
:2033C0000446002C73D005F0E7FB204609B0BDE8F08F9DF81900020707D005A9FEF7C2F92E
:2033E00006280446EDD19DF8153013F0600F0ED19DF816303C4A9DF819401278012B00F077
:20340000B980032B00F0A680002B00F0C6800624D9E79DF8190003A9FEF780F905460028A9
:2034200059D09DF80C1005AAFEF798F906280446C7D19DF8152012F0600FC4D12A4B9DF893
:203440000C101B78D20940F014819DF816200B2AB9D1052B40F0B280BDF81730FF2B00F2E9
:20346000FC809DF817202846FEF7D0F90446A8E713F0600FC3F341179FD1DB0948D19DF87D
:203480001630032B00F09C80092B00F0A880012B93D1BDF81730012B8FD1FEF71BF9002817
:2034A00000F0D980184A137823F00203137033686BB105F07BFB044600287FF4B7AE0AE7DE
:2034C0000E2480E70420FFF72DFE0624AFE605F059FB0024ABE6102475E70C4B1B68082BB4
:2034E00033D005F04FFBA2E6492C0020CC0300205C700240C4030020D0030020902A0100DB
:20350000AC030020CC2A01004A2C0020300100109DF81620062A00F08780082A73D0002A7D
:203520007FF44BAF7B497C4B09781A80890744BF02221A7078490DF115000222FFF718FE33
:203540000446062C7FF43DAF37E7744B1B68002BC7D16BE625073FF55AAFBDF81730002B8C
:203560007FF455AF052A01D0200727D1204605F047FA9CE721073FF54AAFBDF81730002B1A
:203580007FF445AF052A01D0230717D1204605F065FA204605F0A0FD89E7052A01D0270762
:2035A0000CD1204605F038FA5B49034602220DF115000B80FFF7DCFD044602E7082402E7DB
:2035C000BDF81730012B7FF4F8AEFEF783F8002841D0504A137843F00203137067E7504C37
:2035E0002378043B012BE9D89DF81730BBB3012B33D1FEF767F92378052B3FF458AF05200B
:20360000FFF790FD53E7464A1278052A47D0042A7FF4D3AE404B1F703F490DF11500012293
:20362000FFF7A6FD04468CE79DF81830022B3FF471AE032B36D0012B7FF4BFAEBDF81B3098
:20364000002B3FF444AF37490DF115001222FFF78FFD044675E70F24B5E60724B3E6FEF7A3
:2036600049F92378042B3FF422AF0420FFF75AFD1DE79DF816705FB30A2F7FF4A4AE052B6A
:203680009CD128460192FEF717F92349019A03460B700DF11500FFF76BFD044691E61E4A52
:2036A0001370B9E7BDF81B30002B3FF410AFBDF819109DF8170000F01DFB014600283FF496
:2036C0007CAE0A780DF11500FFF752FD044638E7052B7FF473AF10490DF1150002220F8099
:2036E000FFF746FD04466CE64FF0090A3CE605F05DFA802808D10C4B93E8030086E803006E
:20370000204600F011FBD2E6204600F00DFB102459E600BF4A2C0020D00300203401001031
:20372000492C0020B02A0100C42A010038B505460C4605F03BFAA84207D194E80300044AE7
:2037400082E803000023184638BD1023184638BDC403002008B1402303600148704700BFDB
:20376000D0030020F0B40D7A0DB101F109050468002C59D06FF4AB763444142C00F24A81B3
:20378000142C00F24781DFE814F05400E700EE00F500FC0003010901100117014501450187
:2037A0001E0125012C0145013B0033012700390115003F0101250024002A40F0DB818A8A18
:2037C000AB424FEA1222027140F2338140F26D1303600120F0BC704701250024002A40F0F9
:2037E000CD814A8AAB424FEA1222027140F226816C1C8A8A0271A34240F27B81651CDEE799
:2038000001250024002A40F0B7810A8AAB424FEA1222027140F217816C1C4A8A0271A342ED
:2038200040F26C81651CDCE709240471002B00F0F680002A00F0A48104791470012B4FF047
:203840000404047140F2F0800227012694559F422D78057180F089817E1C0024B342D555BD
:20386000047140F27D812546771C0024BB429555047140F2708125467E1CFF24B342D555BB
:20388000047140F263812546771C0124BB429555047140F2568125463E190124B342D5550F
:2038A000047140F249812546371900249F429555047180F03C8125467E1C09249E42D5550F
:2038C000047180F02F812546771C21249F429555047180F0228126467C1C09259C42D65582
:2038E000057180F015811619013435700E7C0671A34240F20881651C16550E8A9D424FEA06
:203900001626067180F09F8057196C1C3E708E7C06719C4280F0F280651C16554E8A9D42DB
:203920004FEA1626067180F0898057196C1C3E700E7D0671A34240F2DC80651C1655898A08
:203940009D424FEA1121017173D22A44117040F26D13036001203DE7002A00F0B380047953
:203960000127002672E7002A00F0A58005790126002772E7002A00F097800579012700263F
:2039800073E7002A00F0898005790126002774E7002A5DD005790127002676E7002A00F0E9
:2039A0009E8005790126002777E7002A00F0958005790127002678E7002A00F08C800579C1
:2039C0000126002779E7002A00F083800579012700267AE7002A00F08A8006790124002700
:2039E0007BE7002A00F081800579164601247CE7002A78D006791746012487E7002A70D09D
:203A000006791746012492E7002A3FF4DFAE017911709CE7002303601846F0BC704740F24B
:203A2000571303600120F8E74FF4AC7303600120F3E740F26B1303600120EEE740F2691342
:203A400003600120E9E740F2671303600120E4E701240122A342027173D914440122A342CB
:203A6000027169D9144400229C4202715FD2013409229C42027155D2013421229C420271F4
:203A80004BD2013409229C42027141D201340A8A0271A34237D9651CB7E60124FF229C42D2
:203AA000027153D20134D4E701240022A342027151D90134F2E701240022A34202714FD9E0
:203AC0000134F2E701242A780271A3424DD90134F2E70124D1E70124CAE70124C3E70124DE
:203AE000BCE7012485E6012497E60124CFE70124C8E74FF4B573036001208EE74FF4B47374
:203B00000360012089E74FF4B3730360012084E74FF4B273036001207FE740F263130360FC
:203B200001207AE74FF4B1730360012075E740F25F130360012070E74FF4AF730360012054
:203B40006BE740F25D130360012066E74FF4AE730360012061E740F25B13036001205CE709
:203B60004FF4AD730360012057E740F259130360012052E70679E1E60679BDE60679CCE62C
:203B80000422012B02717FF64FAF02249BE700BF0B780E2B0BD8DFE803F0080808080A0CF7
:203BA000080A0A0A0A08080808000020704706207047F0B54B78DA0985B00C46064611D101
:203BC0005B09012B02D0062005B0F0BD8C78002CF9D102681373036A002B3AD02146984729
:203BE0002046F1E713F0600FC3F3411215D0012AE9D18B78072B07D0082BE4D1F268481C90
:203C0000B169FFF7B5FADFE7B1F80720182ADAD1C169601CFFF7ACFAD6E703F01F03012B22
:203C2000D1D18D78062DCED103A80292FFF792FD02AA00920746E278217930463B46FDF7DD
:203C4000A5FB0528BFD0029A3946601CFFF790FABAE71846B8E700BF70B54FF0805286B028
:203C6000D2F8A830D2F8A42000926FEA83436FEA93430B4A0B4E9BB202A80D210AF0CCFBA0
:203C800002AD002404E015F8013B06F8013B013402A80EF0A7FE8442F5D306B070BD00BF38
:203CA000E82A01006C2C002038B5114B53F8204023780BB9A01C38BD0020FFF74BFD21783E
:203CC00091B12246C4F101055319DCB2234620F8141012F8011F0029F6D101335B00DBB2AA
:203CE00043F44073038038BD40F20233FAE700BF502B010040B1052808D8054A105C28B14D
:203D0000044B53F820300BB1FFF7CEBF00207047682B0100502B010072B6024A1368013370
:203D20001360704710040020034A1368013B136003B962B6704700BF1004002010B5044621
:203D4000006830B1002105F029FF54F8040F0028F8D110BD38B50488552C054628D007D8A3
:203D6000002C32D0492C1FD185290BD0012038BD5E2C19D1284B1B788B4235D05E232B8099
:203D8000012038BD254A2649264805F061FE264806F08AF8254B1B78002B32D0244B1B6964
:203DA000984706F01DF9E9E700232B80032038BD204BDB68002BD9D1184A1949194805F0C5
:203DC00047FE1D4806F070F8E4E7184A184B14705B699847194B22461868852105F066FFD8
:203DE00049232B80012038BD0C4A0D490D4805F02FFE134806F058F8124B13489B6A984736
:203E0000BCE70C48802100F01FFF0AF0FFF855232B80012038BD00BF68380020182C01000E
:203E2000882B0100902B0100A02B01006D380020802D010014040020BC2B0100AC2D0020BA
:203E4000D02B01003C310100EC2B010010B50188044619B100232380032010BD084805F083
:203E60009DFE082001F094FC064A0749074805F0EFFD074806F018F800232380032010BD23
:203E800060020020142C0100882B0100902B01001C2C01002DE9F043038883B0044643B161
:203EA000B3F5867F0CD1822910D0012003B0BDE8F0834FF486730120238003B0BDE8F08336
:203EC00000230380032003B0BDE8F08301F058FCBFF35F8F19491A4B0E6800220A601F7809
:203EE0001A70FFB2BFF35F8F164D01F04DFC28680028DED0DFF85090DFF8508003E055F856
:203F0000040F0028D5D090F84A3026FA03F3DA07F5D590F8493047FA03F3DB07EFD500F030
:203F20009DFD0028EBD02B68D9F80020009218464246022100F030FDE1E700BF34040020E9
:203F40004B2C002060000020AC2D0020ED3F000010B50C4A90F84B30126882B00133009295
:203F6000044680F84B30084A03468021203000F013FD064B19782246002002B0BDE8104067
:203F800005F094BEAC2D0020513F00006938002010B4094A094C13681943116021780346FA
:203FA000012202FA03F30B43DBB2237004485DF8044B05F0A9BE00BF340400204B2C002084
:203FC0008800002010B5044690F84A1090F8490001F0FEF910B994F8480010BD01280ABF33
:203FE00094F84800002080F0010010BD70B582B0044600F033FD08B902B070BD04F1200613
:20400000304600F02BFD05462046FFF7DBFF01280FD00028F0D1002DEED1304600F004FD4D
:204020000D4B22462846197802B0BDE8704005F03DBE002DE0D0094B094A1B68009300250B
:204040003046234684F84B507E2100F0A5FC054B28462246E7E700BF68380020AC2D0020CE
:20406000513F00006A380020F8B505F08DFD304B304C187005F088FD2F4B304F187005F053
:2040800083FD2F4922682F4B08700025FF2139727B60FD60002A42D02B4E09E091F84A0013
:2040A000F9683A72834054F8042F0B43FB60B2B392F84A3092F84910526C03F01F0343EABC
:2040C00041131F2BC6BF03F01F0331464FF0A04103F5E07342F08C0241F82350236893F844
:2040E0004A1093F8490001F031F9226892F84A3092F8490003F01F0343EA4010012102F070
:20410000ABFF2168387A91F8492082424FF00103C4D0FF28C2D054F8042F002AC8D10B48DF
:20412000002105F03BFDBDE8F840044801F064B96A380020600000206838002024040020B0
:2041400069380020913F0000000300508800002030B5174B83B000221A6002F03DFD00BBD6
:20416000002002F055FD134B134A93E80300FF250090ADF80410062400231048ADF800509B
:2041800069468DF802408DF8043003F0DBF958B901210A4803F02AFA084803F01BFA03B082
:2041A00030BDFDF78BF8DBE7FDF788F8F0E700BF38040020782C0100ED410000802C0100F3
:2041C000014B1868704700BF3804002008B5064A13680133136000F055FD00B908BDBDE8AD
:2041E000084000F02BBD00BF38040020042800D07047FFF7EBBF00BF014B1868C009704726
:20420000380400202DE9F04105F0DAFBFFF7A0FF08F0C0F905F0E4FC00216648664FDFF8BB
:20422000EC81664D664C674E05F0B8FC00F0AAFB0DF07EFF0AF00CF905F0CAFB05F042FE51
:20424000614B1B68984705F0A7FE7B689847D8F804309847A979EB79226803EB0123022AC3
:20426000338023DC594B29686A6819605A605848002105F093FC4FF0FF300BF061FC2368BC
:20428000022B05467FDC05F0C1FB05F0F1FE5148FFF754FD0DF076FF05F0A8FC04460DF084
:2042A00079FF002CF8D105F0B7FBF5E74A4A4B494B4805F0CDFB4B4805F0F6FD2368022B63
:2042C000D0DD454A4549464805F0C2FB464B4748196805F0BDFB2368022BC3DD3E4A3F491E
:2042E0003F4805F0B5FBD8F80010414805F0B0FB2368022BB6DD384A3849394805F0A8FB22
:2043000039683C4805F0A4FB2368022BAADD324A3249334805F09CFB37484AF6CD3105F0F5
:2043200097FB2368022B9DDD2B4A2C492C4805F08FFB32481A2105F08BFB2368022B91DD86
:20434000254A2649264805F083FB31882C4805F07FFB2368022B85DD1F4A2049204805F0B9
:2043600077FB284805F074FB2368022B7FF77AAF284601F057FC2368022B7FF773AF0A2074
:2043800005F090FD6EE7144A1449154805F060FB1D4805F05DFB2368022B7FF774AF28466D
:2043A00001F030FC2368022B7FF76DAF0A2005F079FD68E7CC000020802D01009C2C002030
:2043C000F8000020302C0020982F0100A4300020F40100205C2C0100882C0100882B010086
:2043E000902B0100902C01003C310100C82C0100D82C0100E42C0100F02C01000C2D010074
:204400002C2D01003C2D0100542D0100C431010030B590F82D50012D83B0044613D91F259B
:204420000B4B5B6898470B4B0B4A1B68009380B22346B0FBF5F105FB110104F10C0000F094
:20444000ABFA03B030BDE91C01258D40013DE7E7A8310100AC2D0020DD4400002DE9F047D2
:204460000D468B6892F82C708146506BD3E90068144601F095FB686805F060FDA9681348C1
:2044800001F094FC1248294601F090FC636B1B6873B10023A3852046FFF7BAFF36B13A4619
:2044A000494640463346BDE8F0471847BDE8F08704F10C0000F0B8FA2146064801F070FB63
:2044C0002146054801F072FCE8E700BF98000020B0000020A4040020A400002000B32DE95E
:2044E000F047436B1D6882B00446B5B1686805F03BFD63490C2005F04BFA0121072005F023
:204500003BFA604B5B68984700280ADAAB6823B1052022462946FFF7A1FF02B0BDE8F087C6
:20452000704705F083F9DFF8608190F80290D8F8047005F07BF9064605F082F9014630465B
:20454000B84705F035FAD8F818600746B04770BB002F50D1D8F81CA0D04740BBD8F808704B
:2045600005F06EF9B84700285CD002281FD0AB68002BD2D00420CCE708F040F86FF0280302
:204580001E1A03E008F03AF8C64202D5D0470028F8D0D04700285DD0D8F81030032101A8A7
:2045A0009847032803D19DF806304B452AD0AA68002AB2D094F82D300133DBB2052B84F8B4
:2045C0002D3094F82C3006D90133DBB2002184F82C3084F82D10127A9A4205D82246294628
:2045E0000120FFF73BFF98E72046FFF711FF686805F09EFC91E7D8F8086005F021F9B0476A
:204600000028B2D1AB68002B87D094F82C3000200133294684F82C3084F82D002246FFF7D0
:204620001DFF7AE707F0EAFF6FF018073F1A03E007F0E4FFC74202D5D0470028F8D0B047AB
:20464000002899D1D047002896D1D8F814309847002891D0A96800293FF45FAF94F82C3043
:204660000133DBB2002284F82C3084F82D200A7A9A42B9D8224629460220FFF7EFFE4CE7B6
:204680009C2C0020B82D0100982F01002DE9F04105460D200F4605F083F9064601F0F6FAD2
:2046A00001210B2005F068F9374B1C6814B914E0246894B13146201D01F01EFA0028F7D013
:2046C000606B01F087FA07281EDDDDB138462B460122BDE8F041062118472C4801F04AFBCD
:2046E00004460028F1D03146201D01F0FFF9002304F13002C4E90C322348A385214601F0CA
:2047000003FADDE7BDE8F081214801F033FB064660B3204801F02EFBB06018B305F0E6FBA8
:204720007060D8B10520D6F8088005F02BF9C8E9005710F0FF0006BF082388F8083088F85D
:204740000800606B314601F0DFF9636B1B689E42D8D12046BDE8F041FFF75ABEB1680D48B4
:2047600001F024FB0A48314601F020FB606B01F031FA0028A9D12146034801F011FA2146B6
:20478000024801F013FBA0E7A4040020A4000020B00000209800002008B5054801F0D8FA68
:2047A000044801F0D5FABDE80840034801F0D0BAB000002098000020A4000020014B1B6A1D
:2047C000184700BF982F0100014B5B6A184700BF982F010010B50D4B82B01B6898470C4BF4
:2047E00004469B6A01A91920984701280BD0002C0198B8BF15248028D4BFC4EB0000C4F190
:20480000800002B010BD002002B010BDB82D0100982F0100FFF73ABF00B583B005F00AF87E
:20482000032804D0244B9B689847002802DA03B05DF804FB0D2005F0B3F8204901F05CF9A1
:2048400018B905F0B5F80028F1D00C2005F0A8F81A4901F051F90028E9D101F021FA90B16E
:20486000072005F08FF80028E1D00223ADF8043004F0DCFF124B8278DB688DF80620032186
:2048800001A89847D3E701F031FA072005F07AF818B90C4B9B689847C9E70223ADF8043074
:2048A00004F0C4FF064B8278DB688DF80620032101A89847EDE700BFB82D01009C2C0020FB
:2048C000982F0100C431010030B50D4C83B0A56A69461920A84748B901A90420A84738B11C
:2048E00001F0C8F9FFF758FF236A984703B030BD0199E36A21F00201019104209847EFE747
:20490000982F0100F8B5038805462BB1452B14D1882916D00120F8BD174B1C6834B1A168DA
:20492000201D00F091F92468002CF8D1134B01221A7045232B800120F8BD00230380032082
:20494000F8BD0D4B1C68002CF3D0231D9A4205D02468231D002CECD09A42F9D10648084EE8
:20496000214601F01DF9D4E90523376832600BB1E06998473760DCE7840500204C2C002034
:20498000AC2D0020024B03480021196005F006B984050020BC00002070B50E4C049E2578F5
:2049A0004661C0E90623044635B9A1600A482146BDE8704001F0A8B8084D094B2E682B601C
:2049C000043000F041F92E6021460348BDE8704001F09AB84C2C002084050020AC2D002067
:2049E000BC00002070B50C4B1B7804462BB921460A48BDE8704001F087B8094D094B2E6820
:204A00002B60043000F02AF92E6021460348BDE8704001F079B800BF4C2C0020840500200D
:204A2000AC2D0020BC00002010B50A4B1B7804463BB9C0E9033321460748BDE8104001F03B
:204A4000AFB8043000F026F921460348BDE8104001F0A6B84C2C00208405002008B5084B65
:204A60001B7823B10069B0FA80F0400908BD0146044801F0B9F880F00100C0B208BD00BFA2
:204A80004C2C00208405002010B50446C0B20DF015FB0A2C01D0204610BD0DF0DFFA2046D1
:204AA00010BD00BFF8B588B10F46461E002500E0013516F8014F20464CB1AF4207D00DF00A
:204AC000FDFA0A2CF4D10DF0C9FAF1E705460DF0C5FA2846F8BD00BF10B5FFF771FB0B4BE6
:204AE0001A68D2E9003192680B44191A52B1D2E9003423441B1A9268994228BF1946002AF9
:204B0000F5D14318024A136010BD00BF8C050020880500202DE9F843038805465BB3592B12
:204B20002CD187292FD0822920D12C4FDFF8B4803C684FF00009CCB1002603E0A3682646BE
:204B4000A3B11C4620460AF09DFD0028F6D0E0682246882105F0AAF803464046002B2AD0D3
:204B600005F0D2F8A3682646002BEAD159232B800120BDE8F883194A1360F7E70023038057
:204B80000320BDE8F883154F3968002019B9EDE789680120D9B1CB689342F9D000B1396050
:204BA0008B68002BE2D0D868904207BF9B688B6019469B68F5E7E360A3686EB1B3603B68FE
:204BC000C4F808902BB1FFF787FF3C68B3E73960CCE7034A1360C9E73B60F1E78C0500200B
:204BE00088050020CC00002010B50446104805F08BF81049E3680A684BB142B194420FD083
:204C0000134601E09C420BD09B68002BFAD10A4BA2601B68E3600C60BDE81040FFF75CBF19
:204C2000054B1B68E360BDE81040FFF755BF00BFCC0000208C050020AC2D0020014805F0CC
:204C400063B800BFCC00002010B504460AF0FEFC2046BDE81040FFF7C7BF00BF10B50446E6
:204C60000AF0FCFC2046BDE81040FFF7BDBF00BF10B504460AF000FD2046BDE81040FFF75F
:204C8000B3BF00BF024B1868003818BF012070478C05002010B5124B19688142044614D0EA
:204CA0000B462BB19A68A24206D01346002BF9D10023C4E9023310BDA2689A6049B1FFF7F7
:204CC0000BFF0023C4E9023310BD82681A60002AF5D1044B00221A600023C4E9023310BDE7
:204CE0008C05002088050020014B1888704700BFD002002000283ED0037A022B30B410D05E
:204D00000378022B15D00379B3B10024C37913F0030318BF012301B10C6002B1136030BC92
:204D20007047C579447A037965B90CB9012BF2D0DBB100231C46EEE7447A14F0030418BFED
:204D40000124E3E7C4B1032D37D1032C2ED0022C24D143BB022D2DD00123032D24D1A4F15F
:204D60000204B4FA84F46409D5E7023C012C8CBF00240124CFE770474BB9022D08BF012354
:204D8000EAD1A4F10304B4FA84F46409C3E7032D01D0022D02D123461C46BCE7002BC8D14A
:204DA000022DDAD1EDE701230024B4E7002BC0D10123D4E701231C46ADE7022DC7D1002BBB
:204DC000F1D1022C4FF00103DBD11C46A3E700BF30B500230B608B80437DDB075CBF0123EA
:204DE0000B70037E012B83B00D46044623D901AA694604F11000FFF77DFF009B0BB1022372
:204E0000EB70019B0BB102236B70E37D03F00303022B03D0032B14BF00230823AB70637E3B
:204E200003F00303022B03D0032B14BF002308232B7103B030BDC37D13F0030309D0437E0B
:204E400013F0030305D0C38B828B9B1AB3FA83F35B092375CBE700BF02280CBF0123072391
:204E60000B441A78FF2A184603F1FF3303D18142F7D1012070470020704700BF30B583B0BF
:204E80006946FFF7A5FF9DF800309DF801509DF802409DF803109DF804209DF80500023317
:204EA0002B4423440B441344184403B030BD00BF70B4437882780578C478DB00120102F049
:204EC000100203F008031343027905F0070564012B4304F020049201234302F04002134382
:204EE0000B7043798579467AC479027A03F001036D0043EA861305F00205A0002B4300F0E0
:204F00000C001201034302F03002134370BC4B70704700BF70B582B00D4604466946FFF7BC
:204F200057FF04F110002946FFF7C2FF9DF80030012B04BFA37EAB709DF801300CBF03204C
:204F40000220022B06D1A38B2B54A38B421C1B0AAB5402309DF8026056B1731E2344291865
:204F60001A7801F8012BA34203F1FF33F8D130449DF80330022B06D1E38B2B54E38B421CAD
:204F80001B0AAB5402309DF8046056B1F31D23442918073413F8012901F8012BA342F9D1BF
:204FA000304402B070BD00BF30B40278437802F00700C2F3C005C2F300140870C2F340100D
:204FC000C2F380124D708C7003F00105C3F34004C8700A71C3F38100C3F301129B094D71C9
:204FE0008C71C87130BC0A724B727047012943DD2DE9F04186B00F4603A914460546FFF73C
:20500000D3FF03AB03CB9DF811201B882383206161616AB3AE1C03A802AA01A9FFF76AFEAA
:205020009DF81380B8F1000F43D0029B002B31D1B8F1020FA38367D0B8F1030F4DD09DF82F
:205040001580B8F1000F2CD0019BBBB9A38BE383B8F1020F4DD0B8F1030F31D0701B3B1AF0
:205060008742C4E90E6300DA002006B0BDE8F081AB78A376EE1CCEE700207047717816F8BA
:20508000023B029A03EB01239BB2E383002ADFD1A383DDE7727816F8023B03EB02239BB219
:2050A000C6E71E4904F1080000F020FDA4F81E80D4E71A49204600F019FDA4F81C80BEE731
:2050C00006F10800034604F1080213F8011D02F8011BB342F9D10646C0E706F10800034650
:2050E000621E13F8011D02F8011FB342F9D10646A5E70A4904F1080000F0F8FC73782372A2
:2051000016F8023B6372A9E70449204600F0EEFC7378237016F8023B637090E7102F0100FF
:2051200030B591B004F072FB044604F083FB6A4601462046FFF75AFF00283ED0044604F00C
:2051400049FBD0B39DF810100B2004F015FC9DF81310072004F010FC9DF817308BB1BDF8F7
:205160001C50FFF7C1FD854205D0BDF81C204FF6FF739A4221D19DF817006946FFF76CFE42
:20518000B0B102A90C2004F003FC9DF815303BB14FF6FF71062004F0EFFB204611B030BD51
:2051A0009DF81A10062004F0E7FB204611B030BD69460D2004F0ECFBE3E74FF0FF34ECE75A
:2051C000F8B505460B2014460E46A84700232074A37496B3E37463750820A8470027012367
:2051E0002376A07567740620A847A076FFF77CFDE0830920A84701280CBF3B46032363769D
:20520000FFF772FDA0830A20A84701281AD066B90323E375637E022B0CD0E37DA3F102035A
:20522000B3FA83F35B092375F8BD0223E375637E022BF2D101232375F8BD0720A8476675EA
:20524000E074C9E7E775E5E730B591B00546FFF74BFD4FF6FF74A0423AD04022002168469E
:205260000DF0B8FB04F0A4FB6A4601461A48FFF7A7FF04F09DFB18B3ADF800400C2004F09A
:205280008FFB014602A800F031FC04F0BFFA0E9004F0D0FA034668460F93FFF7EFFD0446A8
:2052A00015B9204611B030BD04F064FA80B104F0BDFA01466846FFF72DFE204611B030BDB4
:2052C0000D2004F06DFB0146684600F00FFCD5E74FF0FF34E5E700BF859900000120FFF767
:2052E000B3BF00BF0020FFF7AFBF00BF0649074A074B9B1A03DD043BC858D050FBDC09F064
:2053000071FEFBF7A1FF00002434010008000020DC020020FEE7FEE7FEE7FEE7FEE7FEE7AF
:20532000FEE7FEE7FEE7FEE700F01F030121C0F34710994000F066B808B501F0F1FD00B167
:2053400008BDBDE8084001F0A1BD00BF30B583B01446022301F01F0100228DF8063014F004
:205360000C0341EA4015ADF8042006D0042B25D0082B27D00C2B02D103238DF8043014F0C4
:20538000030304D0022B15D0012B02D103238DF805300E4A01A9284601F0CCFD2306284681
:2053A00003D401F0C5FE03B030BD012101F054FE03B030BD01238DF80530EAE701238DF865
:2053C0000430DCE702238DF80430D8E72953000001F01F0141EA40101F28CABF054B4FF0D2
:2053E000A04300F01F00D3F8101521FA00F000F001007047000300500146014800F084BB06
:205400009005002070B50C4B1C689CB105460E4601E0246874B1237AAB42FAD1E36816EAB9
:205420000301F6D063682846002BF2D098472468002CF0D170BD00BF90050020024B002214
:205440001A60FFF779BF00BF9005002070B5838CA32B04462BD016D8002B50D09E2B4AD1CC
:2054600004F108052846202104F0B0FC01281CD994F85230472B45D02F4A102100231170DA
:20548000A384022070BDBC2B35D100F108050A21284604F09BFC012807D9BC23A3840A214D
:2054A000284604F093FC0128F7D8002070BD00F108052021284604F089FC0128F5D994F80D
:2054C00052302F2BD8D194F85330202B29D0284604F076FC2044002680F851600F2204F147
:2054E000520104F17A000DF085FA84F88960012384F89030D1E70023A384032070BD9E2396
:205500008384ADE794F85330452BB5D194F85430542BB1D194F85530202BADD1A323A38413
:20552000C7E706490F2204F17A000DF063FA002384F88930DBE700BFAC350020042F010066
:2055400030B5B0F84830622B83B004460BD0752B23D02BB100230320A4F8483003B030BDF8
:205560006223A0F84830084601910DF03BFA04F12C0502460199284604F0D4FB012809D940
:205580007523A4F84830064928461B2204F0CAFB0128DFD8002003B030BD00F12C05F2E711
:2055A000302E010038B5B0F8503004466BB1853B9AB20A2A29D80A2B27D8DFE803F03E267E
:2055C00047262626262611261A00C0F88C307B300DF010F8C4F88C00E0B18D23A4F85030AC
:2055E00028492046FFF7ACFF012849D98F23A4F85030D4F88C3020469847012840D9224A9F
:20560000102100231170C4F88C300023A4F85030032038BD1D4B84F8890007CB8525C4F841
:205620007A0018889B78C4F87E10C4F88220A4F8860084F88830A4F8505015492046FFF749
:205640007FFF01281CD98723A4F85030B4F848305BB1552B0CD00C4A002310211170A4F895
:205660004830A4F85030022038BD5523A4F848300849582204F12C0004F054FB0128EAD8D9
:20568000002038BD4C2E0100AC350020C42D0100A42E0100D42D0100F0B5304D2B7813F0EA
:2056A000300683B0044614D11A0612D413F040071ED1C8B11B074DD509F0E4FF00283CD046
:2056C0002023C4F88C70214625482B7000F06EFB33E05CB1224800232146C4F88C3003B0C8
:2056E000BDE8F04000F062BB20232B7003B0F0BD1B4800F03FFB04460028F5D0194B01461B
:2057000004F15205186809F07DFD2946272204F10800019504F0BCFB019904F12C00272250
:2057200004F0B6FBA4F85060C4F88C6084F890604FF4A061204609F089FF2046FFF786FE59
:2057400094F89030012BD1D1204603B0BDE8F040FFF728BF09F090FFEFE700BFAC35002046
:20576000DC000020B835002008B54FF4A04009F033FDBDE80840014800F0EABADC00002051
:20578000EFF3108072B6704780F31088704700BF70B41A4A1A4D0023012440FA03F1C90702
:2057A00012D59178B9B11178567801F01F0141EA46111F29C6BF01F01F012E464FF0A0462E
:2057C00004FA01F1C6F80C150133042B02F10302E3D170BC70471178567801F01F0141EA75
:2057E00046111F29C6BF01F01F012E464FF0A04604FA01F1C6F80815E6E700BF7C2B0100DC
:205800000003005070B41A4A1A4D0023012440FA03F1C90712D59178B9B11178567801F05E
:205820001F0141EA46111F29C6BF01F01F012E464FF0A04604FA01F1C6F808150133042B21
:2058400002F10302E3D170BC70471178567801F01F0141EA46111F29C6BF01F01F012E467D
:205860004FF0A04604FA01F1C6F80C15E6E700BF7C2B0100000300500E4A30B40E4D02F123
:205880000C0403201378517803F01F0343EA41131F2BC6BF03F01F0329464FF0A04103F580
:2058A000E0730332944241F82300EBD130BC0F20FFF7A8BF7C2B01000003005010B50948E9
:2058C000FFF790F8084800F077FB50B1064C01460B7A5B080B72204600F03AFB014600289F
:2058E000F6D110BD7C2C0020E80000200146014800F090BBE800002080B110B50446FEF73C
:205900005FFC2368C01AB0F5963F05D2207A032894BF0020012010BD002010BD002070478C
:2059200070B50546144689B1022907D006290CD10146BDE870402A4800F06CBB0146284879
:2059400000F068FB0646002832D170BD0146244800F060FB0646002835D0FEF731FC337A0A
:2059600030602344102BA8BF10233372FEF728FC3368C01AE401B0F5963FA4B208D2337AEC
:20598000042BB38834BF19220A222BB9B48070BDB3881922002BF9D002FB04F41149C2F192
:2059A000640203FB0242A1FB02325209B28070BDFEF706FC337A30602344102BA8BF102345
:2059C00033720C34D2E7334605482946082200F081FB06460028B8D047F6FF73C380BCE7CD
:2059E000E80000201F85EB5138B50546042003F0C9FF29460446214824B200F00BFB38B3CF
:205A0000B0F9063047F6FF7293422CD004EB840462005A251A4C818813FB052384FB032485
:205A2000DB17C3EB641424B2C48081B904F15A0212B222EAE2721E2A124BA8BF1E22D20166
:205A4000A3FB0232120902F5807292B2828038BD034629460948082200F03CFB0028F6D0ED
:205A600047F6FF73C3808388C480002BEFD147F6FF739C42DAD14FF48072E7E7E8000020B7
:205A80001F85EB518988888838B5094800F094FA60B1074D04462146284600F089FB2146EA
:205AA000284600F055FA04460028F4D138BD00BFE800002000B5002183B0084800F026FADD
:205AC000074B084A1B680093074800234FF4E131FEF762FF03B05DF804FB00BFE800002021
:205AE000AC2D0020BD5800007C2C00200B684A6842600360704700BF08B508220CF034FF1A
:205B0000B0FA80F0400908BD0368DBB110B4002400E0134699420FD01A681C46002AF8D1B4
:205B200000230B600368CBB11A461B68002BFBD111605DF8044B70470A686CB12260002217
:205B40001A60EDE700230B6003684BB11A461B68002BFBD1116070470260F0E70160E8E797
:205B60000160704730B405684DB12B46002400E01346994207D01A681C46002AF8D10D60FA
:205B800030BC016070470A683CB1226000221A6005680D6030BC016070470260F6E700BFA8
:205BA00003689BB110B4002400E0134699421A6805D01C46002AF8D15DF8044B704734B146
:205BC000226000221A605DF8044B704770470260F7E700BF03682BB100201B680130002B50
:205BE000FBD1704718467047006848B1884202D105E0814203D000680028FAD17047012061
:205C0000704700BF00B58BB00246282168460CF0D9F86946024803F01BFF0BB05DF804FBFD
:205C2000182F0100F0B170B50024104E054654B1E3070DD5295D304603F00AFF072C10D0AD
:205C40000134002CF4D12978304603F001FFF7E72E2004F027F9295D304603F0F9FE072CBB
:205C6000EED170BD024803F0F3BE00BF2C2F01001C2F010008B5034B5B689847024B187061
:205C800008BD00BFA83101004D2C0020034B197806204A1C1A7003F06FBE00BF4D2C0020A0
:205CA000F8B5FEF78DFA104E0746344600250C2003F076FE2146FFF71FFF103420B9013510
:205CC000102DF4D10020F8BD062006EB051503F059FE2B7B8342F5D1A868381AB0F5206FAB
:205CE0008CBF00200120F8BDFC0A0020F8B5174E0024374635460C2003F052FE2946FFF73B
:205D0000FBFE1035F8B90134102CF4D10F2407EB0414254654F8100D6168A268E368A64247
:205D20000FC5F6D1062003F02DFE3873FEF748FA0346BB600C2003F033FEBDE8F8400146CA
:205D40000248FFF7D3BE002CE1D1EBE7FC0A002010B504464288406800210CF03BFE23881A
:205D60006288A06802FB03F2BDE8104000210CF031BE00BF30B44588ADB14368002202E0C1
:205D80000132AA420CD0194601330C78002CF7D101230B700588806802FB050030BC704744
:205DA000002030BC70472846F8E700BF30B44488826854B18A420CD00588002301E0914269
:205DC00008D00133A3422A44F9D14FF0FF3030BC704700234268D15C0029F6D00020D0545C
:205DE00030BC704783688B4208D84288008800FB023081422CBF002001207047002070476C
:205E0000418849B143680020194413F8012B02B901308B42F9D170470846704738B50D4BDC
:205E20000D4D1C68002818BF05463CB1211D2846FFF762FE28B92468002CF7D14FF0FF307C
:205E400038BD064A064B9068241AA01003FB00F038BD00BF2C0C0020102F0100FC00002070
:205E6000ABAAAAAA2DE9F84F224CDFF89CA0DFF88C90214F0546884604F1200B54F8043F70
:205E8000BBB19E68AEB1A5B1D9F80820AA1A91100C3207FB01F10CD05A68D86802FB01006F
:205EA00038B11AF801201B6842FA03F3DB0700D5B0475C45E2D1D5B1104B0F4A9B68EB1ACD
:205EC0009B1002FB03F30E490E480022CA5429460AF80320FFF764FEB8F1000F01D1BDE81C
:205EE000F88F29460548BDE8F84FFFF75FBF4FF0FF33E8E7F80B0020ABAAAAAAFC00002037
:205F00001C0C00202C0C0020040D002038B10368072B04D80C4A52F82330984210D00B4A4C
:205F20001368072B0AD830B4074C03605D1C8160156044F82300012030BC7047002070476F
:205F400081600120704700BFFC0B0020000D0020F0B5164B164D9C68164E20B301B3C768EE
:205F6000D0F804C0C91B91FBFCF101EB4102013119D014EB820314D054F82230A3EB040E48
:205F80004FEAAE0205FB02F20CFB02714BB11EF10C0F08D021B1B35C02681341DB07DCD57A
:205FA0000B461846F0BD00231846F0BDFC000020ABAAAAAA040D0020124B1968F9B1124B7C
:205FC0009B68C91AD0B111F10C0F17D010B40F4B4468C268891003FB01F304FB032149B1BA
:205FE0000B4C0268E35C1341DB0703D508465DF8044B70475DF8044BFFF7AABF0021FFF7D0
:20600000A7BF00BF2C0C0020FC000020ABAAAAAA040D002010B504460846FFF7FFFE84B188
:20602000431C02460DD06368E06803FB020038B1054B21689B5C0B4113F0010F08BF0020CA
:2060400010BD002010BD00BF040D00202DE9F84316460D46FFF7DEFF28B10024012006B1EE
:206060003460BDE8F88304462846FFF7D7FE0130F3D11448FFF7C4FE0028EED1124B1D6817
:20608000F5B1DFF84C90DFF83C80104F06E02046291D05F0A3FC04462D686DB1D8F808308A
:2060A000EB1A9B1007FB03F319F80330002BF3D1002CECD12C1DEFE7201E18BF0120CEE712
:2060C0002046CCE7FC0000202C0C0020ABAAAAAA1C0C00202DE9F04182B060B32F4B0C46EA
:2060E000002908BF1C46214601AA0546FFF7AEFF08B32046FFF792FE461C21D06A68EC682E
:2061000000FB0244002120460CF064FCEB686A68E31A93FBF2F35A1C06D021492D68C85C57
:206120000122AA400243CA54204602B0BDE8F081B8F1000F1DD10024204602B0BDE8F081C9
:20614000184FDDF804803846FFF714FE06460028EED015483146FFF7D7FCBB682146301D53
:20616000F41AFFF7C3FC14F10C0F12D16A680024C8E74046FFF752FE411CDCD0BB6800EBD1
:20618000400013EB8006D6D000213046FFF76AFEDFE7064BA01003FB00F0AFE7102F010015
:2061A000040D0020FC0000202C0C0020ABAAAAAA18B319B3C3684268CB1A93FBF2F35A1C57
:2061C0001CD070B40F4E0568F45C012202FA05F524EA0504F454C3684468CB1A93FBF4F3EC
:2061E000591C0DD0084C0068E15C02FA00F021EA0001E154104670BC704770470020704760
:206200001046F8E7040D00201C0C002098B199B1C2684368891A91FBF3F14B1C0CD010B44E
:20622000064A0368545C012000FA03F3234353545DF8044B70477047002070471C0C0020A4
:20624000A0B1A1B1C2684368891A91FBF3F14B1C0DD010B4074C0268635C012000FA02F220
:2062600023EA020363545DF8044B704770470020704700BF1C0C002088B179B1C36840682F
:20628000C91A91FBF0F14B1C08D0054B986801EB410110EB810002D00430704700207047E1
:2062A000FC00002070B50B4B1C685CB105460E46012D09D01DB963680BB1984718B9246877
:2062C000002CF5D1002070BDA3683046002BF6D09847F3E7140D0020064B074A01211960D6
:2062E000D2F8503513F0FF03FAD1C2F8FC3F0120704700BF1010004000100040A1B11928B0
:2063000010D8DFE800F00D770F0F6E65605B453F0F3A0F0F0F36322E2A0F26221E1A17133B
:206320000020704701207047022070477D230B600020704700200860704710230B600020F6
:2063400070470A230B600020704720230B600020704703230B600020704708230B60002074
:206360007047D8230B60002070471A230B60002070470B230B6000207047244B1B780B60CD
:2063800000207047224B93F900300B6000207047204B214A012082B018601368002BFCD0A8
:2063A0000020106012681D4B0192019AD3F8483503F07F035B420B6002B07047184B5B79D8
:2063C0000B6000207047164B5B780B6000207047134BDB7800200860002BA1D001230B60A1
:2063E00070470F4B1B7800200860002B98D004230B607047094B0B4AD3F80835A2FB032321
:206400009B080A33DBB20B60002070474E2C00204F2C0020141000401C1100400010004077
:2064200018010020CDCCCCCC0120704770B582B0FFF7A6F9BFF35F8F1C4B1B78ABB11C4BD1
:206440001C4902224FF0FF34C1F80843C3F88021C3F88020BFF34F8FBFF36F8FBFF35F8FA6
:2064600002B0BDE87040FFF78FB9134903F0FF020A600968114B019101991A601A680D49D2
:206480000B4B00924FF0FF3502224FF44054009EC1F80853C3F88021C1F804431A60BFF36C
:2064A0005F8F02B0BDE87040FFF76EB91801002000E100E00010004030110040341100407A
:2064C000144BD3F8FC0F28B1D3F85035DBB2032B01D000207047104B1B7803F0FF0073B1F7
:2064E0000E4B1B78053B7A2BF3D80D4B1B68002BEFD10C4B1868B0FA80F040097047074AF8
:206500001378053B7A2BE5D892F8800080F00100704700BF0010004018010020180D00208F
:2065200030110040341100400D2801D001207047042A05D121B1034B1B680B60002070478E
:20654000022070479C0D002070B51B4CD4F85055EDB2032D82B028D0184B1948194AC4F8C0
:2065600004051949C3F8102501264FF00062C3F81415C3F80465C3F80425FFF757FFD4F8F4
:20658000003243F01003C4F80032D4F80032022D43F40023C4F8003209D00C4B0C4A002179
:2065A00019601B680193019B166002B070BD094B1E6002B070BD00BF0010004000F0014069
:2065C000180D0020381100404C80004058110040041000400810004070B5304D304C314AF3
:2065E00000232B6084B02D680095009D236024680194019C1360146802942B4D029C42F8DC
:20660000043C2C7852F8043C0393631F7A2B039A02D8023CA1420ADA8122002122480CF0A9
:20662000D9F9FFF791FF0024204604B070BD2246691C0CF0A7F92B191C4E5B781C4A3F2BBD
:206640009ABF9B00DBB2FF233370D2F84835194A03F07F035B425BB299B20420137003F046
:206660008BF93178032003F087F9134B2A7813491A74D1F84C055860D1F84815996052002A
:20668000DA605D68084881220021023D1D600CF0A1F9FFF759FF204604B070BD3811004077
:2066A0000C11004034110040180D00204E2C0020001000404F2C00209C0D002000800040A5
:2066C00010B5038804461BB340F2D332934224D1822901D0012010BD124A1378053B7A2B1B
:2066E00016D8114B1B6813B992F8803083B10BF051FD03F0D3F803F089F88021FFF76CFF16
:20670000002805DD80B203F07BF8084BDB68984740F2D3332380012010BD002303800320D0
:2067200010BD00BF180D002030110040802D01007D2910B50C4609D801460A48A31C00F86B
:20674000013B22460CF01EF9002010BD064A0749074803F07DF921467D22064803F078F985
:20676000012010BDB00D0020342F0100442F0100902B0100482F010070B4164B1649174CFB
:206780000F22C3F810258A780A3A02EB8202C3F808250879CD798A794979120642EA052242
:2067A000024342EA0142C3F86C2640F2022600250B48C3F834657F2140F20122C3F8384585
:2067C000C3F83C55C3F81405C3F81815C3F8502670BC7047001000401801002021100100E2
:2067E0000800000608B5084BD3F8FC2F1AB1FFF7ABFE012008BD0122C3F8FC2FFFF7BCFF7B
:20680000FFF7A2FE012008BD0010004030B585B0FFF7E8FF104A11491148124C00231360B4
:2068200015680395039D0B600D680295029D03600368019301230198236001E00B6813B9CB
:206840001368002BFAD0044A044B10681B68B0FA80F0400905B030BD4811004044110040FD
:206860004C1100402C10004010B5072867D8DFE800F01A2A666648525A04364A3648C9B294
:206880005171D0F8FC3F5BB11179D479937952791B0643EA04230B4343EA0243C0F86C36EA
:2068A0000024204610BD01294FD000294AD12B4A294B01211160D3F8504514F0FF04FAD146
:2068C000C3F8FC4FEDE7A1F10B030F2B3AD8214A214BC8B29070D3F8FC2F002AE0D01F4A68
:2068E00001201060D3F8504514F0FF04FAD10A3901EB8101C3F8FC4FC3F80815FFF772FFDF
:20690000CFE731F007041DD1124BC1F380011970FFF78CFDC5E731F0010413D10D4BC9B284
:20692000D970204610BD0B4A0B4BC9B25170D3F8FC2F002AB4D0C3F80C150024B1E7012493
:20694000204610BD0224204610BDFFF74BFF0024A7E700BF18010020001000401010004011
:2069600010B57D2884B04BD82C4CFFF73BFFE378002B3FD163782A4A2A49DBB20120C2F8EE
:206980000C350860D2F85035DBB2022BFAD12649264BC2F8043500230B600868019001987F
:2069A0000B66086E029002988B648B6C0393039BD2F8003223F01003C2F80032D2F80032A0
:2069C000012143F48023C2F80032116005F016FE6FF002031C1A05F011FEE042FBD4104A6C
:2069E000D2F85035DBB20B2BFAD0FFF7ADFD002004B010BDFFF70AFF0028BBD10220F7E7C7
:206A00000B4A0C4904460C4803F022F821460B4803F01EF8012004B010BD00BF18010020C4
:206A2000001000400C1000400C110040B00D0020342F0100442F0100902B0100642F010048
:206A400010B50C46FFF774FE2046BDE81040FFF787BF00BF10B51A491A481B4A1B4C0023E8
:206A60000B6003704B6023708B6082B0CB600B741360136800934FF080430121009819607D
:206A80001368002BFCD0002414601368019321460F48019B03F082F8214681220D480BF0BC
:206AA00099FF0D4B0122C3F8FC2FFFF765FE0B4A1378DBB21370FFF7B9FC204602B010BD04
:206AC0009C0D00204E2C0020000100404F2C002008010020180D0020001000401801002080
:206AE000074A1378053B7A2B07D8064B1B6813B992F880007047012070470020704700BF27
:206B0000180D002030110040154B1B7803B1704700B503F0FF02134B196883B029B9124B57
:206B20001A6882B903B05DF804FB1A601B6800930E480F4B009A012283F8802003B05DF871
:206B400004EB03F0E1B819601B68019381220848019B0BF03FFF03B05DF804EBFFF7F4BCC5
:206B600018010020301100403411004008010020180D002010B40346002253E8000F00EA05
:206B8000020143E8001494F0000FF6D15DF8044B704700BF10B568B90E4CA36801226270FF
:206BA0003BB1D3E900230020A2609847A368002BF7D110BD0128FCD1064C2369A070002B2F
:206BC000F7D0D3E900230120226198472369002BF7D110BD300E002010B50B4C237882B0F9
:206BE00013B1852002B010BD08486360A3602361E36000F0B5F8019000F0BEF8019801233F
:206C0000237002B010BD00BF300E0020956B000038B5154DAB78044673B110B143680120D8
:206C200098470020FDF778F8EB680133EB600020BDE83840FDF778B803F0FF00FDF76CF874
:206C400064B12A6942B1944208D0134601E09C4204D01B68002BFAD122602C61EB68002BF9
:206C6000E2D100F09FF8DFE7300E002038B5154D6B78044673B110B143680020984700208B
:206C8000FDF74AF86B6801336B600020BDE83840FDF74AB803F0FF00FDF73EF864B1AA6876
:206CA00042B1944208D0134601E09C4204D01B68002BFAD12260AC606B68002BE2D100F09F
:206CC00089F8DFE7300E002038B50B4C0020FDF723F86368013B6360656825B1BDE8384012
:206CE0000020FDF721B800F087F865700020BDE83840FDF719B800BF300E002010B5074C2C
:206D000023784BB9064B002808BF184600F044FB08B90123237010BD852010BD502C0020B4
:206D2000D02F010000B583B0019000F069FB00F06FFB019800F056FB00F05AFB002003B03A
:206D40005DF804FB10B4034653E8000F00EA010243E8002494F0000FF6D15DF8044B704797
:206D6000044A137923B90121106091801846704785207047440E0020084B1A68D20704D451
:206D8000C02283F8002301221A60054A4FF080410123C1F818351370704700BF00E100E0A3
:206DA0006B38002010B4094B094A0021196083B01B680193019C4FF0804102200123C1F825
:206DC0000403136003B05DF8044B70470401004008000040074B00221A6082B01B68019367
:206DE00001994FF080430122C3F804231A6002B0704700BF00010040074B01221A604FF0E1
:206E00008042D2F80C3403F00113B3F1011FF8D0024B00225A71704704000040440E00206C
:206E200010B5174B1A6882B062B10021154A19601B68507900934FF080410123009CC1F813
:206E4000083398B1104B1A68BAB100221A601B6801934FF0804202210A4B0198C2F80813CC
:206E60001B68012002B0BDE810401847116853718847054B1A68002AE7D102B010BD00BF6A
:206E800000010040440E00200401004030B41F4C94F86A3082B0002B33D104F12F03204697
:206EA00004F15F01FF2203F8012F8B42FBD14FF0FF3222600123072B88BFE11803F1010318
:206EC00040F8042F88BF81F858200C2BF3D11049104B0020C0228880606683F8062340228A
:206EE0001A600D4B0D4A18601B680193019D01214FF0004384F86A10C2F8043302B030BC13
:206F00007047082002B030BC704700BF4C0E0020B00E002000E100E07C61004000600040A8
:206F2000034B93F86A00003818BF0120704700BF4C0E0020F0B4454F3B1893F93030002B4C
:206F40005DDA91F802C0CCF3400CBCF1000F0CBF0823002307EB8304A4F104040CBF0C26BC
:206F6000082602E001339E424CD954F8045F0135F8D13C1847F8232084F83030BCF1000FAC
:206F80004FD08A7854071AD4D5074ED41F284C7887BF2F4D00F01F0202464FF0A04502F548
:206FA000E072A40045F822402A4DC40800F0070C2E5D012202FA0CF232432A558A7812F056
:206FC000020222D09B0003F1804303F5C0430978D3F8104524F44F3424F44074C3F8104556
:206FE00002020904D3F8100501F4403102F47C520A430243C3F810250020F0BC7047082049
:20700000F0BC70470420F0BC7047083B1F44097897F8603043EA811387F860301046F0BC6E
:207020007047FA1882F85800ABE71F2887BF084A00F01F0404464FF0A04202EB8402D2F889
:20704000004724F00204C2F80047ADE74C0E002000030050B00E002070B4324C251883B07D
:2070600095F93030072B22DD234493F858309B09032B46D0012B0CBF4FF400324FF440326E
:207080001F288ABF284B4FF0A04300F01F0003EB8000D0F8003723F44033C0F80037D0F80E
:2070A00000371A43C0F8002703B070BC7047DAB2072AF9D8980000F1804000F5C04003F107
:2070C00040029200D0F8106592B202F1804202F5C04246F00106C0F8106500201060126839
:2070E0000192019A0029DFD095F9302054F82220002AD9D00D49012202FA03F3C1F80433F0
:20710000D2E71F288ABF084A4FF0A04200F01F03D2F8102598BF0346DA4002F001020232BF
:207120001204ADE74C0E00200003005000600040194B034493F93030072B13DD1F288ABFEF
:20714000164B4FF0A04300F01F0003EB8000D0F8003723F44033C0F80037D0F80037C0F800
:2071600000377047DAB2072A14D810B49A0002F1804202F5C0420A4CD2F81005012120F005
:20718000010001FA03F3C2F81005C4F808335DF8044B7047704700BF4C0E00200003005099
:2071A000006000402DE9F04F002289B0CDE9022216461546704B714C7148012204E004337F
:2071C00083424FEA420211D019680129F7D1D4F804131142F3D01D60196800910433834295
:2071E00046EA020600994FEA4202EDD1654B1A68012A07D016F0FF0F17D1002E32DB09B05F
:20720000BDE8F08F00221A601B6801934FF0A042019BD2F810255C4B0292D3F810350393FA
:2072200016F0FF0F1ED046F00046584F01250024A30003F180432E4203F5C0434FEA450597
:207240000BD0D3F8100557F82420D3F81015C0F30520C1F3014102B190470134082CE7D177
:20726000002ECCDA4FF0FF33494D0DF1100ACDE906330022CAF804200492A5F16408454CFB
:207280000027012614F9010B431C32D0C0F3C20E08AB03EB0E0C00F007031CF8081C06FAB6
:2072A00003F31942C2B200F03F0022D008EB0009910999F9309058F82990B9F1000F4CD022
:2072C00003294CD01F288BBFDFF8BCE04FF0A04E02F01F0202460EEB82021CF818ECD2F87B
:2072E00000C71EEA030FCCF3014C1BD1BCF1030F3CD0A542C6D1002F81D04FF0A04302992F
:20730000D3F81035204A9942D2F8102503D1039991423FF474AFDDE90401CDE90232CDE915
:207320000601ACE7BCF1020FE3D1032904D0B9F1000FDED0C847DCE74FF4403CD2F8003748
:2073400023F44033C2F80037D2F8003701374CEA0303FFB2C2F80037E9E70329C9D11AF8F3
:207360000EB04BEA030B0AF80EB0ABE70329DED14FF4003CE2E700BF006100400060004097
:20738000206100407C610040000300504C0E0020B00E0020AC0E0020104A1378DBB910B44D
:2073A00003780F494FF08044C3F34003C4F88035037803F00103C4F878350B68DB0704D485
:2073C000C02381F8003301230B600123137000205DF8044B70478520704700BF6C3800208E
:2073E00000E100E0014B02681A607047C00E00204FF080434FF46072C3F80423704700BF88
:207400004FF080434FF46072C3F80823704700BF014B00221A607047C00E002010B54FF068
:20742000804386B0D3F80443620705D5D3F8082103F58473002A4ED1A30603D52A4B1A685A
:20744000002A3FD1600603D5284B1A68002A2FD1210602D5264B1A680ABBE20502D5254BB1
:207460001A6892B9A3050ED5234B1A685AB100221A601A68214B0592059A1B68022006B09E
:20748000BDE81040184706B010BD00221A601B4A1B68049301201368049A9847E2E70020F8
:2074A0001860164A1B6803931368039A9847D4E700221A60124A1B68029301201368029AE1
:2074C0009847C5E7002018600D4A1B6801931368019A9847B6E700221A600A4A1B68009383
:2074E0001368009A9847A7E714010040180100401C0100402001004024010040C00E00204B
:20750000BC0E0020B80E002008B5FFF787FFBDE80840FFF785BC00BF074B0849084A00206A
:20752000186082B01B680193019BD1F808051368C0B202B0184700BF00D1004000D000403A
:20754000C40E002070B443791E4C1F4E03EB430546F82320655D8DBB90F904308A78002BD7
:2075600024DB03F1604303F561435201D2B283F8002390F90430002B07DB144D03F01F0621
:2075800001225B09B24045F8232003680A88C3F8082543790879C97803EB4303E21801253B
:2075A00050709170E554002070BC7047084D03F00F0352011D44D2B22A76DAE7082070BC87
:2075C000704700BFC80E0020CC0E002000E100E0FCEC00E00368044A01211960437903EBBE
:2075E00043030221D1547047C80E002010B403680022C3F8002183B0D3F8003102680193F6
:207600000123019CC2F8443311B10268C2F8043303B05DF8044B70472DE9F041274F284E1A
:20762000DFF8A08084B000244FF48035D7F804332B4211D056F824200023E0B262B1C7F896
:207640004853C7F8085346F8243056F824300393D8F80030039A98470134032C4FEA450548
:20766000E4D1164BD3F80423D10702D5D3F80021C2B9124BD3F80423920710D5D3F804212F
:207680006AB10022C3F80421D3F804210D4B0192019A1B68052004B0BDE8F041184704B012
:2076A000BDE8F0810022C3F80021064AD3F80031029304201368029A9847DAE700B000400A
:2076C00040B10040CC0E0020084B09491B68094AA1FB03139B0C916800FB03F09368CB1AE4
:2076E00023F07F438342F9D3704700BFF001002083DE1B4310E000E030B44C689C4208D2BE
:20770000002545600968016093420CD0002030BC704743600D6805600868E41A184493423D
:20772000C1E90004F2D1201E18BF012030BC704710B4D1E900439A4228BF1A46C0E9004230
:20774000D1E90030801A1344C1E90030003818BF01205DF8044B70474B689A4228BF1A4613
:2077600062B10B68C0E90032D1E90030801A1344C1E90030101E18BF012070471346F1E7E5
:2077800010B5094B09491A68094C82B0002301208DF804008DF80730ADF8053001A82370D6
:2077A0000B70904702B010BDF80F0020542C0020512C0020704700BF00B583B00D4B0E4987
:2077C00000228DF80420D3F82025ADF80620D3F8C0040A4A0968136800280CBF4FF480700E
:2077E0004FF00120034301A81360884703B05DF804FB00BF00700240F80F0020D40E002057
:20780000F8B54B680B4F934228BF13461D460C4606461A46096838460BF0B4F8C6E900757E
:20782000D4E90030401B2B44C4E90030003818BF0120F8BD0010002070B54B68934228BF0B
:2078400013460D461C4606465BB933607460D5E90032121B2344C5E90032201E18BF0120B9
:2078600070BD044B0968184622460BF08BF83060ECE700BF0010002010B5274BD3F800443F
:20788000C3F8004482B0BFF36F8FBFF34F8FBFF36F8FBFF34F8FE1050ED5204B20491A6818
:2078A000022000238DF80730ADF805308DF80400012301A80B709047A2050DD5174B1849F9
:2078C0001A68032000238DF804008DF80730ADF8053001A80B70904763051AD5104B1A7882
:2078E000BAB10D4C0F48012100221A70C4F808150160BFF36F8FBFF34F8F084BADF8052008
:2079000004211B688DF807208DF804100DEB0100984702B010BD00BF00700240F80F00208B
:20792000512C00205870024070B5394A0126136806FA01F423431360030682B0054610D41E
:20794000344B1B681C420AD1334B8DF8060006221B688DF807608DF8042001A8984702B069
:2079600070BD2E4B00F00F0133F8113003F1804303F51C331A68DAB100221A60BFF36F8F9E
:20798000BFF34F8F264B80281B6822D0082B08BF244B254808BF1A60244B03EB011200261C
:2079A000927B0670032A4FEA011029D01B583BB3184B19682140D2D1174B8DF80650062226
:2079C0001B688DF807108DF8042001A8984702B070BD082B08BF134B134908BF1A60144B24
:2079E00093F89E200020032A087003D0D3F89030002BDDD16FF001010648FFF7A3F9D7E743
:207A0000012303FA01F1C9430248FFF79BF9CFE7D40E0020D00E0020F80F0020E02F010086
:207A2000300100101C7C0240522C0020680F0020D80E0020064B93F900201878002AB4BFC6
:207A40000021102100F00F031944FFF76DBF00BF542C00202DE9F04FDFF8F4A2DFF8F882E1
:207A6000DAF80040D8F80030234089B000F0C68013F0012400F0C58094FAA4F4002C00F083
:207A8000C580B4FA84F70F2F3D461BD8DFF8CCA24FEA071B0AEB07165AF80B30B289716871
:207AA00006A8984767F07F09012302974FFA89F903FA07F708B94AF80B006FEA070B05F069
:207AC00008072CE0A7F11003974A4FF0010BDDB20BFA07FB4FFA83F913F008032C4602EBEC
:207AE00005166FEA0B0B019340F0988003950022019205F594738D4A52F82330B28971684A
:207B00003768029306A8B847069A22B1079A029B934200F2DB80019F029400B93060844B63
:207B20001B68082B02D1834B82221A60D8F80020B368079902EA0B020B44C8F800207E4A35
:207B4000B360B9F1000F4FF001031370069A73DB002F00F08580754BC3F8A027C3F8A417C9
:207B6000734B1B68082B4FEA850540F08A80734B1B68002B40F08580B9F1000FB4BF0423A0
:207B800028231D446E4A6F49029B6F4EDFF8D081EDB2B4BF9146894605F1804509EB430994
:207BA00005F51C35002701243760BFF36F8FBFF34F8F2C60BFF36F8FBFF34F8F0220FFF773
:207BC00083FD3368002BEFD01E20FFF77DFDD8F800309A0606D40220FFF776FDD8F80030ED
:207BE0009B06F8D50120FFF76FFDB9F8003003F1804303F51C331B68002BD4D009B0BDE805
:207C0000F08F93FAA3F4002C7FF43BAF1023464E039399464FF0FF3B254668E7434BD3F870
:207C2000C034D9037DD5B28971683468019F029506A80023A04770E7002F61D105EB850353
:207C40009B0003F1804303F51C33AD00C3F80026C3F80416364B1B68082B5CD0042311E0AD
:207C600005EB85039B0003F1804303F51C33AD00C3F80027C3F804172D4B1B68082B3FF42D
:207C800076AF28232B44DBB203F1804303F51C3301221A60BFF36F8FBFF34F8F284B294AB7
:207CA0002A4913EA290938BF9146029B39F8132002F1804202F51C3202E00B68002B9DD16B
:207CC0001368002BF9D009B0BDE8F08F02245946B4731F48FFF736F81E4B03991B688DF8D4
:207CE000174006228DF816108DF8142005A89847DAF80030D8F8004023407FF4B9AE7DE762
:207D00000A4BC3F8A026C3F8A416094B1B68082B4FEA8505A2D1094B1B68002B3FF42CAFC8
:207D20009CE70395EAE600BFD80E002000700240300100101C7C0240522C002034010010E3
:207D4000E02F0100003001000471024000710240D00E0020F80F0020D40E0020680F0020BA
:207D60007474024038B5214BD3F86C44C3F86C44BFF36F8FBFF34F8F1D4B1B68082B28D044
:207D80009CB1012594FAA4F3B3FA83F21146D3B10F2AA2F1100005FA02F30DDDC0B224EA14
:207DA0000304FFF7C1FD002CECD1124B1B787BB9BDE83840FFF74EBE05FA02F224EA0204D5
:207DC00041F08000EDE720211020FFF7ADFDD9E738BD094B1B68002BD2D1084A136803F0F3
:207DE000011123F0011311601C43C9E70070024030010010522C002034010010FC0F0020C9
:207E000010B5184B1B68082B82B002D1164B00221A60164B164C93F87E200021032A2170B7
:207E200005D01B6F6BB1FFF715FE02B010BD11486FF40001FEF786FF2378002BF3D002B0CD
:207E400010BD6FF400010B48FEF77CFF0A4B062107221B688DF80410ADF8062001A898471A
:207E6000EAE700BF300100101C7C0240D80E0020522C0020D00E0020F80F0020134B1B68AD
:207E8000082B02D1124B00221A60124B124993F88E200020032A087002D0D3F8803003B12C
:207EA000704700B56FF0807183B00C48FEF74AFF0B4B062108221B688DF80410ADF80620B3
:207EC00001A8984703B05DF804FB00BF300100101C7C0240D80E0020522C0020D00E002097
:207EE000F80F002000B5184B1B68082B83B002D1164B00221A60164B164993F81E210020E0
:207F0000032A087005D0D3F8103153B103B05DF804FB6FF480711048FEF714FF03B05DF814
:207F200004FB6FF480710C48FEF70CFF0B4B062188221B688DF80410ADF8062001A8984704
:207F400003B05DF804FB00BF300100101C7C0240D80E0020522C0020D00E0020F80F002077
:207F60000B4B1B68082B02D10A4B00221A600A4B0A4993F89E200020032A087003D0D3F8DD
:207F8000903003B1704706486FF00101FEF7DABE300100101C7C0240D80E0020522C0020BB
:207FA000D00E00200B4B1B68082B02D10A4B00221A600A4B0A4993F80E210020032A0870CC
:207FC00003D0D3F8003103B1704706486FF08001FEF7B8BE300100101C7C0240D80E0020AD
:207FE000522C0020D00E00200B4B1B68082B02D10A4B00221A600A4B0A4993F8EE200020B4
:20800000032A087003D0D3F8E03003B1704706486FF02001FEF796BE300100101C7C024070
:20802000D80E0020522C0020D00E00200B4B1B68082B02D10A4B00221A600A4B0A4993F89B
:20804000FE200020032A087003D0D3F8F03003B1704706486FF04001FEF774BE30010010BE
:208060001C7C0240D80E0020522C0020D00E00200B4B1B68082B02D10A4B00221A600A4B5F
:208080000A4993F8AE200020032A087003D0D3F8A03003B1704706486FF00201FEF752BEE1
:2080A000300100101C7C0240D80E0020522C0020D00E00200B4B1B68082B02D10A4B0022AD
:2080C0001A600A4B0A4993F8BE200020032A087003D0D3F8B03003B1704706486FF00401B5
:2080E000FEF730BE300100101C7C0240D80E0020522C0020D00E00200B4B1B68082B02D101
:208100000A4B00221A600A4B0A4993F8CE200020032A087003D0D3F8C03003B17047064841
:208120006FF00801FEF70EBE300100101C7C0240D80E0020522C0020D00E00200B4B1B6880
:20814000082B02D10A4B00221A600A4B0A4993F8DE200020032A087003D0D3F8D03003B1E0
:20816000704706486FF01001FEF7ECBD300100101C7C0240D80E0020522C0020D00E00202F
:2081800010B5184B1B68082B82B002D1164B00221A60164B164C93F82E200021032A217084
:2081A00005D01B6A6BB1FFF755FC02B010BD11486FF48021FEF7C6FD2378002BF3D002B033
:2081C00010BD6FF480210B48FEF7BCFD0A4B062102221B688DF80410ADF8062001A89847BE
:2081E000EAE700BF300100101C7C0240D80E0020522C0020D00E0020F80F002010B5184BE3
:208200001B68082B82B002D1164B00221A60164B164C93F83E200021032A217005D01B6BC0
:208220006BB1FFF717FC02B010BD11486FF40021FEF788FD2378002BF3D002B010BD6FF4D8
:2082400000210B48FEF77EFD0A4B062103221B688DF80410ADF8062001A89847EAE700BF9A
:20826000300100101C7C0240D80E0020522C0020D00E0020F80F002010B5174B1B68082B3D
:2082800082B002D1154B00221A60154B154C9A7F0021032A217005D01B696BB1FFF7DAFBE4
:2082A00002B010BD10486FF40031FEF74BFD2378002BF3D002B010BD6FF400310A48FEF733
:2082C00041FD0A4B062101221B688DF80410ADF8062001A89847EAE7300100101C7C024066
:2082E000D80E0020522C0020D00E0020F80F002010B5184B1B68082B82B002D1164B00224F
:208300001A60164B164C93F84E200021032A217005D01B6C6BB1FFF79DFB02B010BD11486A
:208320006FF48011FEF70EFD2378002BF3D002B010BD6FF480110B48FEF704FD0A4B042289
:2083400006211B688DF80410ADF806200DEB02009847E9E7300100101C7C0240D80E002045
:20836000522C0020D00E0020F80F002010B5184B1B68082B82B002D1164B00221A60164BF9
:20838000164C93F85E200021032A217005D01B6D6BB1FFF75FFB02B010BD11486FF400117E
:2083A000FEF7D0FC2378002BF3D002B010BD6FF400110B48FEF7C6FC0A4B062105221B6850
:2083C0008DF80410ADF8062001A89847EAE700BF300100101C7C0240D80E0020522C002062
:2083E000D00E0020F80F002010B5174B1B68082B82B002D1154B00221A60154B154C93F82E
:208400006E200021032A217005D01B6E6BB1FFF721FB02B010BD10486FF48001FEF792FC25
:208420002378002BF3D002B010BD6FF480010A48FEF788FC094A062312688DF80430ADF831
:20844000063001A89047EBE7300100101C7C0240D80E0020522C0020D00E0020F80F0020B0
:208460001D490B78002B34D130B41C4C1C4A206001240C701046194640251C4607E011F0AC
:20848000080F00F1100014BF4FF4007540250131C9B20929A0F89C5080F89E40C0F8904093
:2084A000C0F89840EBD14020002107E013F0080F02F1100214BF4FF4007040200133DBB242
:2084C000092B9081917311609160EFD1002030BC70470820704700BF532C0020F80F00200A
:2084E000D80E00200249034A00230B6013707047F80F0020532C002038B5604B4FF4006213
:20850000C3F80024BFF36F8FBFF34F8F5C4B1B68082B62D00D2B11D10020FBF7FDFB594BE5
:208520001A68002A00F08780574B03221A600020FBF7FAFB524B1B68082B52D04F4A01231E
:20854000C2F80035BFF36F8FBFF34F8FD2F800341B05FBD54FF40063C2F80034BFF36F8FBA
:20856000BFF34F8F464B1B68082B48D0434A474D474843498024C2F81C45002340F2FF14A9
:20858000C2F830352B6004600A68424D424C4349082A08BF424A4FF0020008BF136000238F
:2085A000374A2B70237008701368082B10D00D2B12D10020FBF7B0FB324B1A68002A42D0F3
:2085C000314B00221A60BDE838400020FBF7ACBB344B1B68002BECD138BD324B1B68002BE3
:2085E0009AD10020FBF798FB264B1A68002A3CD02D4BC0221A600020FBF796FB9EE7002026
:20860000FBF78AFB1F4B1A6842B3274B00221A600020FBF789FB1A4B1B68082BA6D1234960
:20862000234B40F2E370402208601A60BFF36F8FBFF34F8F9AE7144949F2753203201A6066
:2086400008601A6073E7104849F27531196002601960BDE838400020FBF766BB124849F26C
:208660007531196002601960D2E70F4949F27532C0201A6008601A60BDE700BF00700240BC
:208680003001001000EC064014ED0640D00E0020D40E0020522C0020542C0020532C002043
:2086A0001C7C02403401001014EC06400078024004780240114B00221A7028B9104B1B6816
:2086C000082B13D00F4900E00F49104B104AC3F80413C02182F82713802151600122C3F8A8
:2086E0000425BFF36F8FBFF34F8F7047094B06491A68044B002A18BF1946E6E7512C00201C
:20870000300100100714C0010714E0010070024000E100E034010010024B1878003818BF9C
:2087200001207047532C0020034B1878012894BF00200120704700BF532C002010B500202D
:20874000FBF7EAFA144B1B7803F0FF0453B1134AD2F82C355BB1124B1B680021082BC2F8D5
:208760002C150AD00020FBF7DFFA204610BD1C460020FBF7D9FA204610BD0A4B1A683AB97C
:20878000094949F27532C0201A6008601A60E9E7054BC0221A60E5E7512C002000700240D2
:2087A0003001001000EC064014EC0640024B034AC3F80823704700BF0070024004148001BF
:2087C000024B034AC3F80423704700BF0070024004148001014B00221A707047512C002010
:2087E000064B10F0800FA3F1900200F00F0008BF134603EB00139889704700BF680F002025
:20880000064A010600F00F034CBFD2F81005D2F81405D84000F00100704700BF0070024001
:208820002DE9F0414FFA80F8B8F1000F00F00F0504464FF00000B4BF074610270E46FBF7AE
:208840006BFA55B9324B1B78A34206D010240020FBF76AFA2046BDE8F0812E4BDFF8DCC0C8
:208860001C68DCF80030E4432F440122A4B202FA07F71C433C4025D1B8F1000F29DB264A66
:208880002649DFF8BC80280105EB450E42F8008001EB8E0E02EB051896E80700204D1F434A
:2088A000802600238EE80700C8E901E3CCF8007088F80E300020C5F80461FBF735FA204622
:2088C000BDE8F08111240020FBF72EFA2046BDE8F08132681349144802F0604205EB450E6E
:2088E000B2F1005F01EB051800EB8E0E4FEA051506D0B268D20754BF0C4A0D4A4A51CBE7BD
:20890000B268D00754BF0B4A0B4A4A51C4E700BF542C0020D40E0020D80E0020142D00209B
:2089200000E100E0680F0020A82C002001780000397800003177000059770000D00E00204B
:20894000F97600002DE9F04147B2002F00F00F0504464FF00000B4BF80464FF010080E46C8
:20896000FBF7DAF955B91F4B1B78A34206D010240020FBF7D9F92046BDE8F0811A4B1B490F
:208980001C680A68E443A8440123A4B203FA08F314431C401FD11648DFF858E0A0F1900C1F
:2089A00010EA270738BF674607EB051C2D01CCF808403068785113430B607268CCF80420BA
:2089C00080238CF80E400020CEF80431FBF7ACF92046BDE8F08111240020FBF7A5F92046A9
:2089E000BDE8F081542C0020D40E0020D00E0020680F002000E100E000487047001000203A
:208A0000044B40F48070C3F81805BFF36F8FBFF34F8F704700700240010718D4020600F076
:208A20000F0309D40B4A9B001A445068A0F10100B0FA80F040097047074A03F5847352F80B
:208A40002300A0F10100B0FA80F0400970470020704700BF4074024000700240064BC3F8FD
:208A60000C05BFF34F8F40F48070C3F80C05BFF36F8FBFF34F8F7047007002400F4B002240
:208A800002604260D3F880240270D3F884244270D3F88824D3F88C1442EA01224280D3F80E
:208AA0009024D3F8941442EA01228280D3F89824D3F89C3442EA0323C3807047007002401E
:208AC000104B1B68082B07D00F4B01221A60BFF36F8FBFF34F8F70470C4B1B68002BF3D1F7
:208AE000EFF3108172B6084B01221A60BFF36F8FBFF34F8F1A60BFF36F8FBFF34F8F81F37D
:208B000010887047300100104C7002403401001010B5164B1B68082B82B002D1144B002220
:208B20001A60144B14499A7B0020032A087015D01C681CB1FFF7C4FF02B010BD6FF48031A3
:208B40000E48FEF7FFF80E4BADF8064006221B688DF8042001A8984702B010BD6FF4803120
:208B60000648FEF7EFF802B010BD00BF300100101C7C0240D80E0020522C0020D00E0020D0
:208B8000F80F0020034B01221A60BFF36F8FBFF34F8F704750700240034B01221A60BFF32D
:208BA0006F8FBFF34F8F704754700240014B1878704700BF542C002070B5264B1B68082B2C
:208BC000044622D00020FBF7A7F814F0800F224814BF0022102204F00F050368A91801222D
:208BE0008A4023EA020314F00804036008D11B4B05F5947543F82540BFF36F8FBFF34F8F04
:208C0000BDE870400020FBF78FB8154B1D68002DD8D12846FBF780F814F0800F0E48114ECB
:208C2000114904F00F0414BF002210222244012303FA02F2036823EA0203036040F2C573E7
:208C400003EB440434600D6028460B68BDE87040FBF76AB830010010D40E0020007002409E
:208C60003401001000780240047802402DE9F04F5C4C5D4EDFF87C81236896F90010D8F8C1
:208C800000205A4896F80090D0F88054DB439BB2002983B043EA020324DB09F00F0A0AF153
:208CA0001002012797403B4248D1514F0DF1040805F080056FF001114E483570FEF742F80E
:208CC000236839680022052543F0010340468DF80720ADF805208DF804502360884703B00B
:208CE000BDE8F08F09F00F074FF0010A0AFA07FA13EA0A0FD9D00020FBF70EF819F0080FFB
:208D000010D1B9F1800F5ED03B493C4A07F2DA335B000B6013681168DBB243F002030B432E
:208D2000136013682368D8F8002062EA030111EA0A0F24D12E4F0DF104081CE00020FAF7DD
:208D4000EBFFD8F800302E4937EA030001EB0A1B4FEA0A1A33D1226841F80A0023EA070338
:208D600022EA0707C8F8003027600323204F8BF80E300DF104080020FAF7D6FF98E7214933
:208D80008DF806904FEA071C01EB071022EA0A02174FC8F800204FF0000E41F80CE0032264
:208DA00006210DF1040843EA0A0382738DF807208DF804103A68236040469047DBE748463C
:208DC000FFF7FAFED1E70C4B0C4A40F2B471196013681168DBB243F004030B431360136879
:208DE000A0E700BFD40E0020542C002000700240F80F0020D00E002000780240047802403C
:208E0000D80E0020680F00202DE9F0417C4BD3F80453002D00F0E0800024DFF804E2A4463D
:208E200029460127774A91FAA1F3B3FA83F08600324483B3166807FA00F321EA030136B101
:208E4000C2F800C0BFF36F8FBFF34F8F1C430029E8D16D4B1B68082B29D06C4F04F40005F8
:208E600034F4000410D0DFF8BC81012694FAA4F3B3FA83F206FA02F19BB124EA010458F8C2
:208E800022309847002CF1D13B780BB9FEF7E2FD4DB9BDE8F081DEF80020002AC2D07246E2
:208EA000CEE79847E2E7BDE8F041FFF7DFBE584B564F1B68002BD1D13B78002B7ED1A00285
:208EC00040F18380534A544BDFF848E1DFF848C140F2A971116019684E4A11F0FF0118BF94
:208EE0001B6840F2AA7018BF19404B4B10601A68494812F0FF021CBF1B681A40454B40F2DD
:208F0000AB761E60036813F0FF031CBF0068034040F2AC70CEF80000DCF8000001403F480C
:208F20000AD0066840F2A9780E430660CEF80080CCF80010DCF80010DFF8D8C0364E40F2BC
:208F4000AD71CCF8001031680A4009D0016840F2AA7E41EA02410160CCF800E03260326801
:208F60002C492D4A40F2AE760E60126813400ED0D90748BF44F400042649DA06264A40F282
:208F8000AB760E601360136848BF44F00104036833F001121CBF05F080710C4313F0011F40
:208FA0003FF45CAF6B0544BF026044F4806455E7174B1C68ECB9154F3B7833B104F40005C3
:208FC00034F400047FF44FAF62E704F4000534F400047FF448AF59E70B4B1B68082BE7D015
:208FE0000A4B1B78002B7FF454AFBDE8F041FEF731BD064B1B78002B3FF448AF49E700BF07
:20900000007002400071024030010010522C0020340100100078024004780240FC0F002024
:20902000807102401430010070B5044640B2002833DB254B254A04F00F05595D012303FA63
:2090400001F1C2F80413D2F81415E940C90723D4D2F81415AB400B43C2F81435BFF36F8F8B
:20906000BFF34F8FC5B1002816DB14F0080613D13046FAF751FE2046FFF79EFD144910358C
:209080000B68012202FA05F523EA05030B603046BDE87040FAF748BE70BD0E4B0B4A04F033
:2090A0000F05595D012303FA01F1C2F80413D2F81015E940CE07EFD4D2F81015AB400B432A
:2090C000C2F81035CAE700BFF42F010000700240D00E0020D42F0100020610B5044609D455
:2090E000030707D4094A00F00F039B001A445368012B07D0064BC3F81845BFF36F8FBFF3B4
:209100004F8F10BDFFF758FDF4E700BF40740240007002402DE9F04F5C4D5D4E2B68326841
:209120004FEA134A4FEA0A4A5AEA020A83B01BD0584FDFF870819AFAAAF4002C00F08180E0
:20914000B4FA84FBBBF10F0F30DDABF11003DCB213F0080F4FF0010303FA0BFB2AEA0B0A45
:2091600008D0BAF1000FE6D140F2FF132B6003B0BDE8F08F07EB04190020FAF7CDFD33687B
:209180003BEA03006CD12A68C9F8000023EA0B0322EA0B0233602A60032389F80E300020C1
:2091A000FAF7C2FDBAF1000FC5D1DDE71BF008004CD14BF08009FAF7AFFDB9F1800F0BF026
:2091C0000F0351D0344803F2DA3149000160D8F80010D8F80000C9B241F002010143C8F8D3
:2091E0000010D8F80010D5F800C03068012460EA0C0E04FA03F11EEA010F1DD0274A8DF8E4
:20920000069020EA01004FEA031E306002EB0313224800224CEA01014FF0030C40F80E2048
:2092200083F80EC01E4B8DF807C006221B688DF8042001A82960984704FA0BFB2AEA0B0A9E
:20924000ADE7B9464FF4803B102495E7012303FA0BFB2AEA0B0ABAF1000F7FF46CAF83E7CB
:209260002046FFF7A9FC97E70B4940F2B4700860D8F80010D8F80000C9B241F004010143B8
:20928000C8F80010D8F80010ADE700BFD40E0020D00E0020D80E002000780240680F002074
:2092A000F80F00200478024008B5FFF733FF0A4B0022C3F80425BFF36F8FBFF34F8F074AF8
:2092C0008021C2F88410BFF34F8FBFF36F8F4FF0FF32C3F8082308BD0070024000E100E0D1
:2092E000044B8022C3F884215B681B0600D47047FFF7DABF00E100E008B5114B8022C3F8E8
:2093000084215B681B0618D40E4B0022D3F80413C3F80813C3F80025BFF36F8FBFF34F8F85
:20932000094B0A491B68082B04BF094B1A60094B0020012208701A7008BDFFF7B5FFE3E76D
:2093400000E100E00070024030010010522C00201C7C0240532C002010B50020FAF7DCFC94
:20936000104B1B782BB900240020FAF7DDFC204610BD03F0FF04FFF7CDFE0B4AD2F80034D0
:2093800013F40073EFD10121C2F82C15D2F80014890544BF1C46C2F82C350020FAF7C4FCB9
:2093A000204610BD512C002000700240F0B5044683B00020FAF7B0FC22061ED4364E37482F
:2093C000326804F00F0101F110050123AB400F0100EB011533EA02014CD1314CC151216873
:2093E00022EA030221EA0303326023600323AB730020FAF799FC03B0F0BD230704F00F02BD
:209400000FD4802C3AD02748274902F2DA335B0003600B680868DBB243F0020303430B60BC
:209420000B681F4D1C4E29683068012360EA010793401F42DCD01D4F8DF806404FEA021CD6
:2094400020EA030007EB02123060194C002047F80C000B430620032191738DF807102268D7
:209460008DF8040001A82B6090470020FAF75CFC03B0F0BD2046FFF79FFBB7E7094B0A4954
:2094800040F2B47018600B680868DBB243F0040303430B600B68C4E7D00E0020D80E002081
:2094A000D40E00200078024004780240680F0020F80F00202DE9F04146B282B00446002099
:2094C000FAF72AFC002E3CDB4C484D49026804F00F0707F110050123AB4033EA020C3D46C8
:2094E0004FEA071E01EB071876D1464C41F80EC0216822EA030221EA03030260236003236D
:2095000088F80E300020FAF70FFC3F490122D1F81435BA4023EA0203C1F81435BFF36F8FF6
:20952000BFF34F8F394B3A4A374912EA260238BF1A460123525D9340C1F8083302B0BDE8A7
:20954000F08104F00F0C230765460FD4802C47D03049314A0CF2DA335B000B601368116857
:20956000DBB243F002030B4313601368DFF894E02248DEF800200168012361EA020703FA61
:209580000CF31F4226D0254F8DF806404FEA0C1821EA0301224C016007EB0C1C002147F881
:2095A0000810062003211A438CF80E108DF807108DF804002168CEF8002001A8DC4388471F
:2095C0000020FAF7B1FB104AD2F810352340C2F81035A3E7DC43F3E72046FFF7EDFA8EE7C8
:2095E0000C4B0D4A40F2B471196013681168DBB243F004030B4313601368B7E7D00E00205A
:20960000D80E0020D40E002000700240F42F0100D42F01000078024004780240680F002059
:20962000F80F002010B5074C236882B03BB1064B1B6898470023236023680193019B02B07C
:2096400010BD00BF000101404010002070B5114B114A1D781160DDB9104E027801211970D1
:20966000C6F80C25416804464FF47A720023C803490C08F0FDFFC6F80405237A084A5B0190
:20968000DBB282F810334FF480331360284670BD082070BD562C00204010002000000140D4
:2096A00000E100E0044B054901220220C3F804231A600870704700BF00000140562C0020DA
:2096C00010B504460020FAF727FB0E4A1378072B11D80D492370581C1070D1F80805012274
:2096E00002FA03F30343C1F8083500240020FAF71BFB204610BD04240020FAF715FB20460F
:2097000010BD00BF552C002000000140034B044A00F5C07043F82020704700BF00000140E8
:209720003546526E2DE9F0410E4A0F4B16781F88F419802C03DD00242046BDE8F081DFF8B0
:20974000308032464146054609F01CF9074B1B7833443A46A81958FA83F109F013F9204633
:20976000BDE8F081572C0020322C0020342C00204410002070B4134B134D144A2C781B7847
:209780001288234452FA83F39BB21A18802A15DC013B1BB2002B0CDB0D4A591C1E1811447A
:2097A0003244013B11F8016D02F801691BB25E1CF7D120442870012070BC7047002070BCC1
:2097C000704700BF342C0020572C0020322C002044100020084A138883420BDB10B4074952
:2097E0000C8880B21B1A20440880138001205DF8044B704700207047322C0020342C00209E
:20980000014B1880704700BF322C0020044A054B12781B780448134450FA83F0704700BFDF
:20982000342C0020572C0020441000200048704744100020014B1888704700BF322C00203E
:209840000549064A064B127808781B88104453FA80F080B2704700BF572C0020342C002090
:20986000322C002010B50A4B0A4C0B49002220461A605A609A60DA601A615A61FCF736F95E
:2098800004F108000449BDE81040FCF72FB900BF902D0020802D0020102F0100044805496B
:2098A000054A002303800B801370FFF7DBBF00BF342C0020322C0020572C002070B58029E7
:2098C00082B00B4A0B4D0C4E01900C464FF0000328BF8024137033802B80FFF7C3FF01996C
:2098E0000648224609F04EF820462C8002B070BD572C0020322C0020342C0020441000206D
:20990000F0B40C4B0C4A1C685D689F68DE68C6600460456087601C695D6945610461546838
:209920009068D36812680A604C608860F0BCCB60704700BF902D0020802D002070B40C4B0A
:20994000026844688568C668DE601A605C609D60026944695C611A61064B0C6848688A68AE
:20996000C968D9601C6058609A6070BC704700BF902D0020802D0020014B23F810107047C5
:20998000902D0020014B33F810007047902D0020024B0C3803EBC000FCF7A8B8802D002070
:2099A000024B0C3803EBC000704700BF802D002001490248FCF7A0B8102F0100882D002031
:2099C00008B5FBF73BFDBDE80840FBF755BF00BF08B5FAF749FB05F063FE02F007FF08F0B6
:2099E0001FFB02F003FF08F085FA4FF08052064BD2F8A800D2F8A4205A604CF6F4613622D7
:209A0000D87019809A7008BD9C2C00200148002100F0C4B8B001002010B5FBF7B1FE044657
:209A2000BFF35F8F00F036F900B930BFBFF35F8F2046BDE81040FBF7A7BE00BF0AB90020CB
:209A4000704708B508461146FBF72CF8002008BD0FB400B583B004AA054852F8041B019250
:209A600004F0A8FD03B05DF804EB04B0704700BF28010020F8B5254D2A688242044642D012
:209A8000002A33D0134601E0002B2FD01B689C42FAD15BB31E4EA37B376853B1A36843B1CF
:209AA0008C4206D000223460832104F10C0098472A68A2421BD02AB11368A3421DD01A46DF
:209AC000002AF9D1A37B83B12D680023A37365B1AB7B13F0010F284622464FF0870101D0B5
:209AE00000F018F82D68002DF2D13760F8BD23682B60A37B002BE7D1F7E723681360A37B84
:209B0000002BE1D1F1E71346C3E700BFA82D0020AC2D00208368BBB170B504460B4E02209F
:209B2000A073346004F10C000D4698470238012804D9832D02D00123A37370BD2146204655
:209B4000BDE87040FFF796BF704700BFAC2D002038B50B4A0B4B146800221A707CB10125E3
:209B600001E024685CB1E37B002BFAD0E581204600228221FFF7CEFF2468002CF3D138BD53
:209B8000A82D00205B2C0020034B1878FF281ABF421C1A7080207047592C002070B50E4DE7
:209BA0002C68844207D00A4634B1234600E01BB11B689842FBD170BD0028FCD0074E046027
:209BC0000121002334688173838181212860FFF7A1FF346070BD00BFA82D0020AC2D00207E
:209BE000014B8B221A707047592C00202DE9F041234D2B78FBB9234E3378BBB12248234C17
:209C0000027802EB420704EB8701013202F01F02013B0270486854F827800F7ADBB23370CD
:209C200060B1812F1FD0827BD2071ED428781844C0B2BDE8F081FFF78BFFDCE7144A14680B
:209C40005CB9F3E7A37B13F0010F20464246394601D0FFF75FFF24685CB12B78002BF1D02A
:209C6000FFF776FFEEE70123837342463946FFF751FF337828781844C0B2BDE8F08100BF4F
:209C80005B2C00205A2C0020582C0020C4100020A82D0020034A044B10781B781844C0B265
:209CA000704700BF5B2C00205A2C002070B40D4D2C78202C12D00C4B0C4E1B78234403F0F3
:209CC0001F0303EB430301342C7006EB830446F8232060602172002070BC7047012070BCC1
:209CE000704700BF5A2C0020582C0020C410002038B5837B034CDB07256801D5FFF70AFF32
:209D0000256038BDAC2D002018B1837B013B012B00D97047024A01231370C373704700BF72
:209D20005B2C002010B5C38B0446002B31D0B72B1CD00023E383032010BD1F4B187810F0B2
:209D4000040317D110F00100F6D01C49228B0968C88B82422BD9121A2283C98B23680122DC
:209D60000B44236084F82020B723E38394F82030062BE2D0114A238B12682068D18B8B4222
:209D800098BF194607F0E6FE062384F82030002010BD52B192B20283016080F82030002A31
:209DA000E2D1002384F82030C3E7022010BD216823830A442260F4E7AC350020B835002080
:209DC0004369008A181A80B2704700BF70B4C38B002B2FD0B3F5837F26D1438B002B33D03A
:209DE000284A294B12681B8842600222438380F82020028A002A33D01BB34268C368167832
:209E00001E70438B028A4568C468013B013A9BB292B201350134B142438302824560C46008
:209E2000E8D1838A934220D00023C3830323184670BC7047438B848A82680482C260002B2E
:209E4000D7D14FF48373C38390F82030022B13D00E4B1B7813F00203C2D1184670BC70472B
:209E6000002BEED0838A9342DED1002380F82030C38370BC18467047032380F820300023E5
:209E8000D5E700BFB435002098300020AC3500200023C0E90211426102824383C36180F8ED
:209EA00020307047FAF7F0BD10B5044608F09AFD01462046FAF7F6FDBDE810400A20FAF7BE
:209EC000E3BD00BF08B50448FBF742FFBDE808400248FBF73DBF00BF3C0100203001002055
:209EE0000148FBF78DBF00BF3001002038B50E48FBF740FF044678B10C48FBF73BFF054619
:209F0000206058B1FFF70EFC05F19A01A5F8800005F18200FFF7F4FC204638BD21460248A0
:209F20002C46FBF743FFF7E7300100203C010020006800F19A018230FFF7E2BC10B50146A9
:209F400004460748FBF74EFF00B910BD21680548FBF72CFF21460248BDE81040FBF726BF33
:209F6000300100203C01002010B5014604460948FBF738FF00B910BD2468B4F880102046AF
:209F8000FFF79CFC04F19A0104F18200BDE81040FFF7D4BC30010020054B064A186859687F
:209FA000126882B06B4603C3DDE9000102B010479C2C0020A831010010B4817942790479F6
:209FC000521A224208D003464A1C00682240405C9A715DF8044B70474FF0FF30F9E700BF51
:209FE000154A164916482DE9F04190460F46FFF72FFD1448144C124EFFF756FF04F15405FC
:20A0000094F820301BB194F82130012B04D91C34AC42F5D1BDE8F081424639463046FFF725
:20A0200017FD0A48FFF714FD04F11000FBF7EAFD0A20FFF737FFEAE7182C0100882B0100B5
:20A04000902B010078300100282F00209030010010B5054B054C01221A700021A368984745
:20A06000E368BDE8104018476D3800203C31010001480021FFF792BD6800002038B505469F
:20A080000C4605F0E7FC8DB10F4B2868696803C3ACB121460D4B51F8080F496803C3BDE83F
:20A0A000384009480122002105F09CBD0346064D59689A680068DB680FC5002CE9D1044934
:20A0C000014805F0D1FEEAE7C4170020CC170020A430002010B5044C237803B110BDFFF789
:20A0E000CDFF0123237010BD5C2C002010B51D4C217882B031B31C4B002403F1540193F82C
:20A1000020201AB193F82120012A15D01C338B42F5D1204605F0F8FC04B9F8B102F0B0F926
:20A120004023024621460020009300F081FB00F029FA002002B010BD1A7CFE2A08D003F1B2
:20A140001004E3E70846FFF799FF01232370D2E75A7C802ADAD003F11004D7E74FF0FF3077
:20A16000E8E700BF5C2C0020282F0020054B187B30B1B3F84E00DB8AC01AB0FA80F04009D3
:20A18000704700BFB02D00202DE9F0471A4CDFF86C809DF82490164607460D4620464FF4E8
:20A1A000B07200219A4608F015FCB8F82030B34205D108994A46504602F0B2F910B900205B
:20A1C000BDE8F08701264FF0FF33F0214FF2F0026773E1732673E364A4F85030A4F8582049
:20A1E000C4F8088028686968AA68EB681C340FC43046BDE8F08700BFB02D0020780100204B
:20A20000437D012B01D900207047F0B590F8512090F8503083B0CDE900320446028A00F119
:20A220003C032146007EFFF7AFFF48B3164B226A607D617FE58B5A610022666D1976618B16
:20A240005D83257F83F85C20A77D83F854709873207D83F85300E07D1982996883F85520C1
:20A260001E609D7483F852000B689847074801F079FE01F0B3FF01F0EBFF012003B0F0BD7A
:20A28000002003B0F0BD00BFB02D00209430010008B5FFF76BFF084B08B983F85C009B68B2
:20A2A0001B68984701F076FC044801F05BFEBDE8084002F027B800BFB02D00209C300100FC
:20A2C0000A4B93F9521093F85220002902F10102B4BFD2B202F07F02197B83F85220F02222
:20A2E000DA7301B97047FFF7D3BF00BFB02D00202DE9F0414C4D05F16400B5F84E40FAF7F6
:20A3000093FB95F85C30032B5BD0FFF72FFF804620B1AB68BDE8F041DB6918476F6C434E8A
:20A3200001F060FC01F012FC686C01F08DFB03463068A5F84E30FBF73FFE0446002836D1E0
:20A34000002F55D0B5F84E30B5F84C209A4201D9A5F84C30B5F850304FF6FF7293420AD004
:20A36000B5F84E10914206D0CB1A002BB8BF5B42B3F5007F3FDC95F85B30002BC9D06B6C10
:20A38000002B3ED0002F46D001F022FE002385F85B30AB68BDE8F041DB69184723681BB31E
:20A3A00021463068FBF7D4FD04460028C8D0204601F04AFBB5F84E308342EFD8C4F8008042
:20A3C000EEE7002001F0C2FB4FF6FF739C42A5F84E309ED0164801F0C5FD01F039FFAB686F
:20A3E000BDE8F041DB691847F9F7EAFE2060D7E7B5F84E30ACE70F48A5F8501001F0B2FD1C
:20A40000B9E70B4885F85C3001F0ACFD01F03CFD01F01EFFBAE70123074885F85C3001F060
:20A42000A1FD01F001FFAFE7B02D00209C010020AC300100BC300100D430010030B4084D35
:20A440002B7B53B1044630B11C350FCD20606160A260E360012030BC7047184630BC7047AF
:20A46000B02D002010B5FFF781FE134C78B994F9582094F85830002A03F10103B4BFDBB2DA
:20A4800003F07F03002084F8583001F02DF9FBF7FBFA01F07FFB06F0A3F901F011FF94F89B
:20A4A00041305B0602D40023237310BD034802F021F80023237310BDB02D0020DC2D00206C
:20A4C000024B032283F85C2001F01CBFB02D002008B50F4B1A7B8AB19A6C511C0ED082424E
:20A4E0000DD9101AB0F5967F986407D2586C28B101F0B6FABDE8084000F092BF08BD00216B
:20A500000322996483F85C20BDE8084001F0FABEB02D002010B5084C237B5BB194F84020E0
:20A520000146D20804F11C0008F01EFAB0FA80F0400910BD184610BDB02D002008B5FFF7CE
:20A5400015FE18B1BDE80840FFF7BABE08BD00BF024B1B7B03B97047FFF79ABEB02D00209F
:20A56000074B9A7B187B1AB9003818BF0120704728B193F85C00012894BF002001207047F3
:20A58000B02D0020024B1B7B03B97047FFF7B0BEB02D00202DE9F041614D2A7B06460C46CF
:20A5A0002AB16A7B237E9A4209D0BDE8F081FFF7DDFD98B12B7B002BF3D1BDE8F08159480A
:20A5C0001022214608F0D0F90028EED1628AEB8A9A4209D2BDE8F041FFF78ABE2046FFF7B2
:20A5E0000FFE0028E6D1E0E7E17D95F8520001F029FF628A002840D14FF6FF739A4204D0C6
:20A6000095F85730013385F8573095F85210E07D01F018FF48B1B5F84E20EB8A9A4257D00E
:20A62000FFF7A4FD074600286BD022460121304600F0DAFEE8B1304601F0C6FA07460028D6
:20A6400043D090F80680304601F0BEFA002849D0638A8380637E8371AB6CABB96B8BAA7B1E
:20A66000C3EB03135B01AB641AB117B16B6C9F4217D02B7B002B98D0ACE7EB8A9A42F8D193
:20A68000294801F06FFCF4E7002FF2D06B6C9F42EFD16B8BAA7BC3EB03135B01AB64002A35
:20A6A000E7D0607E414601F0CDFE0028E1D095F90F20EB7B002A03F10103B4BFDBB203F0B1
:20A6C0007F03EB7301F084FCD3E74FF0F008BAE7E37D85F85230FFF749FD0028A5D0FFF769
:20A6E000EFFDA2E7304605F0D7F80028C1D00F4B0146012218682346FBF7ECFC0028A7D1CB
:20A70000B7E701F0DDFD384601F020FA2046FFF777FD2B7B002B88D0FFF7BAFD85E700BF76
:20A72000B02D0020CC2D0020E03001009C01002011B1084801F016BC10B50A4603210446DD
:20A7400000F052FE20B12046BDE8104000F084BE10BD00BFFC30010038B591F823300C4687
:20A760000546BBB1FF2B1BBF0D4A508B4FF0FF3343430A460020294605F08CFF18B194F940
:20A780002530002B00DB38BD218C2846BDE8384001F040BC0A461846294605F061FFEEE7FD
:20A7A000B02D002070B5154D0E4695F85910044601F048FE08B185F8594095F85830A34281
:20A7C00000D070BD95F85C30012B76B207D001F045FC002EF5DA032385F85C3070BD002E7F
:20A7E00002DA01F03BFCF6E70223054885F85C3001F0B8FBBDE8704001F030BCB02D00202A
:20A800000C31010070B50E461C4605463AB924B11DB1064BAE801B7B23B9012070BD01F00E
:20A82000BBFBF4E7FFF764FD012070BDB02D00202DE9F047284C82B094F80CC09DF828A03D
:20A840000546174699460E46BCF1000F0AD0102204F11C0008F088F880B34FF0F008FFF76C
:20A8600001FE01E04FF0F0083B463146CDE9009A28460122FFF788FC184F194884F8528058
:20A880000023012140F608421E263C25A173228280214FF0FF32A37484F85330A4F854304F
:20A8A0000223676126766583A4F84E10A26484F85C3002B0BDE8F04701F054BB94F9523082
:20A8C00094F85280002B08F10108B4BF5FFA88F808F07F08C3E700BFB02D00200004800038
:20A8E0001831010002484FF4B072002108F072B8B02D0020144A907918B992F82A10632997
:20A9000001D00120704792F82910C1B992F82B30042B15D10D4B187B88B110B45C7B92F80E
:20A920002D00A0420ED1B3F84E1082F82D000B0A43EA0123D38501205DF8044B7047704788
:20A94000084670470846F7E7AC300020B02D002070B5174A0546118816482B2207F0DCF9EC
:20A9600004461548FFF7D6FD08B9002070BD1349002005F035FE10490646002005F030FECD
:20A9800014B1A278032A06D00028EED0002EECD04369B342E9D1084C0FCC002148F2FE0022
:20A9A0002880AA60EB606980A980E980012070BD98300020AC300020C4300020CC2D0020C0
:20A9C0002DE9F04F794B7A4F19888FB038462B2207F0A2F918B18378032B044603D0002029
:20A9E0000FB0BDE8F08FC0780490002800F0CF806378217962790133DB00DBB201F00F0550
:20AA0000A3EB12130E09083B0595C5F11005C6F110015B1B93FBF1F30133DBB298420696DD
:20AA200001918C4607934FEA1216D8D8614B0FCB0DF1280989E80F006278E3780132D20098
:20AA4000D2B2961B083E761B96FBFCF60136F0B2C51AEDB2A842029040F2A480069E0994FD
:20AA6000B446059EE01B012B08BFB446011BB646019E624601F110039B1A06FB05414FF0B2
:20AA8000000A01F108080393CCF1100200F11003564654460893C24609EB0C0B9046039BE9
:20AAA00003EB0A00B0F5A06F99D842465146584607F068FF484605F027F800286BD0731CCA
:20AAC000DEB214B9012E8AD801249DF82800FF2885D0BDF82800BDF82AC040EA0C0080B246
:20AAE000E8B9BDF82EE0BDF82C00BDF830C040EA0E00BDF832E040EA0C00BDF834C040EA64
:20AB00000E0040EA0C00BDF836C080B250EA0C033FF465AF18B9BCF5807F3FF460AF019B25
:20AB200001359A44029BEDB2AB42B8D8099C049A079B01999B1ADBB201FB03F8DDE90510B5
:20AB4000089B08F10808012A18BF014643445B1AB3F5A06F05913FF642AF164B059E0FCBB3
:20AB6000A04489E80F00C6F1100506F1180041462A46384407F006FF2A46404609EB060136
:20AB800007F000FFE378013BE370012028E701200FB0BDE8F08F484605F076F800288ED129
:20ABA000044692E7E31B10330893C0E798300020AC300020C4300020002919DBCB0717D47D
:20ABC0004378ABB92DE9F041425A40F263439A4200EB010409D11A4D2B7B33B16A7BE378C4
:20ABE0009A4202D1A3789A0604D50020BDE8F08100207047A2881349170A0C20DE09D1F882
:20AC0000008047EA0227FEF7CBFE01464046FBF701FAB5F84E10A578BFB2B94294BF0021DA
:20AC200001218E42C5F380131CBF45F04005A57086EA01023946BDE8F041FFF7E3BD00BF50
:20AC4000B02D00209C0100202DE9F0432B4E2C4F318883B038460DF10702012307F002F877
:20AC6000002842D09DF80730062B3ED0044607F10609B84614E013B9A378632B16D0318838
:20AC8000E31BC91A204689B200230DF1070206F0E9FF044648B39DF80730062B814624D02D
:20ACA000112B22D03A2B20D02B2BE4D1237889F8003065780135ED00684206F09FFFC0B10B
:20ACC0003188283989B2404606F0C2FF3288E31B9A420EDDD21A6119204607F061FE99F8B0
:20ACE00000308DF80730062BDAD1012003B0BDE8F083002003B0BDE8F08300BF983000200E
:20AD0000AC3000202DE9F04FA34E337B89B063B3A24C228B48F2FE039A4226D0237EFF2B81
:20AD200023D0FFF723FA054688B904F1080004F0EBFE28B19A4BE27993F806319A4219D007
:20AD4000FFF7D8FD0546284609B0BDE8F08F04F11809FFF779FF4846FFF7DCFB28B149464B
:20AD6000002005F03DFC804688BB0125284609B0BDE8F08F8B4F3A88B2F59F6FF6D8283A8A
:20AD800004F1280104F1300007F00AFEB6F84E20A179767B84F82950130A43EA022340F2B4
:20ADA0006342E385628584F82C5084F82810A571082084F82D6006F021FF3988283989B239
:20ADC000204606F045FFFFF795FD0546CEE706F11C01002005F004FC0190002848D04946C2
:20ADE000002005F017FC002842D0D8F81410002900F0C480019B8B4200F0C7806A4BCDF886
:20AE00000C809B6902934FF0000B0F270DF1100A8846029B414650469847DFF898C139465F
:20AE20006046D6465246002312F8015B10F8016FAE4202D10133102BF6D19F420CDAD8F827
:20AE400014800BF10103DBB2B8F1000F15D0019A424512D09B46DCE700271EF8013B1CF8FF
:20AE6000012F9A4206D10137102FF6D13946E6E700257BE73946FFB2E1E7C1F11006C7F166
:20AE8000180A16FB0BAA5FFA8AFB1AF0070A1FBFCAF1080A5FFA8AFAD3445FFA8BFBDDF87E
:20AEA0000C801D465B463F4A02931288D118B1F5A06FDDDC3D490888283021185844283A4E
:20AEC0002044039107F06CFD03995A460846002107F080FDA279029B84F828202B22A2711F
:20AEE000B3F1080248BF03F1FF32D210304B2E4984F82920ABEB0A024FEA0A1A84F82B50E9
:20AF000084F82DA0D5180DF1100A8B69029307EB07120320574484F82A0084F82C20444699
:20AF2000DDF80480CDF804B0D346BA461F466269904521465846A5EB060508D0B847324632
:20AF40005146284607F01EFD6469002CEFD1DA46029BDDF804B02146504698479AE80F006E
:20AF600089E80F00584606F049FE0E4B0B481988283989B206F06CFE0125F7E608230D46AC
:20AF80008A469B460F2701268DE7082300259B46AA460F27012686E7B02D0020AC3000204B
:20AFA000282F0020983000203C310100422C0020D4300020C330002008B50C4A137B43B16A
:20AFC0000B4B0C491B88527B2C3358185B5C9A4203D0BDE8084006F0F7BDC1788078FFF763
:20AFE000E1FBBDE8084006F0EFBD00BFB02D0020422C0020AC3000202DE9F0418EB02622D3
:20B00000002104A807F0E6FC434B444C1F88444B217B07F12C02D618D25C8DF8322011B1BF
:20B02000617B914204D006F0CFFD0EB0BDE8F0813C4A083315880FCB2C3DED1BADB20027C8
:20B04000E846032D88E80F00CDE90477CDE90677E9D97378217EF2788DF835305B068DF829
:20B060003310ADF8302046D40424AC424FDA002720E0621CAA42D6DA321950780230044471
:20B08000AC42D0DC052B21D10328CCDD7318DA788DF834200732D210131D8342C3D1043191
:20B0A000314408A8CDE90877CDE90A7707F06AFCAC422CDA335D2146002BDAD10134A542C5
:20B0C000F6DA06F081FD0EB0BDE8F081062BEFD10528A8DD731813285B798DF83330E7DD6F
:20B0E0000631731870589A685968DB680DF1100CACE80F00DCE7132D95D904F11C0010224F
:20B10000311D07F031FC00288DD11424ADE704A94046FFF721FB86E7422C0020B02D00202E
:20B12000AC300020983000202DE9F0439DB05C22002105A807F04EFC9B4B9C4F9C4A1D88AC
:20B140009C4B0C9307F1080314880FCB2C3C641BA4B201AE86E80F004FF0010C964BADF8B5
:20B1600024C040F60842172CADF82E200D9304D806F02AFD1DB0BDE8F08305F12C03DD199C
:20B18000AE4695F8038095F802905EF8080F95F804C0DB5DDEF80410DEF808208DF82C30CD
:20B1A00048EA0927DEF80C30ADF826702CF07F0ECCF3C2078DF828E08DF8297095F80180F6
:20B1C00095F805E08DF82B800CF0070C05AF182C8DF82AC08DF82DE00FC700F0E080182166
:20B1E0006B5C002BC4D04A1CA242C1DA6A18507802304718A742BBDC023B062BB8D80FF28A
:20B20000080C5CF823F000BF2FB30000D5B2000079B2000071B1000071B1000071B10000FA
:20B2200025B200002028A3D193788DF86430802B9ED892F809C0D37892F80880D07A8DF8B7
:20B24000653010316B184FEA0C4C92F80AE09A684CEA086C4CEA000C68585968DB684CEAA8
:20B260000E2C0DF1500ECDF860C0AEE80F00A74280F295803946B3E710287FF479AF2944E5
:20B2800092F807C08B7A91F8069091F8088091F80EE0D17A507A41EA0321D37BADF8241026
:20B2A0004CEA092C40EA08205179ADF834C0ADF8360092F803C01079527B8DF82EC043EA50
:20B2C0000E23ADF832308DF82F008DF830108DF83120CCE707287FF74BAF05EB010C5379CC
:20B2E0009CF804E092F802C092F807808DF84CC01B0443EA0E6392F806E0D2788DF84D207F
:20B300000CF1070243EA0803D21043EA0E2302F1070E86451293BFF62BAFBCF1800F3FF637
:20B3200027AF083129440EA807F02CFB9FE705287FF71EAF137992F803E092F802C08DF8FD
:20B3400068C0D90941EA4E018DF86910C3F3011E51798DF86AE003F00F038DF86B308DF853
:20B360006C10BCF1000F82D0BCF1070F0DD0BCF1020F7FF4FDAE07287FF7FAAE9179D37924
:20B380008DF86E108DF86F3071E707287FF7F0AE9179D37943EA0123ADF86E3067E705A905
:20B3A0003046FFF7F7F8E3E6422C0020AC30002098300020001E3C000004800008B5084B09
:20B3C0001B7B4BB10748017EA1F1FF01B1FA81F108304909FFF7ACF9BDE8084006F0F4BBA7
:20B3E000B02D0020AC300020F0B583B00E461746054604F02BFA044610B1204603B0F0BD96
:20B400000C20FEF7CDFA22460146CDE900672846012304F0ADF90446204603B0F0BD00BF7D
:20B4200070B50446FFF7AEF8084B094D198809482C314B1900225A70944218BF20464A5507
:20B440000223BDE870409B2104F000BF422C0020AC300020102F00202DE9F04F8BB006463E
:20B46000FFF790F800F082FF10B1002E00F02C81974B984A1B88984D2C339C18697B995421
:20B4800095F85230637000F071FF002867D0FF23194695F85320914F95F854C0A170002ACE
:20B4A000E3700FCF95F80E80A0600CF0070C14BF6FF07F0E4FF0000E4CEAC8074EEA0707DA
:20B4C00000202771EF7BE160226163616771A071E07100F04BFF002846D12B78002B43D02E
:20B4E0006978A878A376CA0142EA0012E87849080243E17602200621072B2277207661765B
:20B5000000F0DB80022B40F0DF80A879EA7963772021A077E27727234FF029080993282374
:20B52000CDE907384FF02B092A23CDE905394FF02F0A2E23CDE9033A2D222C23CDE901321F
:20B5400022238B464FF0260C4FF030084FF0250E4FF024094FF0230A0093212726E0B5F815
:20B560004E30190ADBB294E71F23099321222023CDE90732232022232727CDE905302623C5
:20B58000CDE903374FF0250E2423CDE9013E18211A238B464FF01E0C4FF028084FF01D0E84
:20B5A0004FF01C094FF01B0A00931927042060540098AA8AEB8A0E21E1554FF000072754B1
:20B5C000297C099F04F80A10687CA97C04F809004FEA122A04F80E1004F80CA0E255079AEB
:20B5E000A968059F95F840C0180AA054089A287EA3540A8C6B8B4FEA122E04F807E0069F27
:20B60000E255019A4FF00007A754029AA054039A190AA154049AA354BCF1000F0FD100F0B1
:20B62000A5FE18B92E4B002E08BF1E464346304601229B210BB0BDE8F04F04F007BED5F8C1
:20B640003CE095F841A0DFF89C90082504F8085004EB0B05B9E80F0085F812C04FF01E0C75
:20B6600085F811C04FEA1E6C85F814C085F818C0CEF3074C85F815C085F819C00BF1200932
:20B68000CEF3072C5FFA8EFE85F816C085F81AC085F813A085F817E085F81BE00BF11C0CE7
:20B6A00004EB0905002744F80C700BF1300844F809006960AA60EB60B1E7EB8860771A0A11
:20B6C0002021E377A27726E70BB0BDE8F08F00BF422C0020AC300020B02D0020CC2D00206B
:20B6E000102F0020DC2D00202DE9F041074600F0C7FE304C8046606C00F0B2F90646FEF78F
:20B7000041FF237B002B52D0636C002B4FD0B8F1000F4CD0002E4AD0A37B002B47D0264BF8
:20B72000264A1B88617B94F858C02C339D18002F99540CBF002380236B700520002312215F
:20B7400080221C342871697185F803C0EA71AB70AB7103CCD8F800C0D8F80420D8F808E0A7
:20B76000D8F80C80C5F808C0EA604FF0060C14226A76C5F81E00C5F82210C5F81480C5F85F
:20B7800010E0AB76EB762B776F7785F818C056F8083FA4F108007468C5F826300222C5F858
:20B7A0002A402E23BDE8F0419B2104F04FBDBDE8F08100BFB02D0020422C0020AC300020E0
:20B7C000F0B583B00E4615460190FEF7DBFE0A4B0A4A1B880A490198497B2C339C18995487
:20B7E0000027042303229B21A670E570677003B0BDE8F04004F02ABD422C0020AC300020EB
:20B80000B02D002008B5074804F072FC064804F06FFC064804F06CFCBDE80840044804F039
:20B8200067BC00BF6C010020600100205401002048010020704700BF014B00221A70704715
:20B84000B02D002008B500F017F908B1808808BD4FF6FF7008BD00BFB0B138B504468588CB
:20B8600000F00AF968B183884FF6FE722B44934207D8204600F000F948B18088284480B2EB
:20B8800038BD4FF6FF7038BD4FF6FF7070474FF6FF70F3E770B50646FFF7DEFF0B4B04462D
:20B8A000586CFFF7D9FF336804F1BF05044623B9A542B4BF0020012070BDF8F781FC3368AD
:20B8C000C01AB0F5963FF3D9002070BDB02D002088B138B5094B0446DD8AFFF7BDFFA288F7
:20B8E0004FF6FF7153198B4228BF0B46984238BF184680B238BD4FF6FF707047B02D002064
:20B9000008B500F0B9F828B18088B0F5007F8CBF0020012008BD00BF10B50446FFF79CFF14
:20B92000034620461C4600F0A7F840B18388B3F5007F05D8B4F5004F8CBF0020012010BD16
:20B94000002010BD70B50E46F0B10446FFF7E4FF0546AEB13046FFF7DFFF88B1DDB1164D9F
:20B960006B6CA34220D09E4217D02046FFF774FF05463046FFF770FF85420CD2204670BD27
:20B98000002DFBD1002070BD0029FBD00846FFF7C3FF0028F6D0304670BD2046FFF77AFF01
:20B9A0000028E2D03046F7E73046FFF773FF0028E4D16B6CD7E700BFB02D002010B500F098
:20B9C0003BF828B1044B9B68BDE810405B6918474FF6FF7010BD00BFB02D002070B5044645
:20B9E00008460D46FFF7EAFF06462046FFF7E6FF86428CBF2846204670BD00BF08B50C4B53
:20BA0000D3F82821824204BF0022C3F82821D3F80421824204BF0022C3F80421054B014655
:20BA20001868FAF7C5FBBDE8084000F06BBC00BFB02D00209C010020024B01461868FAF753
:20BA4000E9BA00BF9C01002020B1044B9B685B6903B118474FF6FF70704700BFB02D0020A6
:20BA600008B5044B01461868FAF706FCBDE8084003F00CBF9C01002008B5044B01461868C5
:20BA8000FAF7FAFBBDE80840F9F730BF9C0100202DE9F041274C237B82B000274BB3264D15
:20BAA00080462868FAF788FA014610B34FF6FF76A3685B690846B3B101919847B04201997B
:20BAC000034610D0E28A82420DD8B4F814C00846BCF1000F11D0B4F84C206244B24228BF24
:20BAE0003246934209DD2868FAF732FA01460028DED1384602B0BDE8F081A3680191DB6822
:20BB0000984701990028EED0B8F1000F07D1A368019138469B69984701990746E3E7084639
:20BB20000191FFF7A9FFF9F7E7FE01990028EED1D9E700BFB02D00209C01002008B5FFF793
:20BB40009BFFBDE80840F9F7D7BE00BF70B50F4D696C814219D00E4E04463068FAF770FB7E
:20BB600021463068FAF752FB686CFFF779FF03F0D3FE03F0B3FE2046FFF772FF002103F0FD
:20BB8000E1FE01236C6485F85B3070BDB02D00209C01002038B50B4D0020FFF7D7FF286822
:20BBA000FAF70AFA50B104462046FFF727FF21462868FAF7CDF904460028F5D1BDE83840C0
:20BBC000FEF7E0BC9C01002008B503F03FFE03F02BFE034B01461868BDE80840FAF71ABA47
:20BBE0009C01002038B5FEF7C1FAF8B90546FFF74FFF0446D0B1FFF73FFFF9F77DFE68B920
:20BC00000E4DD5F82831A3B16B6CA34209D00120FFF73EFF38B10446204638BD074BC3F8CB
:20BC20002851204638BD6B6C002BFAD10024204638BDC5F8284100F0D9FAE5E7B02D002032
:20BC4000024B03491868FAF761B900BF9C010020FDB9000030B5144D144995F85520144B8A
:20BC600080249440A1FB0424A20983B02A665B689847104A2B6E12680092E40981B20E4803
:20BC800004FB01F1A0FB012104EBD1315A1A2A6601240A4AA5F8564005F1A4000023F8F7A9
:20BCA0007BFE03B030BD00BFB02D0020D34D6210A8310100AC2D002001800080BDBD0000CF
:20BCC00000B50D4B83B05B6898470C4B0C491B68009380B2A1FB0031490A01EB8101A0EB75
:20BCE000C11081B2074A084801F5A0710023F8F753FE03B05DF804FBA8310100AC2D00205B
:20BD0000CDCCCCCC5DBD0000942E002008B5054BD3F80401FFF7A4FE18B1BDE80840FFF7D5
:20BD20009BBB08BDB02D002010B50B4C012384F85A30FFF7C5FF94F9582094F85830207E34
:20BD40000133002AB4BFDBB203F07F0384F85830BDE81040FFF7C8BCB02D002010B50B4C84
:20BD600094F85A30207E013384F85A30FFF7BCFC94F85A30042B03D8BDE81040FFF7A0BFBD
:20BD8000BDE810400248FEF7E3BB00BFB02D0020243101000348002290F85C1100F5967062
:20BDA000FFF70EBDB02D0020024B1B7B03B97047FEF758BBB02D0020FEF7E4BB10B582B0DF
:20BDC000FEF7CEFB68B3184C94F8563073B9637C217C94F855200B449A42BCBF013284F816
:20BDE000552002B0BDE81040FFF734BFFEF7BEF928B9A37C1BB194F857209A4206D2B4F863
:20BE00004E30A4F850300020FFF726FB074B216E1B680093064A0748002384F85630F8F7A7
:20BE2000BBFD02B010BD00BFB02D0020AC2D0020BDBD0000542E002000B50E4B83B05B68F6
:20BE400098470D4B0D491B680093C0F30723A1FB033180B24FF4345303FB110189B2084AF9
:20BE6000084801F5B4510023F8F796FD03B05DF804FB00BFA8310100AC2D00200B5BB0051E
:20BE8000ADC10000B82E002000B50F4883B0F8F7E5FDB0B10D4B5B6898470D4B0D491B6892
:20BEA000009380B2A1FB0031C90AC1EB0111A0EB012081B2084A044801F5F0610023F8F789
:20BEC0006BFD03B05DF804FB54180020A8310100AC2D002089888888DDBE000008B5FEF726
:20BEE00045F950B9094B1A7B42B15A6C32B1B3F84E204FF6FF739A4200D008BD0020FFF71F
:20BF00008FFABDE80840FFF7BFBF00BFB02D002010B5124C237B43B9FFF7B6FFFEF732FBF1
:20BF2000BDE810400E48F8F75DBD3C20FEF7D0FA3C2004F01BFC237B002BEDD0636C002BAB
:20BF4000EAD0B4F84E204FF6FF739A42E4D0FEF719FBBDE810400248F8F744BDB02D002091
:20BF60007418002010B5FEF7FBFA48B1094C94F8553013B1627C9A4202D200F0F7F900B124
:20BF800010BD637C84F8570084F85530BDE81040FFF760BEB02D002030B50A4D2B7B83B006
:20BFA0000BB903B030BD084B084A1B68009300230446194605F1C400C5F80441F8F7ECFC03
:20BFC00003B030BDB02D0020AC2D00200DBD000010B50C4C237B82B08BB1A37B7BB10A4B39
:20BFE0005B689847094B0A4A1B680093C0F3080000F58071002304F1E400F8F7CDFC02B0DA
:20C0000010BD00BFB02D0020A8310100AC2D002029BD000070B50E4C227B82B00AB902B01B
:20C0200070BD03460D469A6859680068DB68A4F85C5104F596740FC4064E074A33680093D7
:20C04000002320461946F8F7A7FC02B070BD00BFB02D0020AC2D002095BD0000144B1A7B8C
:20C0600002B97047197EFF29FBD010B55C8B114B82B001FB04F15B68CC0198470E4B80B29F
:20C08000A3FB00231B0BC3EB0313A0EB432080B200F5F050094B0A4A1B680093844288BFD5
:20C0A000241A214607480023F8F776FC02B010BDB02D0020A831010089888888AC2D002098
:20C0C00029BD0000942E00202DE9F041344CF8F777F8237B002B3AD0D4F8285115B1284627
:20C0E000BDE8F0810746606C18B1FFF727FD002853D02C4B2C4E5B68984700EB800303EBF4
:20C10000031303EB032300EB430080B245F25553984230681FD9F9F74FFF0446B8B14FF616
:20C12000FF7706E021463068F9F712FF04460028D5D02046FFF702FD0028F3D12046FFF7E9
:20C1400083FC0DB1B842EDD207462546EAE700252846BDE8F081F9F72FFF04460028F6D061
:20C160004FF0000806E021463068F9F7F1FE04460028B4D02046FFF7E1FC0028F3D1204633
:20C18000FFF77AFC0028EED0036815B1FA1A4245E9D9A7EB03082546E5E7656C9FE700BFD5
:20C1A000B02D0020A83101009C01002038B5FFF78BFF0546FFF754FC30B104462846FFF75E
:20C1C0005BFC2046FFF748F9034B1B7B1BB1BDE83840FFF731BE38BDB02D0020024B1B7BE4
:20C1E0000BB1FFF729BE7047B02D002010B50A4C237B82B06BB1094B5B689847084B094A4F
:20C200001B680093C0F30801002304F58470F8F7C3FB02B010BD00BFB02D0020A83101007A
:20C22000AC2D0020ADC1000010B5084C237B03B910BD04F18400F8F711FC0028F8D104F1FC
:20C240008400BDE81040F8F7EFBB00BFB02D002010B50C4C237B82B00BB902B010BD04F1EB
:20C260008400F8F7FBFB0028F7D0074B074A1B68009304F1840000234FF41641F8F78CFB01
:20C2800002B010BDB02D0020AC2D0020A9BD000000B5084B084A1B68084883B04FF4F051DF
:20C2A00000930023F8F778FB03B05DF804EBFFF7EBBD00BFAC2D002011BF0000741800209D
:20C2C00010B50F4C2046F8F7AFFB04F12000F8F7ABFB04F14000F8F7A7FB04F16000F8F78B
:20C2E000A3FB04F18000F8F79FFB04F1A400F8F79BFB04F1D800BDE81040F8F795BB00BFC4
:20C30000142E00200848037B03B9704700B5074B074A1B6883B06430009300231946F8F7D4
:20C320003BFB03B05DF804FBB02D0020AC2D0020B9BD0000044B187B20B193F85C00003882
:20C3400018BF0120704700BFB02D0020054B187B30B193F85C00A0F10200B0FA80F04009D1
:20C36000704700BFB02D0020704700BF014B1878704700BF5D2C002010B50023C0E9003315
:20C38000C0E902330A7D07320446D20806F0FAFA20460249BDE8104003F066BDA430002041
:20C3A00008B50E48002340F2FF214FF4D05243808380C3800381438183810180C28103F084
:20C3C000E9FBFEF78FFAFFF73BFCFFF761FFFFF719FABDE8084004F0AFB900BF102F002008
:20C3E00010B50A4C237B012B00D010BDFFF724FB0028FAD0D4F82831984204BF0023C4F813
:20C400002831BDE81040FFF77DBF00BFB02D0020024688B10B4669B110B4084C03CC10609D
:20C42000516053F80C1F5B68D360916001205DF8044B704708467047704700BFCC2D0020DE
:20C44000704700BF7F2801DD7F290EDD884206DC13DA081A7028D4BF002001207047401A16
:20C460000F28CCBF00200120704701F58071081A1028D4BF0020012070470020704700BFA0
:20C480002DE9F843194E377B17B196F840700FBB3E46174C4FF0000804F1540594F820300A
:20C4A0001BB194F82130012B05D01C34A542F5D14046BDE8F883237C04F11009FE2B3A46D9
:20C4C0004946304609D06EB106F04EFA0028ECD1C846EAE7FF082C36DBE7637C802BE4D0F4
:20C4E000002EF1D104F11009C846DEE7B02D0020282F002000B585B001466846FFF73CFFE7
:20C50000684603F001FB08B103F0FAFB034B002283F8402005B05DF804FB00BFB02D0020CD
:20C5200078B370B54B1E7F2B84B00C4606D812F04001154605D1084604B070BD002004B0BD
:20C5400070BD134B0026E21DD2080146C3E90066C3E90266184606F015FA4FF0FF33A0F17F
:20C560002C020146684682F8404082F84150D363FFF702FF684603F0C7FA18B1012004B066
:20C5800070BD704701460122684603F02BFBF5E7DC2D002010B4164A164B1749002010600C
:20C5A00083B012680192019AD3F8102522F00F0242F00802C3F81025D3F8082542F0030222
:20C5C000C3F80825D3F804254FF4803422F003024FF48070C3F80425C3F80443C1F880011E
:20C5E000086001221A6003B05DF8044B704700BF408100400080004000E100E0034A044B4B
:20C6000001211160D3F84405704700BF4480004000800040064B1A6802B97047002282B0A0
:20C620001A601B680193019B02B000F003B800BF40810040054B186838B110B400241C6093
:20C64000D0E901215DF8044B10477047941800202DE9F0410488752C064607D07C2C37D03B
:20C66000A4B1002303800320BDE8F081DFF8D0802E4D98F800202E4F00233B602B6012B3A9
:20C680002C4CE256002A41DB2B6832E02A4F274DFDF77AFA294B3A6818702C60002A43D043
:20C6A0002346244C984604F8038000219368802098472B6801332B6057F82320002AF2D1D8
:20C6C000DBB21F4A1370752333800120BDE8F0811A4B1B788B4216D1144D164CDFF8608039
:20C6E000134F2B683A68E15C01F07F010132E1543A6098F80020013393422B60C1DB3B6870
:20C70000002BB9D1DFE70120BDE8F0810A4A0B4952F8232009780020FDF7C8FA0028E0D102
:20C720007C23338001209FE71346CAE79C18002098180020A42C0020200100206E3800205B
:20C740005E2C002070B50488672C06461BD0792C33D05CB300230380032070BD1E4C1F4935
:20C7600023681F4A0978581C002520602846D554FDF79CFA1B4B2A4618688521FDF796FA8A
:20C7800030B300232360184C134D06E00A28E5D00D28E3D02B687E2B15DD2046FDF70CFC07
:20C7A000431CF3D167233380012070BDFDF7ECF90A4A094B10701C60E5E7852901D00120E2
:20C7C00070BD054CDDE706495A1CC8542A60E4E779233380012070BD201900206F38002024
:20C7E000A0180020AC2D002024190020044B054A1A607F22002104489A809971FDF7CEB946
:20C80000241900202C190020C0010020F0B4134C2378E3B9124E13493368134F134D0A68B0
:20C82000386803EBC30CC1F800C02968104482EA522208443A600E4A00EBF323336010601B
:20C8400001310123296080B22370F0BC7047084A002350882370F0BC704700BF5F2C002024
:20C86000B4190020B0190020AC190020B8190020BC19002070B5094B094E0A4C0A4D0B4A45
:20C88000186031600023012123602B7011601824FFF7BCFF013CFBD170BD00BFB0190020F0
:20C8A000B4190020AC1900205F2C0020B8190020014B024A1A607047C01900200100FD004A
:20C8C00010B51A4C0220A179FDF756F8A379112B17D0062B07D03A2B1DD0BDE81040002100
:20C8E0000120FDF749B8124B1B8828331A191B5B51889942BDE8104028BF19460120FDF71A
:20C900003BB8618D238D9942BDE8104028BF19460120FDF731B8064B28341B88195B49BAAB
:20C92000BDE8104089B20120FDF726B8AC300020422C002070B414780D7A84F00204A542B2
:20C94000064624D00B891BB94B89B3F57F4F0FD01F4A146801F1080303CB04F108031360E3
:20C96000012202FA06F320606160D8B270BC70478B89FE2BECD1164CC989236823F8021B80
:20C98000022202FA06F02360C0B270BC7047487A53789842D6D1887A93789842D2D1C87ACF
:20C9A000D3789842CED1087B13799842CAD1487B53799842C6D1887B93799842C2D1D37967
:20C9C000CA7B9A42BED1032202FA06F0C0B2CDE77C2000200F4B1A78012A19D110B4598808
:20C9E0000288914203D000205DF8044B704742889988914200F10200F5D1D98830F8022F5B
:20CA00009142F0D1428819899142ECD11846EBE700207047C019002038B5154A154C164B78
:20CA200024781B68156815492A460144181905F0A9FF601980B2FCF7E3FEFDF757FAA8B15C
:20CA40000F4B00219B6804460E48984705F0A2FB2046FDF789FA2046FDF770FA0A4B1B68CE
:20CA6000012B03D0032B01DC012038BD002038BD88200020612C00208C200020AC30002044
:20CA8000802D01008DCA00008020002070B5124B1B680C46154613B19B68084698470F4BD1
:20CAA0000D201C60FCF77CFF0D490646F9F724F800B170BD2A4621463046F8F731FF094B13
:20CAC000304621462A465B6C984729462046BDE8704002F0EFBE00BFCC1900208020002016
:20CAE000102F01003C3101002DE9F0410F468046FCF7A0FE134B1978461A731E6D2B08D83D
:20CB0000114800230446A57871343DB101330C2BF9D14FF0FF363046BDE8F081C3EBC304F5
:20CB20000A4A03EB0413C418126800F8038003331144184432466770A67005F023FF3046F2
:20CB4000BDE8F081612C0020D01900208C2000202DE9F04707461446002A3BD1644EB1466A
:20CB60008846B9F80A3092464FF0FF3523BB6B1C2ED009F1B009D4B16A1C15D0B02404FBD8
:20CB800005F406EB04090C20A9F80A80A9F80870FCF706FF01464846F8F7A8FF04F11000C6
:20CBA0003044402102F052FD2846BDE8F087B9F80A300124002BDAD009F1100002F062FD95
:20CBC000002861D1691CD4D1B9F80A30002BD0D165B2CEE7464E3389834208D0B6F8B830CB
:20CBE000BB4224D04FF0FF352846BDE8F0877389002BF3D00C20FCF7D3FE01463046F8F7C1
:20CC00007BFF0028EAD00025EFB238462146FFF76BFF00281ADB0028E4DDB02303FB05666B
:20CC20006DB2B3891844B0812846BDE8F087B6F8BA30002BD6D00C20FCF7B2FE01462D488E
:20CC4000F8F75AFF01250028CCD0DDE7738963B3002D48D0284802F015FD0028C2D0274BE7
:20CC6000002103F24C5071819A781AB11A780AB99A70013171338342F6D10029B2D0214660
:20CC80003846FFF731FFC6E71C4BA9F80AA003F24C51E0B29A7822B11A78824208BF83F8F0
:20CCA00002A071338B42F5D161E7B6F8BA30002B98D0002D96D1124802F0E4FC002891D0DF
:20CCC0000E4B0021A6F8BA108C4603F24C509A782AB11A78012A04BF83F802C0013171338F
:20CCE0008342F4D1C9E7B6F8BA30002BE3D179E71C1F0020CC1F00202C1F0020D019002049
:20CD0000DC1F00202DE9F84315090F2D02F00F0408BF10250F2C06461F462DD0A04619B1B3
:20CD20002A46304605F02EFE05EB08020F2A04DD5CB9D5B90120BDE8F883C2F1100200210E
:20CD4000701905F047FE002CF3D01A4ADFF868901768D9F80030DB1B03EB0807FCF76AFD21
:20CD600087420EDD0020BDE8F8833046394603F07BF80120BDE8F8831024A0460029CFD140
:20CD8000E3E7D9F80070C8F1100030443946224605F0F8FD022C05D03C44C9F800400120D5
:20CDA000BDE8F8830A2DF7D8FF22FE23F2723373F2E700BF8C2000207C2000202DE9F04F8C
:20CDC0003A4928220A703A4A002387B013700446FCF764FDFCF71AFD364B374A1B6810600E
:20CDE0000BB1FFF76DFD042004F0C8FF01460520FCF7C2FD3149324E002C18BF21460D2089
:20CE0000FCF7C6FD2F4B9B69984700280446306011DD274B284A1B78D2F800B0DFF8B0A0F7
:20CE200002330BEB030505F126010BEB00029142CAF8005003D3002007B0BDE8F08F0022D2
:20CE40000BF803202048FFF7C5FD03461F481F46FFF7C0FD8046002F00F0FF816B1CCAF816
:20CE6000003080230193DFF86C9099F8011099F800200B0943EA0213D8B2C3F3850343EADA
:20CE8000801311F00F0F58B202F00F02DBB223D1B9F802C0BCF1000F1ED121F00F010A43C6
:20CEA00040F0E0817823049327E000BF622C0020612C0020CC1900208C200020102F01007D
:20CEC00084200020802D0100B4300020C43000207C200020AC30002021F00F0C52EA0C029A
:20CEE00000F0AB81DAF80020D9F80010116002F8043B60210491CAF8002099F80630112B9E
:20CF000000F0B981002B00F0B6813C2B00F0B381A3F12B02012A40F2AE81DAF8002002F8D1
:20CF2000013BCAF8002099F80730402B00F0CE82FF2B00F0C682012B00F0BE82DAF80020B0
:20CF400002F8013BCAF80020B9F80830002B40F00382B9F80C10B9F80A30B9F80E200B430B
:20CF6000B9F810101343B9F812200B43B9F814101343B9F816200B4313439BB2002B40F0FB
:20CF80000D82019B43F04003019399F81830FF2B00F02B82B8F1000F00F0698298F8012078
:20CFA0002B7813432B700D20FCF7FAFCBB4902460020FFF7BFFC019F0743FFB247F00403D1
:20CFC0000593B74B3468DAF80050D3F800B0B54B0193019B1E78112EA8464FF000075CD019
:20CFE0004EB13C2E00F04C812B2E00F054812C2E40F09180022607F1280149444A780B7837
:20D000000191D200112B02F1080200F04081002B00F03D813C2B00F03A812B3B012B40F213
:20D0200036816B1C0BEB04008342BFF404AFCAF800309D188542BFF4FEAE1846CDE9021298
:20D0400005F0A0FC039A0299CAF800500346D0B2A0F1020C83F801C0934B93F800C00B78A3
:20D060001744914A6044112B107000F00E81002B00F00B813C2B00F008812B3B012B8CBF37
:20D080000023012343EA460363F01F0388F80030019B1E78112EA846A2D128376A1C39F8C6
:20D0A0000710CAF800200B0A43EA01239BB223F00F024FF2B00609EB0701B24290B24A88A5
:20D0C00000F0FE80120292B2B2F5704F00F0178103F47F43B3F5704F00F0FF802B46F0228A
:20D0E00003F8052B0BEB04029342BFF4A4AE59F80700C5F80100CAF8003003F102084245A2
:20D100007FF699AE6848C9880278198002F10803CAF800800370654D049A2B78644E0BF8E4
:20D120000320614A5B441178059A5A703388A8EB0B085FFA88F85A1A02EB0800A04285F88E
:20D14000008040F3EF80A4EB0805043D25F00705053C521B121B002ACCBF02F1FF370327CC
:20D1600024F00708C4BF97FBF8F70437FCF7B8FEB842FFF460AE002DFFF65DAE484A4D4B52
:20D18000D2F80090494AB3F800A092F800B0DFF82CC1494F0AF101021A8049465A460023D7
:20D1A00009F10400CCF8003005F0FAFB33883F4A89F803A01B0A63F03F0389F80030338805
:20D1C00089F80130384B3D604FEA1A2A0BF1040B187889F802A082F800B0FFF71DFC0028E1
:20D1E0003FF429AE33882E492F4D09683A682D782E481B0A63F01F030B7033884B70154465
:20D200003388ADB205229D42027009D3A0E03A6833881544ADB2AB4240F29A80204A1168EF
:20D220005B1BEA089C42B8BF43460A7128463B60FFF7F2FB0028EAD1FDE5DAF8003020F06A
:20D240003F0001431970B9F80220A3F801200333CAF80030682304934FE600287FF4FEAD6E
:20D26000019000E6DAF8002002F8013B70230493CAF8002041E6049B43F00403049352E634
:20D2800007F1280149440326B8E60123FAE62B460BEB0400CDE60126ADE600BFC43000206A
:20D2A0008C200020B2300020622C0020612C002098300020362C0020882000208020002053
:20D2C000130A43EA02239BB223F00F02824276D003F47F43B3F5704F11D02B46F22203F8E3
:20D2E000042B0BEB04029342BFF4A5AD39F80700CAF80030000A687048886880FDE62B4611
:20D30000F12203F8042B0BEB04029342BFF493AD39F80700A5F801004888CAF80030000A6A
:20D32000E870EAE68B428CB2FFF485AD49440BEB080005F027FB3088001B404480B2FCF777
:20D340005FFA864B86489B680021984704F022FF012007B0BDE8F08F17BB48F2FE029342E0
:20D360000BD1B9F81A30B9F81C10B9F81E200B4313439BB2002B00F0AE807A4FDAF800E055
:20D380000FCF0EF11007CEF80000CEF80410CEF80820CEF80C30CAF80070F6E5002FECD011
:20D3A00078782B78704A6F4943EA00132B700420FFF7C0FA60F03F00C3B20193E5E52B46E6
:20D3C000F32203F8022B0BEB04029342BFF433AD39F807604888CAF80030360A000A00EB1D
:20D3E000061000F5AA60687087E699F81930019A022B42F008020592B9F81A2075D04ABB29
:20D40000B9F81C1031BBB9F81E20B9F82000B9F82210024392B211431AD199F82420002AD9
:20D4200000F0898099F82220A2B9DAF800504F4901982A4640F0090002F8013B0B68C5F863
:20D4400001300B79059006351371CAF80050BEE5002AE7D0464DDAF800600FCD06F1100580
:20D4600030607160B260F360CAF80050AFE5B9F8182048F2FE039A4215D1B9F81A30B9F8AE
:20D480001C10B9F81E200B4313439BB25BB90D20FCF786FA364902464046FFF74BFA019BA8
:20D4A0000343DBB28CE5324DDAF80060019F05970FCD06F11005D3E7049B43F0010304932C
:20D4C00042E5049B43F0030304933DE5049B43F00203049338E5244A22490420FFF72AFAF2
:20D4E000019F0743FBB201934FE5002AB2D1B9F81C10B9F81E20B9F82050B9F822000A4313
:20D500002A43B9F8245002432A4392B2002A7FF479AF99F82620002A7FF475AFDAF8005004
:20D5200099F8273005F8013B019BCAF8005043F00B0305934BE5DAF8005001980D492A4692
:20D5400040F00A0002F8013B059008888B78A5F8010004359370CAF8005038E5802D01007C
:20D560008DCA0000B4300020A4300020CF300020C4300020D13000202DE9F04F0C2091B046
:20D58000814F824CDFF81C82FCF70AFA4FF0000BF8F72AFA87F800B084F800B0FCF736F9A7
:20D5A000C8F80000FCF746F910B911B0BDE8F08F04F00AFB0420FCF7E5F90146062004F07C
:20D5C000E7FB0320FCF7DEF90146072004F0E0FBD8F800301A8852BAC2F3072101F0F801CA
:20D5E000C02992B200F0A680E02967D158881D792378C2F30A0940BA053380B22A4649466B
:20D600002370FFF7A5FAB0F1FF3F8246CDD0604ACDF808B0B02303FB00234FF4A06C9E890D
:20D620000123CDE9003C4E4534BF00260126FCF701F923788342B8D8FCF7FCF823783F78EB
:20D64000544AC41A07EBC5052544B5F5A06F146000F2F981BBF1000F0BD00199E2198A4299
:20D66000A3DCD8F800100BEB07001944224605F089F9B9F1000F00F0FB81029B3BB1444AD6
:20D68000B02303FB0A233A1992B29A811A83002E40F06482009B002B87D13C441FFA84F9C5
:20D6A0003D4C3E4A2368A2F8009023B1FFF708F923685B68984701F0ADFD76E7DA46D94675
:20D6C000CDF800B04FF4A062DFF8DCB0019222783348995C01F0F0050026F02D067047D0DA
:20D6E00001F0E000602861D041297FF45EAF511C53FA81F303F1200C59461E685D6898687E
:20D70000D3F80CE0C1F80CE0103363450E604D60886001F11001F0D118685B684B600860A5
:20D720003B782833293200263B70009B2270354602937CE758882378C2F30A0940BA04339B
:20D7400080B25A4649462370FFF702FAB0F1FF3F82463FF42AAF0E49D8F80030B02202FB0A
:20D76000001202F11A0B94210122CDE90021AEE70132D2B201F00F0511F00E0F227005705A
:20D780007FF413AF995CABE7622C0020612C00201C1F002088200020CC1900209830002062
:20D7A000602C00208C200020AC300020FCF742F822780290531C8342BFF6F7AED8F800102E
:20D7C00088188B5C90F901504678039502F1020EBC4A01EB0E00002D1060BCBF01301060D6
:20D7E000D80600F14D81B74A10681A07A0EB010500F19081029A0335AA427FF7D6AE05465A
:20D8000030F801CFAF4A80788BF80300ABF801C015F8040B9BF801C01560850805F0300599
:20D8200045EA80150CF00F0CC0F3830040F0600045EA0C0C8BF800008BF801C013F0040230
:20D8400005920CD19F4A1068029A451AAA427FF7ACAE9C4A10F8015B8BF80650106013F0A6
:20D86000030300F04A819848C35C8BF807307506C6F3011340F1B281039A002AB6BF11F83D
:20D880000E2000221209002B40F02A810BF1080519468E4A0691D25C04920C20FCF780F8E5
:20D8A000049A069903462846FFF72CFA00283FF47CAE16F0080306F0030200F0A08170073F
:20D8C0001FD4531E40F2FF21012BADF83C100DD87C48D8F800100368029D591A8D427FF72A
:20D8E00064AE13F8011B8DF83D100360784900238A5C0BF118000FA9FFF704FA00283FF4D5
:20D9000054AE3B786F4A2833D2F800C0D8F800203B70029B0492ACEB020293427FF745AE0D
:20D92000059B002B00F014820BF10603059300220BF12803CDF82CB0CDE90C9A089266466D
:20D940009B465AE05F49049BB51C0D600299EA1A9142737809937FF728AE2A46594B12F8C4
:20D96000016B1A60049B0A921146A1EB030A06F1020C069B06F1010E19F0040F4FEADC09B0
:20D980003344D64409F1FF3A324606935FFA8AFA7FF40BAE079D4F4B5B5D059DCDF814B088
:20D9A0002B70019B069D9D423FF7FFAD5FEAEC0C00F01282099B8BF80030029B8BF801A0EF
:20D9C0007345FFF6F2AD04F0DDFF4FEAC909089B0A993A785FFA89F94B44DBB20893394B12
:20D9E0000E441E60039B0AF1010A91440BEBCA0B87F80090002B00F0F3810B9B3278049988
:20DA0000ABEB03030233069302F0F00C02F00103751C0393BCF1E00FC2F342030BF10200FD
:20DA2000A5EB01014FEA5209079340F0A681254A1560029A8A427FF7B8AD039B002B81D08E
:20DA40000023099389E72449244B5FFA8AF0B02202FB00120024548103F24C519A781AB19F
:20DA60001A78824208BF9C7071338B42F6D19CE5009B002B3FF411AE002E7FF411AE94E533
:20DA800013F0080563D10F4A1068029AA0EB010C62457FF78AAD90F800C00A4ACCF3830CFF
:20DAA0004CF0600C8BF800C010F801CB10604FEA9C0000F0300040EA8C10ABF802508BF804
:20DAC0000100BBE67C200020D4310100D8310100E0310100BC3101001C1F0020D019002074
:20DAE000C549087801287FF460AD487890427FF45CAD02310BF10805CBE6C04A029D1368D0
:20DB0000581A85427FF751AD13F8010B8BF807001360ACE6029A02354FF0600CAA428BF8C5
:20DB200000C07FF742AD90F800C0B44A4FEA9C0505F030050CF00F0C45EA0C0C8BF801C0D4
:20DB4000B0F80150ABF802500330106076E660250020ABF80050ABF802006FE6DFF8BC8231
:20DB6000B02303FB0AF308EB03025589B2F818B0A2F80C905D4568D3B5F5A06F65D81A3339
:20DB800008EB03015A469E489E4E04F0FBFE9C4BA5EB0B0203EB0B00002104F01BFFF51E70
:20DBA00006F24C5B02E07136B34574D016F8012C002AF8D016F8033C9A45F4D116F8023C97
:20DBC0008F4802EBC301B1F5A06F4FEAC3033146184400F2258104F0D5FEE4E78A4A0C200C
:20DBE000D25C0492FBF7DCFE049A884903460BF10800FFF787F800287FF45BAED5E471078F
:20DC000038D50399002906DA2178D8F800300B449B7803F00F03784D297801297FF4C5ACDE
:20DC2000697899427FF4C1AC794B0D209A5C0392FBF7B6FE039A0346A91C0BF11800FFF771
:20DC400061F800287FF45DAEAFE4B0235FFA8AF003FB008A6F4B0024AAF80A4003F24C51A8
:20DC60009A781AB11A78824208BF9C7071339942F6D19AE4644B0D209A5C0392FBF790FEF3
:20DC8000039A624903460BF11800FFF73BF800287FF437AE89E45FFA8AF1B02303FB018A99
:20DCA00000205D4AAAF80A00AB781BB12B788B4208BFA8707135AA42F6D1009B002B3FF461
:20DCC000ECACEDE40299013399427FF76EAC9CF801301B09A3F575639BB21B0243F0F003B8
:20DCE00033809CF8013003F00F03A3F575639BB21B0243F0F0037380404B0CF102051D60A8
:20DD000053070CD43D49049A0B6802989A1A013290427FF74AAC33F8022BF2800B60FBF74C
:20DD200089FD364AD8F8001012680346B9F1000F00F0AF80089AA9F128039B1A9BB21A02DD
:20DD400012B21B0A3978134301F10802B3803A702A4BD8F800201B689B1A2370B9F1000F11
:20DD600071D0A9F128031A1200268BF80530009B8BF804203546029359E4049B0299B446D0
:20DD8000ACEB030399425E46DDE90C9ADDF82CB07FF70BAC02F0F802F02AD9D10199A6EB42
:20DDA0000B0207328A42BFF600AC059911220A709CF8002002F0F301F03903293FF6F5ABE1
:20DDC00001A050F821F000BFD1DE0000A5DE000067DE0000C5DC00008BF801C0FFF7E5BB98
:20DDE000049B029ADDF82CB0F31A9A42DDE90C9AAEDCFFF7DABB00BFC01900207C20002059
:20DE0000AC300020D3190020DC310100C0310100D8310100D01900201C1F00201C1F002031
:20DE2000B02303FB0A823249002353815FFA8AF0AA781AB12A78824208BFAB707135A9427A
:20DE4000F6D1FFF7B2BBFBF7F5FC21783A78431A1344283B5BBAABF80430009B02934E46A3
:20DE60004D46FFF7E4BB0299033399427FF79DAB9CF80130A3F580539BB21B0243F0F00350
:20DE80003380BCF8023073801A4B0CF104051D6036E7521AC2F1080213449BB21A0212B244
:20DEA0001B0A4FE70299033399427FF77EABBCF8013033809CF80330A3F580539BB21B0288
:20DEC00043F0F00373800B4B0CF104051D6017E70299043399427FF768ABBCF80130338084
:20DEE000BCF803307380034B0CF105051D6007E71C1F00207C20002010B5044604F0DEF898
:20DF0000C02C00D010BDBDE8104004F0A7B800BF014804F0FDB800BF45E3000008B50B4A86
:20DF20000B4B10681968884203D000F001FA002008BD506859688842F7D190689968884257
:20DF4000F3D1D268DB689A42EFD1F0E790200020B430002008B5FFF7DBFF04480021FBF74D
:20DF60001DFEBDE80840024800F0B2B9D001002075DF000030B5204B1A78212A85B00FD06E
:20DF80003F2A06D008330FCB1C4C84E80F0005B030BD5A784D2A14D003F016FE05B030BDD2
:20DFA0005A78502AF8D153F8020F596800226B46CDE9022203C303F007FE6846FCF748F8E3
:20DFC000EAE70F490F48212201F108051A7011F8012F140902F00F02045D825C9C708D4282
:20DFE000DA7003F10203F2D1074B03481221198000F074F9D0E700BFAC3000209020002013
:20E00000A3300020E43101009830002008B50648064B45F23F0202210280198000F05EF9B6
:20E02000BDE8084003F0D0BDAC300020983000202DE9F84F0388044633B1F82B12D18229C8
:20E0400015D00120BDE8F88F9849994D99489A4A0B8001212B8003801170F82323800120C7
:20E06000BDE8F88F002303800320BDE8F88FDFF844E2DFF838C2BEF80030BCF80020934222
:20E0800043D060D28D488E49002540F201584FF0C0094719CE5CDB2E03F1010B05F1010A43
:20E0A00037D01FFA8BF39A4207F8016B1FFA8AF502D94545EED10025013292B2B2F5A26F6B
:20E0C00008BF0022ACF80020794B1E8896420FD07B4F134608E0F85CC02800F0CD808BB2B1
:20E0E000B3F5A26F08BF00239E4203F10101F2D1AEF80020734B1D80002DAED0724B1B68D8
:20E1000003B1984701F086F8A7E76E4B00221A80A3E75F1CBFB2BA42CED9B5F5A06FCAD886
:20E12000CF5D0233DD2F9BB205D0DC2F00F09C809A42AED8C0E76F1C93424655BDB2BBD239
:20E140004545A6D1B7E7B3F5A26F80F0A6805B485B49002540F2015BCF1800EB050817F8E9
:20E16000016BDB2E03F1010A05F1010912D01FFA8AF3B3F5A26F08F8016B1FFA89F567D0C0
:20E180005D45ECD1002A40F08D8000250122ACF8002099E75F1CBFB2B7F5A26F7BD0B5F58F
:20E1A000A06F71D8CF5D0233DD2F9BB21FD0DC2F46D0B3F5A26FCFD10023002AE6D0CE18FB
:20E1C00000EB050816F8017BDB2F03F1010A05F1010915D01FFA8AF39A4208F8017B1FFAC8
:20E1E00089F57FF669AFB5F5A06FEBD963E76F1CB3F5A26F4655BDB22AD05D45ACD1C1E73E
:20E200005E1CB6B2B2427FF657AFB5F5A06F3FF652AF02339BB28E5DDD2E08D0DC2E0DD087
:20E220009A427FF649AFB5F5A06FC8D943E7DB276E1C9A424755B5B2F5D83DE7C027F7E7F0
:20E240006E1C6FF03F07B3F5A26F4755B5B2D4D10023002A9AD0B5F5A06F3FF62CAF002B83
:20E26000ADD001230026D6E76E1C9A4200F80590B5B23FF665AF1FE71448ACF80030AEF89B
:20E280000020FBF741FD35E7002A3FF47EAF00252E460123BFE70123DBE7002A3FF475AFBE
:20E2A0000648074900231D4689E700BF3C2C00203A2C0020382C0020632C0020AC300020CE
:20E2C000A420002098300020A0200020D0010020014B1860704700BFA020002070B50E460E
:20E2E0000546C020FFF708FE002E17DD002407E0DB2818D00134A4B2FFF7FEFDB4420DDA86
:20E3000015F8010BC028F3D1DB200134FFF7F4FDA4B2DC20FFF7F0FDB442F1DBBDE87040D5
:20E32000C020FFF7E9BDFFF7E7FDDD20E2E700BF024B03481988FFF7D1BF00BF983000209C
:20E34000AC30002038B5244A1378022B05D0032B0BD1C02832D0002038BD00F12403DBB22B
:20E36000012B23D80123137003E0DB2804BF022313701A491A4D0C882D88631C9BB2B3F5F7
:20E38000A26F08BF00239D420B801BD0154BC0281855E0D1144A1388A3421AD09D421348C5
:20E3A00008BF1480FBF7B0FC012038BD0E490B4B0988198003231370002038BD0123137012
:20E3C000002038BD08480323008808801370002038BD0C80BFE700BF632C00203A2C0020E4
:20E3E000382C0020A42000203C2C0020D001002038B54368934294BF03F1FF3515460446AF
:20E400002A46006804F0BEFAD4E900322B44521BC4E90032002038BD0CB410B586B008AA4C
:20E42000029052F8043B094C019208460390194604A802ABCDE9044300F0BCF8029B0022E0
:20E440001A7006B0BDE8104002B07047F1E30000074B82B001AA9A42019304D9CD2103F8E5
:20E46000011B9342FBD10348002102B0FBF796BB78380020E001002038B5124C124D03F010
:20E4800089FE2378CD2B08D0AC4202D30EE0AC4212D014F8013FCD2BF9D1AC4202D30BE04D
:20E4A000AC4209D014F8013FCD2BF9D003F072FEAC4203D2281B38BD03F06CFE4FF0FF305F
:20E4C00038BD00BF783800200000042070B50388044633B1972B0DD1154BDB6873B101202E
:20E4E00070BD13484FF4A061F6F7AEFB97232380012070BD00230380032070BDFFF7BCFF68
:20E500000C4E0D4BF61AB04205460DD90B4B1B68002B09DD0A4A0B490B48FBF799FA0B4859
:20E5200032462946FBF794FA0148F6F797FBDDE7B42500200000042078380020F8000020E3
:20E540000C320100442F0100902B01001432010010B50446F5F750FED4E900321344C01A9C
:20E560006FF0004398422CBF0020012010BD00BF102A2DE9F041144606460D460DD90C4FAC
:20E5800001E0102C0CD93368286810223946103C98470028F5D0BDE8F0811046002AFAD025
:20E5A0003368286802492246BDE8F041184700BF703201000B78002B00F0DF842DE9F04F90
:20E5C00091B0904600228A468146009204E01AF8013F002B00F0D680252BF8D1514500F093
:20E5E0000381AAEB0104D9E9003022469847002840F05881009A9AF8003022440092002B14
:20E6000000F0C3809AF801300AF10104002B00F0BC800021A3F12002102A0AD8DFE802F001
:20E62000AF0909AC09090909090909A909A60909A100A3F13102082A40F2BD802A2B00F076
:20E64000C88000262E2B00F0AB804FF0FF3B6C2B00F09F80682B00F0CA807A2B03D1637898
:20E6600041F060010134782B00F2EA80DFE813F08D00E800E800E800E800E800E800E80025
:20E68000E800E800E800E800E800E800E800E800E800E800E800E800E800E800E800E800FA
:20E6A000E800E800E800E800E800E800E800E800E800E800E800E800E800C401E800E800FD
:20E6C000E800E800E800E800E800E800E800E800E800E800E800E800E800E800E800E800BA
:20E6E000E800E800E800E800E800E800E800E800E800BD01E800E800E800B601AF01A8016C
:20E70000E800E800E800E800E800E800E800E800E800E800E800E800E800E800E800E80079
:20E72000A101E800E800E800E800E800E800E800E8009A01E80093011F015B016901620197
:20E74000E8001F01E800E800E800E80085017E017701E800E8007001E8005401E800E80046
:20E760004D0141F0100114F8013F53E741F00101F9E741F00601F6E741F00801F3E741F016
:20E780000201F0E78A457FF42CAF009811B0BDE8F08F63786C2B31D0013441F0600162E782
:20E7A0006378A3F13000092804F101022BD92A2B3AD0144649E7002606EB860603EB4606C7
:20E7C00014F8013FA3F13002092AA6F13006F3D938E7D8F800606378002E08F10408B8BF87
:20E7E00041F0010101342DE79AF8003007E76378682B20D0013441F0400134E7A37841F081
:20E80000800102342FE74FF0000B0BEB8B0B03EB4B0B12F8013F2F2BABF1300B40F2928250
:20E82000392BF2D9144612E7A378D8F800B0023408F104080BE7A37841F02001023412E7F2
:20E8400001F4E0630F46B3F5A06F04F1010A39D000F29181B3F5407F00F09C81B3F5806F5C
:20E8600040F0D180D8F80050019508F10408002D40F02082C44B01930625BBF1000F02DBF7
:20E880005D4528BF5D46AE428CBF761B0026F80740F12382D9E9003001992A469847002882
:20E8A00000F0B9814FF0FF3011B0BDE8F08F01F4E06343F48073B3F5A06F41F4245704F11D
:20E8C000010AC5D1012ED8F800308DF82830354638BF0125FA0705F1FF3508F1040840F192
:20E8E0001C82D9E9003001220AA998470028D9D12A4609F104014846FFF73AFE009B013307
:20E900000028CFD1EB1800933FE001F4E06343F4807341F4C85796E701F4E06343F48073E5
:20E9200041F410678FE701F4E06343F4007341F4024788E701F4E06343F4007341F4813717
:20E9400081E701F4E06343F4007341F400777AE701F4E06343F4806341F4806773E701F4A3
:20E96000E06343F4407341F440776CE701F4E06343F4807341F4885765E704F1010AD8F899
:20E980000030009A1A6008F104086378002B3FF4FCAE514620E601F4E06343F4A06341F407
:20E9A000A06750E701F4E06343F4007341F4C13749E701F4E06343F4807341F4B24742E721
:20E9C00001F4E06343F4007341F4A1373BE701F4E06343F4007341F4844734E701F4E063F1
:20E9E00043F4007341F442472DE701F4E06343F4007341F4E13726E701F4E06343F4C063CD
:20EA000041F4C0671FE7B3F5807FBED1BBF1000FABBF27F010070123CDF804B0019317F4CF
:20EA20000053069307F0E00300F01D81402B00F07C8200F20B81002B00F05A82202B40F039
:20EA40009E8298F9002008F10408D317002A73F10001C0F21D82CDE9022307F4C053B3F585
:20EA6000805F00F08C81B3F5C05F00F0E781B3F5006F00F0AD81002305939B460DF13E038B
:20EA80000493019B9B4534BFA3EB0B03002341F60802019307EA020141F208039942019B33
:20EAA00000F0138191425B4404D1DDE902120A4340F0588100250795069A7AB1059A002A06
:20EAC00040F04C8107F00602022A00F054812F49062A079A04BF0A46012507922B449E42DF
:20EAE0008CBFF31A0023029317F00103059307D1FE0640F1F381DDE901210A44CDE90123D2
:20EB00003DB1D9E9003007992A46984700287FF4C9AE009B019F5B44102F009340F2B28103
:20EB20001B4ED9E9003010223146103F984700287FF4B8AE102FF4D8D9F800301449D9F868
:20EB400004003A46984700287FF4ACAED9E9003004995A469847009B1D4400287FF4A2AE68
:20EB6000019B2B449B46059B002B40F0ED80029B5B44009309E7B3F5C06F5BD0B3F5E06F89
:20EB80003FF4FDAE01E700BF643201005C32010080320100D8F80010C948CA4D17F4804F35
:20EBA00008F104080A464FF0000314BF8346AB4600296AD00DF13B0E7146100902F00F0CAA
:20EBC00040EA03701D0902462B461BF80C0001F8010D52EA0300F0D1BEEB010557D0033585
:20EBE0007823AE4201F8013C4FF030024FF0230301F8022C01F8033CA1F1030B8CBF761BA3
:20EC00000026F9077ED5D9E9003059462A46984700287FF447AE324609F104014846FFF710
:20EC2000A7FC009B2B441D4600287FF43BAE73190093AAE6D9E90030A34901229847002889
:20EC40007FF430AE009B013300939EE6602B00F04F81802B40F0938108F1070828F0070814
:20EC6000F8E80223F2E6402B00F0578115D8002B00F04481202B40F0998198F8002000234F
:20EC8000CDE9022308F10408E7E60DF13B01302301F8013C04250139A2E7602B00F02E81EE
:20ECA000802B40F0838108F1070828F00708F8E80223D0E62B78002B00F0488115F8013FB7
:20ECC000002BFBD1019BED1AD7E5012B38BF01230025019307955B44EEE6324609F1040158
:20ECE0004846FFF745FC00287FF4DCAD0199D9E900302A46984700287FF4D4AD009B2B442A
:20ED00001D4694E7324609F104014846FFF730FC00287FF4C7AD5946E9E72A4609F1040101
:20ED20004846FFF725FC00287FF4BCADD9E9003001220AA99847009B013300287FF4B2ADBA
:20ED40002B44DFE514468EE4029A09F104014846FFF70EFC00283FF40AAFA3E55B4A0792B1
:20ED60000125BBE65A495B4A17F4804F18BF0A4607920225A0E6584A07920125AEE6DDE982
:20ED8000022313433FF477AEDDE902231846002315460593DDE902230DF13E0107918C46AF
:20EDA0004FEAD20B4BEA437B02F007014FEAD30E30315A4673460CF8011D52EA0301EFD15A
:20EDC000079BCDF810C0CDE90250A3EB0C0B58E6DDE90223134300F0C88000230593DDE917
:20EDE00002120DF13E03CDE9086407938B46154604971C46584629460A22002303F038FC58
:20EE0000303204F8012D584629460A22002303F02FFC2F465E46002F08BF0A2E83460D4689
:20EE2000E8D2079B049F089E04942246A3EB020B099C26E600220023CDE9022317F48043F3
:20EE400065D10593DDE902231E4DDDE90201014300F085800DF13E000790110902F00F0E90
:20EE600041EA03714FEA131C0A46634615F80E1000F8011D52EA0301EFD1079B0490A3EB8D
:20EE8000000BFEE5019B002B3FF460AE1F4653E6524207F4C05163EB4303B1F5805FCDE96F
:20EEA000022355D0B1F5C05F45D00123B1F5006F059394D00DF13E0304934FF0000BE0E514
:20EEC0003C320100E43101006C32010058320100503201005432010060320100029A09F150
:20EEE00004014846FFF744FB00283FF409AED9E4D8F8002008F10408D317A7E5D8F8003010
:20EF000000221946CDE9021208F10408A5E50021DDE90223324D059197E7B8F80020002385
:20EF2000CDE9022308F1040897E5B8F9002008F10408D3178AE57B0405D50121DDE90223E0
:20EF4000274D059186E7012305937BE7019DB9E6DDE9022318460123154605931AE70DF180
:20EF60003E034FF0000B04938BE54FF0000B0DF13E03CDF814B0049383E51846704707F4DE
:20EF8000C053B3F5805F06D0B3F5C05F3FF452AFB3F5006F13D0002305939B46002300222B
:20EFA000CDE902230DF13E0304936AE507F4C053B3F5805F08D0069B05939B46EEE74FF0B6
:20EFC000000BCDF814B0E9E70699059100230022CDE902230DF13E038B46049351E500BFDC
:20EFE0003C32010010B44FF080414FF080520020C1F80C015E4BC1F81001C1F83805D2F8B4
:20F000000414C3F82015D2F80814C3F82415D2F80C14C3F82815D2F81014C3F82C15D2F878
:20F020001414C3F83015D2F81814C3F83415D2F81C14C3F84015D2F82014C3F84415D2F8C8
:20F040002414C3F84815D2F82814C3F84C15D2F82C14C3F85015D2F83014C3F85415D2F818
:20F060003414C3F86015D2F83814C3F86415D2F83C04C3F86805D2F840043E49C3F86C05DB
:20F080000968D2F84424C3F87025082924D04FF08043D3F80024D20744BF6FF00102C3F86E
:20F0A0000024354AD2F8883043F47003C2F88830BFF34F8FBFF36F8F4FF01023D3F8002270
:20F0C000002A23DBD3F80432002B1FDB2B4B2C4A1A605DF8044B70472A4B1B68002BD6D157
:20F0E00029482A4A2A4C04602A492B4BFB20C2F818050A681B68294822F00F0203F00F03E8
:20F1000013434FF400720B600260C0E7244A0123C2F80435D2F80034002BFBD04FF0102385
:20F1200012211F4AC3F80012D2F80034002BFBD04FF0102312211A4AC3F80412D2F800349A
:20F14000002BFBD000231649C2F80435D1F80034002BFBD0BFF34F8F0749124BCA6802F4EC
:20F16000E0621343CB60BFF34F8F00BFFDE700BF00C000403001001000ED00E0F0010020BB
:20F180000090D003340100108C56004000F0004048810300E40E00405802001040960240F5
:20F1A00000E001400400FA0510B5014682B004460120F7F777F838B9064BDB6801932046A6
:20F1C00002B0BDE81040184702F0FEFC002002B010BD00BFC4310100084B03F1A00102E01F
:20F1E00008338B4208D01A88002AF9D1044A188012685A6001F0D0BC704700BFD425002073
:20F20000AC2D0020024B1B68C0E90A31704700BFAC2D0020002108B50846F7F743F818B1B4
:20F22000BDE8084002F0D0BC024602210348FAF75FFDBDE8084002F0C7BC00BFF40100202A
:20F24000F0B5434D2B8889B0002B36D0B3F5A06F31D8404C608B238BA28BE18B0343134342
:20F26000228C608C0B431343A18CE28C03430B4313439BB2FBB1384E736B9847D8B1237E65
:20F28000FF2B1CD004F1180000F03EFC20B12B889BB100F069F810E0336C04A8984780B1B5
:20F2A00004AD284600F0D2FA044620B3204600F0BBFAFFF779FF02F087FC09B0F0BD0020E2
:20F2C000F7E704F1180000F001FC88B904F1180000F000FB0746F8B100F0FAFA05460028D0
:20F2E000DFD13846F36C9847384600F0F5FAE2E704F11805D5E702A8294600F0BFFD0923BD
:20F3000001942246009302A92846012300F030FA04460028CAD1CEE700F042FB05460028A4
:20F32000BFD10E4B94F828201A7001F0EBFB0C4B5B6898470028BEDA00220321012000F09F
:20F34000DDFE084B00221A70FFF77AFFB3E700BF98300020AC3000203C310100652C002008
:20F36000F8310100AC35002010B5114B114C1B88228803F13B01914203DA0F4A9179062925
:20F3800009D0012001F01CFC238803B910BDBDE81040FFF755BF134493F835309B07F0D589
:20F3A0000648C368002BECD1F5F762FCE9E700BF422C002098300020AC300020C425002098
:20F3C0002DE9F042038804467BB340F23530834226D102296AD0914616D9872941D08829F2
:20F3E0000CD14F4B9A4200F081804E4B9A4205D1D3681BB900F088FCFFF722FF40F235334A
:20F4000023800120BDE8F08200293FD0002AF5D0454B05201A6001F0D3FBFFF711FFEDE722
:20F42000002323800320BDE8F082404D1946A022284603F0CFFA3E4B1B68C5F8A030FAF76A
:20F44000A3FB3C4B0246402135481A70F5F7FCFB01F018FB384B1B689847384B5B689847E6
:20F46000CCE7374D002705F1A00602E00835B54223D055F8043C9945F8D135F8080C01F023
:20F4800077FB25F8087C45F8047CEFE7002AB5D02C4B03201A6001F093FBFFF7D1FE204857
:20F4A000C368002BAAD1F5F7E3FBA7E7264B1B88002BA3D0FFF758FFA0E7244B002503F511
:20F4C000C070996A894504BF9D6283F8255030338342F6D11E4B002503F580709969894544
:20F4E00008BF1D8220338342F8D187E7D368002B84D1164D134F05F5C07603E03035B54268
:20F500003FF47CAF95F82530002BF7D04846F5F7AFFB02203D6001F053FBFFF791FEEDE73E
:20F52000C425002088300020B0350020D4250020AC2D002070380020F83101003C31010073
:20F54000DC250020B835002098300020BC3500206837002038B51C4B1A68002A30D002F1D2
:20F5600028051A4B1B785B0618D5194B118A03F1A00402E00833A3421AD033F8082C8A426A
:20F58000F8D153F8040C0028F4D00022C5E90002104BDB6833B90F48F5F76AFB286800B90E
:20F5A00038BD6A680C4B1978BDE83840FAF7A0BB084BDB68002BEED028680028F0D0F0E765
:20F5C000064B1D681835CCE7B8350020AC350020DC250020C425002070380020B035002050
:20F5E000802802D1024B00221A600120704700BF04C500400120704730B5134C0123236044
:20F6000083B0FCF7FBFF6FF003031D1A03E0FCF7F5FFC54203D5D4F80031002BF7D00A4B41
:20F620000022C3F80021D3F80825D3F80835920544BF6FEA83536FEA9353034A01930123BF
:20F640005360019803B030BD00C0004010B541600446F4F7B5FD206010BD00BF10B5044656
:20F66000F4F7AEFDD4E90021C2F101031844884284BF5218226010BD10B50446F4F7A0FDA6
:20F68000206010BD10B50446F4F79AFDD4E90032C3F10103184482422CBF0020012010BDCC
:20F6A00030B4144B1448154D4FF0A04100220324C3F80025C1F874474FF00054C1F80845F3
:20F6C000C1F87C271F241D21C3F8245582B0C3F86C25C3F81445C3F80C150260016801914E
:20F6E000019C074A04200121C3F80005116002B030BC7047002000401C21004000E0D701BB
:20F7000008200040074B0849084A0020186082B01B680193019BD1F818051368C0B202B08A
:20F72000184700BF08210040002000407826002050B110B5054B04469B6C9847214604482B
:20F74000BDE81040F6F734BD704700BF3C3101000402002008B5F6F7ADF9BDE80840024944
:20F760000248F6F7D3BB00BF31F7000004020020F8B505469DF818200B481E46079BF6F7AC
:20F78000A9FC044668B1094BD5F800C06F68A968EA689B6CC0F800C047608160C260467463
:20F7A00098472046F8BD00BF040200203C310100002834D02DE9F041884688B061B3074622
:20F7C0001848F6F727FC064630BB3D682868EB686968AA6803AC0FC428462B8A2380FFF7D9
:20F7E000A7FFC8B1052300939DF81C209DF81D300196414603A8FFF7BBFF0546386058B117
:20F8000003AC0FCC28606960AA60EB6023882B82304608B0BDE8F0814FF0FF30F9E74FF08F
:20F82000FF3070470402002001460148F6F724BD040200200148F6F7BFBB00BF04020020A3
:20F8400001460148F6F784BB0402002070B5B8B105460D48F6F7B0FB044688B10A4E03E042
:20F86000F6F776FB044658B129461022204603F07BF8034621463046002BF1D1204670BDC4
:20F880000024204670BD00BF0402002001460148F6F7C0BB0402002008B5FFF7D7FF28B14C
:20F8A0000146BDE808400248F6F7E6BC08BD00BF04020020704700BF08B50348F6F748FAE4
:20F8C000024B00221A6008BD140200209C2700200020704700207047704700BF0C4B1B6863
:20F8E000A3B1984210B5044602D105E0A34203D01B68002BFAD110BD21460548F6F750F92B
:20F9000021460448BDE81040F6F750BA704700BF9C2700201402002038B5054670B1084B0D
:20F920001C6814B908E0246834B110222946201D03F01AF80028F6D1204638BD0446FBE7C4
:20F940009C27002070B5C0B10E460546FFF7E4FF0446A8B128686968AA68EB68251D0FC537
:20F960001EB901232377204670BDA661F4F744FC002360612377204670BD0024204670BD65
:20F980000548F6F7F7F904460028F6D001460348F6F7E8F8DEE700BF140200209C27002009
:20F9A00038B5084B1C685CB1251D2846FFF74EFF08B1437C13B92468002CF5D1284638BD5E
:20F9C0002546FBE79C27002038B50A4D2C6824B1237F1BB12468002CFAD138BD04F114005B
:20F9E000FEF7B6FD0028F5D02046FFF777FF2C68EDE700BF9C2700202DE9F04702FB010645
:20FA0000B0429DF820A0DDF8249016D20446174698464FEADA0A05E002F0A6FFA8B13C4437
:20FA2000B4420AD2257C204652464146002DF3D1C9F800403C44B442F4D3D9F80030002B73
:20FA400014BF01200220BDE8F087C9F80040BDE8F08700BF00487047E427002080B32DE925
:20FA6000F041DFF8648082B0CDE900184FF0000C0D4617461E46044603461C221148C8F851
:20FA800000C00321FFF7B8FF012803D0002002B0BDE8F081D8F800C08CF810002068E368FA
:20FAA0006168A26864460FC4D8F80000089B4361099B45748774C674836102B0BDE8F081A1
:20FAC00000207047343000200C280020F8B50C4B0C4E1C460546336003F15407237C204685
:20FAE000294623B1627CD20802F03EFF28B11C34BC423460F2D10020F8BD0120F8BD00BFF4
:20FB0000343000200C280020A0B130B583B00A4C01948022034600250092084825601C2204
:20FB20000321FFF769FF10B9206803B030BD002003B030BD0020704704280020382F0020E8
:20FB4000F0B4124B124F05461A463B60184603F15404002148F2FE0608E0437CAB420AD086
:20FB60001C30A0424FF001010CD00246037C002BF6D06B1CF1D10388B342F1D121B13A608B
:20FB8000F0BC704738600020F0BC7047382F00200428002000B370B582B0104D0195802374
:20FBA00000930446034600260D482E6012220721FFF722FF012802D0002002B070BD2B6816
:20FBC000187420686668A168E268186028685E609960DA6002B070BD0020704708280020F1
:20FBE000B02F0020002847D02DE9F04782B0234E01968023009388460346914604464FF093
:20FC0000000A1F48C6F800A01C220321FFF7F4FE0128054603D0002002B0BDE8F0873768F7
:20FC2000387420686168A268E3680FC7376887F81290B8F1000F16D1FD7412480122FF232D
:20FC40007A740373637B4373E389C38140F2FF2100224FF0807380E80E00FFF79BFF3068B8
:20FC600002B0BDE8F08787F813A0C7F81880F4F7C3FA78613768E0E7002070470428002023
:20FC8000382F0020F4270020A0B130B583B00A4C01948022034600250092084825601222A3
:20FCA0000721FFF7A9FE10B9206803B030BD002003B030BD0020704708280020B02F0020A8
:20FCC00038B50D4BFF221A73427B5A7304464FF0807140F2FF2000251860E289996018467D
:20FCE0005D60DA81FFF7D0FF044B186000B105740023237438BD00BFF4270020082800203D
:20FD000008B1FFF7DDBF704738B5124B124C1846236003F1540504E020681C30A8422060E9
:20FD200010D2037C002BF7D0C37C002BF4D11430FEF70EFC0028EFD020680028EDD0FFF7B4
:20FD4000BFFFE9E7FFF740FEBDE838400348F4F785BF00BF382F00200428002088300020E0
:20FD60002DE9F04F0B8848F2FE094B4505463BD00B78FF2B38D03A483A4E002302463060BA
:20FD800000F154089A4603E01C324245326022D0107C0028F8D0507C0128F5D1108848459E
:20FDA000F2D001F1FF3C571E00201CF801BF17F8014FA34500F1080E3FD15FFA8EF080280E
:20FDC000F3D1504528BF134602F11C0228BF824642453260DCD12BB31C460FCC2860696098
:20FDE000AA60EB60BDE8F08F1D4B1E4E1946336003F15404002048F2FE0705E01C33A34200
:20FE00004FF001000DD019461A7C002AF6D05A7C012AF3D11A88BA42F0D10028DCD0316057
:20FE2000DAE7336000232B806B80AB80EB802B816B81AB81EB81BDE8F08F00F1080E8BEA4F
:20FE400004045FFA8EFE670014F0800F00F1010CFCB2B6D15FFA8CF08645F4D1B1E700BFCC
:20FE6000382F0020042800200B684A688360037AC26083F002030372704700BF51F8083F15
:20FE80004A6803600378426083F0020303707047F8B5094B094E5F687568B8470446B8474A
:20FEA00023029CB2736814FA80F06D08B0FBF3F403FB14002844F8BDA8310100282F0020EB
:20FEC000F0B53C4A548813889088D1881589234303430B4354899089D1892B43234303430D
:20FEE0000B439BB283B023B9C2E90133FD21D3601160314E314CFFF72DFCFFF7DDFC542257
:20FF000000212F4802F066FD30464FF48472002102F060FD2B492C4B4FF4A0604EF66022E1
:20FF20004027306072601C20102286F806711A700870FFF7ADFF002539464FF47A77CDE963
:20FF40000055F76048F2FE072B46B0602A4686F80751C4E900752046FFF780FD1B4B18680E
:20FF6000596804F1080303C3237A2946012283F002032046237240F2FF26FFF733FE4FF09B
:20FF80008073E360C4E9015520462660FFF702FE4FF00073C4E90065C4E902532046FFF724
:20FFA000F9FD0B484FF4F05103B0BDE8F040F4F74BBE00BFE4270020282F0020F42700205C
:20FFC000343000203130002030300020A4300020883000202DE9F047DFF8548008F10803D4
:20FFE0000FCB84B06E4686E80F0098F8077000F089FD0E4B1C689CB1DFF838A0DFF83890CD
:020000040001F9
:2000000065683946304645B1BAF80030B9F800202C3B2C329BB24244A8472468002CEFD176
:2000200001F0D2FD04B0BDE8F08700BF10280020AC30002098300020422C0020F8B51C4F8F
:200040001C4A3B7E92F80621FA71FF2B22D007F1080696E80F00184D07F1180485E80F00C1
:2000600094E80F0086E80F0095E80F0084E80F00124C00F047FD23882833FA188120002105
:20008000F852518000F0FAFC23880D4A1344C0435880F8BD07F1080494E80F0007F11805D2
:2000A00085E80F0029462046FFF75AFEE0E700BFAC300020282F002018280020422C0020BA
:2000C000D430002008B5094B1B6863B11A7A8242FAD15A7A914201D0FF2AF5D15B6813B143
:2000E0009847002008BD012008BD00BF1428002001460148F5F708BD142800202DE9F84F41
:20010000494B1B783A2B05460E46174600F08480464C62892389A1891343E2890B43218A56
:200120001343628A0B43A18A1343E28A0B4313439BB2002B42D0237AFF2B3FD03C4BDFF8E0
:2001400004A11B6BDFF8F0B0DFF8F090984704F11808BAF800C098E80F000CF1300C1FFA5F
:200160008CFCBCF5A06F28BF4FF4A06C8BE80F000023ACF13002214604F13000AAF800C09F
:20018000A9F8003002F00CFC04F108030FCBDFF8B8E09BF800C09EF806E184F807E088E8A8
:2001A0000F004FF0600E3A23BCF1FF0FC4F800E0A37107D1042D01D1022E03D0BDE8F84FF1
:2001C00001F002BD1B481C4900F12408FFF7C8FDB9F800B00BF128033846E5541C44A8F197
:2001E0000405667001F0A8FCBAF8001048F80B00283989B2A8F12C0001F02AFDB9F8003024
:200200002B4400225A8000F039FCB9F800302B44C0435880BDE8F88F084A094B1288D3568E
:20022000002BFFF675AFC9E7652C0020AC3000203C310100B430002018280020422C0020BD
:20024000D430002098300020282F00202DE9F8439EB21D4B1D4C93F80631E3710546331DF8
:2002600060208846206099B220463A231746A37101F0EEFC2DB328686968AA68EB68DFF8D9
:20028000549004F118050FC504F10800A5F11001FFF766FDB9F8003028331A19002103F80C
:2002A00004805770518000F0E9FBB9F80030084A1D442C36C04368801680BDE8F843FEF702
:2002C000BFBFBDE8F88300BF282F0020AC30002098300020422C002008B505480549F5F794
:2002E00013FCBDE8084002480349F5F70DBC00BF142800202C020020200200202DE9F04FB7
:200300009C4E9D4FB6F800C039880CF140028A4285B003D8994CE379FF2B04D001F054FC3D
:2003200005B0BDE8F08F0CF12C0020440379FF2BF4D004F1280363445B78002BEED1DFF892
:2003400054A28F4DCAF800300CF1420E14238E452B8071DADFF8409204F1080B04F12C08B2
:2003600012E02B88B6F800C039880CEB030242440CF12C00527803EBC2039BB2C21802F167
:20038000020E8E452B8056DA63442C33E01840780028C3D0E35C012BE3D102F109038B4243
:2003A000BCDA61892389A0890B43E1890343208A0B43618A0343A08A0B43E18A03430B434A
:2003C00022449BB2CAF80020002BA7D052F8020F516802AB03C35846FFF738FA0246C9F890
:2003E000000098B1FFF720FA0146002896D0DAF800000822023002F0B7FA80B9D9F80030C4
:200400005A7C002AADD102225A74AAE705230190009302A902235846FFF7AAF9A1E702A955
:200420004846FFF7C5F90028FFF678AFD9F8003002225A7495E720440430FFF765FB514D3B
:20044000286000283FF46AAF62892389A1891343E2890B43218A1343628A0B43A18A134314
:20046000E28A0B4313439BB2002B3FF457AF464F3846FFF749FB00287FF450AF228B40F2F5
:20048000FF239A420CD1A28B638BE18B1343228C0B4313439BB21BB9638CB3F5807F57D074
:2004A000DFF8F8804046FFF72FFB2B6883427FF435AF97E80F0088E80F00338843441833FE
:2004C0000FCB87E80F0001F07FFB60232B482360282101F0BDFB328829682C4F02F128000D
:2004E00002F12C034FF63A7E4FF0880CE025A4F806E024F800C0E55440322344D1F800C00C
:20050000D1F80480D1F808E0C96819612518A018C3F804C0C3F80880C3F80CE0022100238E
:20052000D7F800E07F68A1544170C0F802E0C0F80670C0F80A30C3816B8000F09FFA338852
:20054000134A1344C2435A80502001F075FBE7E694F82430FF2BA3D197E80F0007F1100C4A
:200560008CE80F0033883B4428330FCB87E80F00A9E700BF422C002098300020AC3000204A
:200580003E2C002028280020B4300020A4300020D4300020302800202C280020C430002045
:2005A0000148FFF7A5BD00BF3802002010B5084B84B09B690C4601466846984721466846F6
:2005C000102202F0D1F9B0FA80F0400904B010BD3C310100014B1868704700BFC829002088
:2005E00070B50B4B1C6844B106460D4615B1A368B34205D02468002CF8D10024204670BD95
:2006000029462046FFF7D2FF0028F3D0204670BD3428002030B5114B87B005465B6901912B
:2006200002A8984701992846FFF7DAFF02A904462846FFF7D5FF5CB184420CD0102364697E
:2006400034B1A04207D0013BF9D1184607B030BD204607B030BD012007B030BD3C310100B7
:2006600070B515460646FFF7BBFF30B10446406918B115B183689E4200D070BD2946FFF76E
:2006800095FF0028F9D063683C2B84BF3C23636070BD00BF2DE9F8439146064698460F46AB
:2006A000FFF79EFF494604463046FFF799FF0546B9F1000F00D068B3E4B1C4E901863A4692
:2006C000394652F8083F52682261E3603046FFF7A1FF18B965612046BDE8F883304639466C
:2006E00066696561FFF796FF0028F4D166612046BDE8F8830D48F5F73DFB0446A0B1002369
:20070000436101460A48F5F7FFF90A4A136801331360D2E7024649464FF0FF333046FFF7D5
:20072000B9FF05460028C7D10024D4E74402002034280020C829002010B5044B04480024A0
:200740001C60F5F705FB034B1C6010BDC82900204402002034280020014B1868704700BF65
:200760003428002000B10068704700BF2DE9F047184F3D6895B1DFF86080DFF86090064605
:20078000BA462C462D68636853B15A1C04D0B3428CBF9B1B00236360002DF2D1BDE8F08751
:2007A0003B6813B905E01B681BB15A69A242FAD1F2E721465046F5F7F3F921464046F5F79D
:2007C000F5FAD9F80030013BC9F80030002DD8D1E4E700BF3428002044020020C8290020A9
:2007E000F0B50B4E346883B084B10A4D0A4F0194214630462468F5F7D3F901993846F5F78D
:20080000D5FA2B68013B2B60002CF0D103B0F0BD34280020C829002044020020013AF0B490
:200820008E18B1421DD2CF43F51925F001030D1D1D448A1C12F8024C12F8013C03EB042312
:200840009BB2184480B2834288BF013002F1020288BF80B2AA42EDD1F31923F0010302330E
:2008600019448E4201D0F0BC7047337800EB032080B2B0EB032F3CBF013080B2F0BC70479E
:2008800070B5134D82B00646284601F0E5F9114B1C88031B9BB2ADF80630BDF8063016FAD7
:2008A00083F005F10801202280B2FFF7B7FFBDF8062004F12801294492B2FFF7AFFF18B18F
:2008C00040BA80B202B070BD4FF6FF7002B070BDAC300020422C00202DE9F0414678C478AF
:2008E000F6000836231D9E4200F102021FDB0221DFF88880074602340D461378012B0AD04C
:20090000632B1FD0DBB103F0C003802B2FD0C02B21D0402B1CD02C44A5B26B1CB342294689
:2009200027DA7A19547802346319B342E5DD124B04200221D21AFFF7E1FB022009E001354B
:20094000ADB2EAE7D8F83830384698470028E2D10120BDE8F081084B197EFF29F8D0D21AFA
:2009600002210420FFF7CAFB0220BDE8F081024BF5E70020EDE700BFAC3000203C310100F7
:2009800070B41A4B1A4A1B8813441B7B03F0F004502C13D91B09053B9B00A2F128040025A8
:2009A000661996F83C20012A1DD0022A08D02AB196F83D2012B115449D42F1D370BC70474A
:2009C00096F83D30042BF9D196F83E3096F83F2040F2C44442EA0323A34228BF23460380F6
:2009E00070BC0B8070470135E6E700BF422C0020D430002030B4C478134A0C44E4B2D4706E
:200A0000837803EB1123DBB293704578557000781070B3EB112F03D20135EDB2557085B12C
:200A2000C9B28C420BDA0133DBB293703BB953780133DBB2537013B913780133137030BC87
:200A4000704701301070EBE7A030002010B5094C2368014603F11400FFF7CCFF064A2368DC
:200A6000507814789178D2781C7558759975DA7510BD00BFB8350020A03000203A20FFF73B
:200A8000FFBE00BF10B501F08FF9FFF719FAFFF723FCFFF785FD174B002203F1280023F84B
:200AA000022F83424FF00001F9D11348134B144C80F8251080F855204FF4806180F8852042
:200AC00080F8B52080F8E52080F8152180F8452180F875211A821A86A3F85020A3F8702040
:200AE000A3F89020A3F8B020A3F8D020A3F8F020218010BD3A370020BC350020683700203B
:200B0000402C002070B5164B1C8804B3154E328804F1270393421DDA134D144B04F1280183
:200B2000283A1B78AB71121B294405F1280001F037FF604200B201F061F8044640B1318833
:200B40002839284689B201F083F8204670BD0124204670BD002401F037F8204670BD00BF3E
:200B6000422C002098300020AC300020652C002010B4084C0023224602E00133142B06D084
:200B800032F8021B8142F8D1002224F813205DF8044B70473C37002010B4084C0023224680
:200BA00002E00133142B05D032F8021B0029F8D124F813005DF8044B704700BF3C370020F6
:200BC0002DE9F04F04288BB000F0AC80DFF8C8A2DFF8BC82DFF8C492A54CDAF80050C8F8E7
:200BE00000400328C9F8004026D0022800F0E280052800F090819F4B01931B88272B0FD98E
:200C000014F83C3C03F0F003602BA4F13C0407D1204601F021F8019B1B88834280F0978136
:200C2000954EDFF87CB200F0CFFF00238BF8003033700BB0BDE8F08F95F8253003F00F03CF
:200C4000032B00F03181022BEAD18C4A02921788894E884A01923C3C2837274400227A7346
:200C600004F12802039204F11802049201997B7340F202424CF20443BA82FB8240226023FA
:200C80000A803B732B7D3B726B7D7B72AB7DBB72EB7DFB722B7E3B716B7E7B71AB7EBB7149
:200CA000EB7EFB712B8A3B806B8A7B806023238095E80F00049F87E80F007149A1F11000D0
:200CC000FFF74EF895F82530039A13F0100F029B1B88134414BF00224CF20442DA81019B30
:200CE00068481988684B062593F80631E371283989B2A57100F0ACFF029F3B88283323443C
:200D000000221A825A822846FFF7BAFD3B88039A1A44C043108200236380002333700BB044
:200D2000BDE8F08F544EDFF87CB1BBF80030002B3FF477AF534C4F4A504D03F1080120464A
:200D4000303389B2138000F083FF504B29881B68BBF800201F7DE77128316018083252BA43
:200D60004FF01108002784F80680C78082801A8A6027278062525A8A42800FCB04F118078F
:200D800087E80F00394604F10800FEF7E9FF404B04F13C0240461A60FFF772FD2B88C043A3
:200DA000283380B22344002840F0CF804FF6FF72DA80B0E700F008FF364ADFF8E8B0D378C0
:200DC0000133DBB20021D370ABF8001063B993780133DBB293703BB953780133DBB253700D
:200DE00013B913780133137095F8253003F0FD02052A00F0A681002B3FF412AFAA8B002A4D
:200E000000F0C28195F82620511E85F82610002A7FF406AF95F82720082A00F0D981591E91
:200E2000012940F2D281042A104603F00F0328BF0420032181400132581E85F8272085F8A0
:200E4000261007283FF6ECAE01A252F820F000BF1B1101000B110100C310010097100100DC
:200E6000210C010097100100210C010097100100E830002098300020AC350020422C002017
:200E8000C4300020AC300020282F0020B0350020B4350020CC290020B83500209C300020AF
:200EA000642C002064370020AB8BAE4E002B7FF4B8AE0823DFF8C8B23370FEF74BFB33788C
:200EC00013F0200240F06B81D80600F19A81BBF80020002A40F0AF81D9F80030C8F8003099
:200EE00085F8272033789A077FF59BAE9E4B9F4C1F889F4902932837274410227A7304F14F
:200F000028023C23039204F11802019104920B8050233B73B6E6974B1B681B8A002B3FF4CC
:200F20007FAEDFF85CB292498E4E00230C3C0822C8F80040C9F80040ABF80030CAF800308D
:200F40000B803270FEF706FBEFE6D880E3E6204600F082FE283081B2019BB1F5A06F19802D
:200F60003FF65EAE844A00232046137000F0AEFE00283FF455AE237A7B49029104F1280249
:200F8000801AFF2B039208803FF44AAE0199774809880DF12702012300F064FE20B19DF858
:200FA0002730002B00F05981744B04931846FEF7ABFD002800F05A81019BDFF8C8B1198814
:200FC0006A48002501230DF127028BF8005000F049FE0546002842D09DF82730062B00F053
:200FE0004182112B00F0D9813A2B00F09381002B00F081812B3BDAB2112A31D8112B2FD8A9
:20100000DFE803F013112E2E2E2E2E2E2E2E2E2E2E2E2E2E11353046FFF732FC4FF6FF73D7
:20102000984200F0C5814F4EFDE59BF80030590716D4EA7843F004038BF80030002A40F06B
:20104000E384019B19882B1BC91A284689B200230DF1270200F006FE05460028BCD10025B7
:201060002A1B01210420FFF749F83E4E55E69BF800309E0740F149815806F1D443F04003EB
:201080008BF800302846FFF727FC0128CBD00228D7D1344E41E6354C334B0293344B019330
:2010A00004F1280303932F4E04F118030493029B1F882837274411237B73019A3C23138099
:2010C00026E7284E04233370FEF744FABBF80030D9F80020C8F80020002B3FF403AFAB8B96
:2010E000002B3FF4FFAE204A204C1788204902923C332837182227440B8004F128030393BF
:20110000A31801917A73049302E7174A02921788174A164C134E01929EE5144C124B0293F5
:20112000134B019304F1280303930E4E04F118030493029B1F882837274410237B731223A0
:2011400094E595F826300133DBB2782B85F826307FF466AD0023034EDFF828B085F8253081
:2011600061E500BFAC350020422C0020AC30002098300020B0350020652C0020C43000202D
:2011800064370020642C002003F00F03032BAA4E7FF447AD08233370FEF7DCF98FE6A74B53
:2011A000A74C1F880293A74B01932837002385F825302744ABF8003004F1280314220393FC
:2011C00004F118037A73049377E7052A7FF42BAE9A4C994E0294002385F825308023337004
:2011E000FEF7B8F92788964C964B01932837274414237B7304F12803039304F118030493F7
:201200005BE78E4B8E4C1F8802932837274411230120042185F82720A88385F825107B73CA
:2012200004F11803ABF80020049304F12802854B0392019341E7D90707D4AB8B2BB1ABF894
:201240000030002285F8272042E7EB8B9A4294BF1346ABF80030AB83F3E7FFF73DFB01281F
:201260003FF4DEAC02287FF49FAE12E70498FEF70BFD00287FF4A0AE237EFF2B3FF4D0ACD2
:20128000238B228948F2FE018B4200F082808A4262D06189A0890A43E1890243208A0A43F9
:2012A000618A0243A08A0A43E18A02430A4392B2002A3FF4B5AC628BA18BE08B13430B4360
:2012C000228C618C03431343A28C0B4313439BB223B9E38CB3F5807F3FF4A2AC019B1B8806
:2012E000B3F5A06F30D8E379012B40F28283013B514EE37111E59BF80030DF073FF5B0AE10
:2013000043F001038BF800309BE643F002038BF80030B7E61846FFF7B3FA4FF6FF73984248
:201320007FF481AE029B1B882833E218E05C5178FEF7C8FE012800F06483019B3E4E1B88EB
:20134000002B7FF4EAAC6EE44FF4A06200210220FEF7D4FE384EE0E4658BA18BE28B208C39
:201360002B430B431343618CA28C03430B4313439BB2002B00F088833348FEF7A7FB024689
:2013800000287FF44DAC02210120FEF7B7FE2A4EC3E49A427FF444ACEEE71E46FFF7B2FB91
:2013A000029B039A1B881A44D388002B7FF433AE029B1E88283626447588002D3FF433AECF
:2013C000224F234CDFF894B03C6005E0214B20349C423C6000F0B880238A002BF6D09D42B2
:2013E000F4D1638A2146102258461BB1B6F800C09C45EBD123682BB963681BB9A3680BB950
:20140000E3681BB101F0B0FA0028DFD101990A4E0B88DFF84CB0104AC8F80020303B0B80BA
:20142000002302213170ABF80030CAF80030C9F80020FEF78FF878E4AC350020422C0020B8
:20144000AC30002098300020C4300020B03500206837002068380020DC300020B4300020E0
:20146000643700201E46FFF74DFB3046FFF708FA4FF6FF7398427FF4D6AD029B1B8828337F
:20148000E7187E88002E3FF4CEADE35A0693002B3FF4C9ADB64D082329460593254605E03C
:2014A000059B013B01F13001059355D091F82540002CF5D00B8AB342F2D14B8A069A9342FA
:2014C000EED1AC480791102201F04EFA07990028E6D123462C460D46797BA74ECAF80050AE
:2014E0004A07307000F1DE82387B019A00091288800000F1270C9445BFF695AB283A121AB9
:201500001FFA82FE03F00F00019A0228A2F800E000F0C18201284ED0BEF1000F51D18A0706
:201520004FD1C90602D5A98B002967D1013807283FF679ABDFE810F01101A5003F012801A8
:20154000CB01BF0151008C00002204210120FEF7D5FD894EFFF7E1BB7B7B03F03F03022B32
:201560002C4640F0A782854A059B02E0142B00F0A18232F8021B8E4203F10103F6D1002205
:201580007B4B154605E00132082A03F1300300F0938293F82510002900F0B7820729F2D1AF
:2015A000002D00F0B78293F8260095F82610884288BF1D46E7E701F03F0CBCF1020FABD1A9
:2015C000AFE7B7F804C0AA8A944511D08B0704D501283FF4AEAD022806D0029B1F8828374F
:2015E000274410237B7368E541F00203FFF73EBBB7F806C0EA8A9445E8D192E705F11800EB
:20160000FFF7F8F9029B5E4A1B881178283323441F7A8F4200F0838195F8253003F00F026C
:20162000013A072A3FF6FFAA01A151F822F000BFF71801006B160100B717010089170100A2
:20164000CF180100B7180100DB150100511601003378DB077FF5E7AA002385F825301023BF
:201660003370FDF777FFFFF7DEBA3378DB0708D5029B039A1B8813445B7B03F03F03122BE9
:2016800049D020233370FDF765FFDAF80030002283F82520029B1888283023185A7B510712
:2016A0003FF5C1AA5F89DD799979DF80019F5A7993F809C0997241F2504E01354FF03C0880
:2016C000EDB2A7F80080A3F80CE01F7993F808E0DD725A7283F805C01F7283F804E04DB969
:2016E0000131C9B2997229B90132D2B25A720AB97A1C1A725988225A1E4D21525A8095E856
:201700000F00049F87E80F0005F110012846FEF727FBFFF7E4BA05F1200105F11E00FFF758
:201720002FF9029BDFF85CB01B8828331C440323A188E288A982EA8285F82530012000243C
:20174000FFF784F94223AC83337000F03DFAABF80040FDF7FFFEFFF7B2BB029B039A1B88A4
:2017600013445B7B03F03F03022B7FF45CAAE0E4BC350020B4300020AC3500203C370020F4
:20178000A030002064370020019B1888002840F08B80029B039A1B8813445B7B13F00103EE
:2017A00070D13278D00767D4019B1B88002B7FF414AFFFF738BA029A128828322244517BE2
:2017C000CF071FD5D8061DD4AB8B002B7FF42BAA019F3888013080B2FFF738F933783A8870
:2017E00043F01001317012B143F012033370FDF7B1FE01230822AB83002385F8252085F8D5
:20180000273054E489060FD5019F917CD27C388842EA01228242D8F8001028BF0246801A4F
:201820000A443880C8F80020019A108838B1DF0605D4337843F002033370FFF707F9029BCF
:201840002A8C1B8828331C44A17BE37B03EB01239BB29A4202D3002B18BF1A463378EA8370
:201860009C073FF4E0A9DFF8C8B20023ABF80030FDF770FEFFF723BB0522AB8385F8252075
:20188000FFF7D1B93378DF0711D50023072285F8252085F82630AB830120FFF7D7F8102329
:2018A0003370FDF757FE98E6FFF7D0F871E7062385F82530F0E73378DA077FF5B4A9072250
:2018C000002385F8252085F82630FFF7ACB9019B1888002840F08280029B039A1B8813442B
:2018E0005B7BDB077FF59FA90722002385F8252085F82630D0E73378DA077FF52EAF019B63
:2019000018880323402285F8253000233270AB830028A8D042233370FFF798F8A3E7517859
:20192000587A88427FF478AE92F802C0997A61457FF472AED278DB7A93427FF46DAE95F84B
:2019400027202F766876A976EB761ABB95F824C095F8267095F82200ACEB0703A3EBD00323
:2019600050FA83F15AB2C9B2002A85F822104FEAD00303DAA3EB0C033B445AB295F8233058
:20198000A3EB93031344DBB203EBD10185F8241085F8233095F8253095F8242085F8262088
:2019A00003F00F0201200021013A3070A983072A3FF639A901A151F822F000BFFF180100BE
:2019C0006B160100B717010089170100CF180100B7180100DB15010051160100FFF736F8E0
:2019E000029B039A1B8813445B7BD9077FF5DCAE7AE7002211460320FEF780FB464EFFF708
:201A00008CB900F0E1F898E4444BDB6B984700283FF426AB019B1B88B3F5A06F3FF694ACF1
:201A2000E379012BE5D9013B3D48E371FEF76CF800287FF415AB3A48FEF726F900287FF466
:201A40000FAB237EFF2B3FF40BAB238B628B13439BB2002B7FF41DABE18BA38B228C608C40
:201A60000B431343A18CE28C03430B439BB252EA03013FF4F5AA002B7FF40BABB2F5807F3A
:201A80007FF407ABFFF7ECBAE38CB3F5807F7FF473ACFFF7C5B801F03F0CBCF1120F7FF4ED
:201AA0003BAD3EE5202385F825003370FDF752FDFFF7B9B8184EEDE5002D3FF4B4AA194B8F
:201AC000DFF870C02E820FCBDCF800E0069E6E8285E80F004FF4806C1349BA88FB88C5F8A4
:201AE00018E00120A5F822C06962A883AA82EB82CAF80050FEF7AAFF05F1200105F11E00E4
:201B0000FEF73EFF044EFFF714BB084B302505FB0235D4E71D4636E5AC3500203C310100F5
:201B2000C4300020B430002003010300BC35002064370020CC290020054A030C02EA002239
:201B40005BBAC0F307209BB2104343EA0040704700FFFF0010B4184B1C680A46DCB1174BEA
:201B600017491B880B44E31AC3F5986304339A42A8BF1A46002A0BDD124B84421A8007D0E3
:201B80007CB1014692B220465DF8044B00F0FABE5DF8044B704740F2C4418A42A8BF0A46C6
:201BA000E8E7064B064C1B88014692B2E0185DF8044B00F0E7BE00BF9C300020422C00201B
:201BC000E83000206437002030B4074B074C084D0FCB84E80F000749074A00230B8013700D
:201BE0002B8030BC704700BFE0290020D029002098300020422C0020652C00200C490B8887
:201C00001A18B2F5A06F11D810B40A4C2288C24208D480B2024418440880228001205DF8DB
:201C2000044B704700205DF8044B70470020704798300020422C0020B0F5A06F98BF034A7E
:201C400003469ABF13800120002070479830002049BA8180704700BF0379407900EB0320B2
:201C600080B27047BBB1837913702823994219DB1278062A184417D0112A1BD03A2A1FD000
:201C80009A1C8A420ED84278D200083213449942B8BF00207047037813704378DB000833C7
:201CA0009942E5DA00207047142213449942B8BF00207047082213449942B8BF0020704753
:201CC000042213449942B8BF00207047F8B5012307461546FFF7C6FFD0B10E46044609E022
:201CE000BCF1110F12D0BCF13A0F0FD0FFF7BAFF044668B195F800C0E11B711ABCF1060FB8
:201D000020464FF000032A4689B2E9D12046F8BD00242046F8BD00BFF0B585B0012301920C
:201D20000DF10F02019D0746FFF79CFF04460E4668B91BE0BCF1060F1AD0BCF1110F17D0FE
:201D4000BCF13A0F14D0FFF78DFF044670B19DF80FC0E11B711AAC4520464FF000030DF13A
:201D60000F0289B2E6D1204605B0F0BD9DF80FC0AC4518BF0024204605B0F0BD07289ABFF8
:201D8000024B33F810000020704700BFD0290020072803469DBF034A012022F8131000206D
:201DA000704700BFD0290020054B00224FF6FF71C3E901221A60DA601A811980704700BF40
:201DC000E02900202DE9F04F0E4687B0002972D0002A74D013888146002B44D00024DFF885
:201DE000F4A0DFF8F4B0551CA046022709E0B8F1000F20DB53D008F10108102F17D0023734
:201E0000023515F8012C2B7803EB02239BB2002BEDD0B8F1000F0EDD4FF0FF38311B09EB0D
:201E200004005246FCF7F8FA0444A642E5D8204607B0BDE8F08F022F09D1311B09EB0400A4
:201E40005246FCF7E9FA0444A642D8D8EFE7311B09EB04005A460593FCF7DEFA0444A642E7
:201E6000059BDBD8E3E75388002BB7D19388002BB4D1D388002BB1D11389002BAED15489C1
:201E80004FF6FF739C42A9D1D57B947B537B0093CDE90145137B0C4AFCF7BEFAC8E7311BED
:201EA00009EB0400094AFCF7B7FA0444A642BED94FF00108A1E7084607B0BDE8F08F044A25
:201EC000FCF7AAFA0E20B3E7CC320100E0320100BC320100E8320100E432010041B94FF037
:201EE000A04303214FF40022C3F84C17C3F80C25704700BF30B40A4B0A4D1D604FF08052D8
:201F00000949146952695C6102FB04F20024C3E90244491B59601A6130BC0448EFF75CBBA4
:201F2000002A00200010000024340100EC3201002DE9F047032908D8DFE801F009342A0255
:201F40001B491C4A00230B701370BDE8F0871A4F1A4EDFF86CA08846814606E04022314672
:201F60005046F0F7FDFF0028EFD14846F0F7F4FF3B680546002BF1D00028EFD0444600E06D
:201F80003B68305D0134E4B29847A542F8D8E5E740220A490A48F0F7E3FF064B01221A7016
:201FA000BDE8F087024B00221A70BDE8F08700BF682C0020672C0020182A0020A42A00207A
:201FC00010330100083808B5062805D8DFE800F00E161F040404050008BD0F490F4A002311
:201FE0000B701370BDE80840EFF7D2BAF6F79CFB0028F1D1BDE80840EFF7C8BA0649074A21
:2020000000230B701370BDE80840EFF7D7BABDE80840EFF7BFBA00BF682C0020672C0020C9
:2020200008B5F1F719FE0948EFF70CFA00B108BD0748EFF7D1FA0028F9D1EFF78FFA0028A8
:20204000F5D1044A044B1070187008BD3433010010330100672C0020662C0020124B1B784F
:202060000BB32DE9F041114D2B78D3B9104E3378BBB10123DFF840800E4F2B703278414675
:202080003846F0F745FF044600F084F8002CF5D12B7823B100F07EF82B78002BFAD1002356
:2020A0003370BDE8F0817047672C0020682C0020662C002010330100E42A0020114B1B7836
:2020C000ABB1114B1A783F2A0DD810B419781A780E4C0132D2B21A701B786054402B0DD057
:2020E0005DF8044B70471B78402B05D0704703F0FF02054B1A707047FFF7B0BF5DF8044B6D
:20210000FFF7ACBF672C0020662C0020E42A0020014B1860704700BF182A00204FF0A0430D
:202120004FF49A510022C3F80815C3F80C25704700B5104B93E8070085B001AB83E80700EF
:202140000D491846F7F782FA48B90C48F7F7B8FA60B90B4B01221A7005B05DF804FBEFF761
:20216000ADF80648F7F7ACFA0028F2D0EFF7A6F8EFE700BF403301001D210100692C00206D
:202180006A2C0020024B1B7803B97047F7F78ABA6A2C0020034B1B7803B97047024B18781D
:2021A000F7F7B4BA6A2C0020692C002010B5038804463BB1A62B0BD1094B1B788B420BD096
:2021C000012010BDF3F7D0FAA6232380012010BD00230380032010BD1046F3F75DFAF3E7FC
:2021E000703800202DE9F0470026DFF8A0A0244DDFF89C9082B0074600F10108344606E040
:20220000002E20DB2FD001360234102C18D03A5D18F8043003EB02239BB2002BF0D0002EB1
:2022200011DD28684FF0FF36C0F5807152464844FCF7F2F82B6802341844102C2860E6D165
:2022400002B0BDE8F0870CB92868EDE728680D4A0193C0F580714844FCF7DEF82A68019BE3
:2022600010442860E0E72868074AC0F580714844FCF7D2F82B68184428600126C4E700BFE3
:20228000242B0020E4320100E0320100E8320100282B00202DE9F043B0F8483089B004462B
:2022A000002B67D05A3B9AB23F2A5CD83F2B5AD8DFE813F063005900590080005900590091
:2022C0005900590059005900B500590059004001590059005900590059005900590059002A
:2022E00059005900590059005900590059005900590059005900590059005900590059004E
:20230000CA00590059005900590059005900590059005900590059005900590059005900BC
:202320005900270159005900590040005900590059003D0100F12C059F4800F053FB9E495A
:2023400002462846F7F7EEFC01282FD99B4B00221A609923A4F84830994928461122F7F7FB
:20236000E1FC012822D900230320A4F8483009B0BDE8F0835A23A0F8483004F12C059149A4
:2023800028463F22F7F7CEFC01280FD98B4E8A4833688D4AC3F580711844FCF73DF83368C0
:2023A0005D2218443060A4F8482005E0002009B0BDE8F08300F12C057F4800F013FB7E492A
:2023C00002462846F7F7AEFC0128EFD97B4E7F4F00233360FDF72EFA3860002800F0CE8057
:2023E0003068DFF8D4817A4AC0F580714044FCF713F833680246134438683360FFF7F2FEDA
:202400003168744A08EB0100C1F58071FCF704F83368642218443060A4F8482001E000F1F8
:202420002C05654800F0DEFA634902462846F7F779FC0128BAD9654F604E386800233360BD
:20244000FDF7FEF93860C8E700F12C055A4800F0C9FA594902462846F7F764FC0128A5D986
:20246000564E5D4F00233360FEF776F93860002800F093804369002B55D0584BDFF8388100
:20248000D3F8189001466846C8473B6804A85969C84730684E4AC0F580714044FBF7BCFF9E
:2024A00033680246134468463360FFF79BFE31684B4A08EB0100C1F58071FBF7ADFF336810
:2024C0000246134404A83360FFF78CFE31683B68444A5B6808EB0100C1F58071FBF79CFFE9
:2024E00033683C4A034408EB0300C3F580713360FBF792FF3368912218443060A4F8482081
:2025000001E000F12C052C4800F06CFA2A4902462846F7F707FC01287FF648AF2E4F274E4D
:20252000386800233360FEF71DF938609FE700F12C0511E7204F00F12C051F4800F052FACE
:202540001D4902462846F7F7EDFB01287FF62EAF1A4E00233360FEF73DF800287FF7F9AE81
:202560003168214A7818C1F58071FBF755FF3368802218443060A4F8482067E730680E4F6A
:202580001A4AC0F580713844FBF746FF3368672218443060A4F84820CFE733680648144A6D
:2025A000C3F580711844FBF737FF3368952218443060A4F84820BFE6282B0020242B002025
:2025C000F43301004C3301008C3301002C2C0020A0330100AC330100282C00203C31010085
:2025E000D8330100E4330100C0330100B4330100EC330100004870479522010008B5074BF5
:20260000044613B10021AFF30080054B1868836A03B19847204600F029F800BF00000000E3
:202620001434010070B50D4D0D4C641BA4100026A64209D10B4D0C4C00F0F0F9641BA410A2
:202640000026A64205D170BD55F8043B98470136EEE755F8043B98470136F2E7D402002081
:20266000D4020020D4020020D8020020FEE700BF53B94AB9002908BF00281CBF4FF0FF315F
:202680004FF0FF3000F06EB9ADF1080C6DE904CE00F006F8DDF804E0DDE9022304B07047DE
:2026A0002DE9F047089D04468C46002B40F083808A42174647D9B2FA82F242B1C2F120007F
:2026C00024FA00F09140974040EA010C94404FEA1748230CBCFBF8F61FFA87FE08FB16C155
:2026E00043EA014306FB0EF1994209D9FB1806F1FF3080F01981994240F21681023E3B4406
:202700005B1AA4B2B3FBF8F008FB103344EA034400FB0EFEA64509D93C1900F1FF3380F0E1
:202720000581A64540F2028102383C4440EA0640A4EB0E0400261DB1D4400023C5E900438C
:202740003146BDE8F08702B9FFDEB2FA82F2002A50D1CB1B4FEA174E1FFA87F80126B3FBF2
:20276000FEFC210C0EFB1C3341EA034108FB0CF38B4207D979180CF1FF3002D28B4200F26C
:20278000E9808446C91AA3B2B1FBFEF00EFB101143EA014408FB00F8A04507D93C1900F192
:2027A000FF3302D2A04500F2D9801846A4EB080440EA0C40BFE78B4209D9002D00F0B180D1
:2027C0000026C5E9000130463146BDE8F087B3FA83F6002E4AD18B4202D3824200F2B8801C
:2027E000841A61EB030101208C46002DA8D0C5E9004CA5E7C2F1200320FA03F6974001FA12
:2028000002F04FEA174ED9403043030CB1FBFEF61FFA87F80EFB161143EA014306FB08F1BA
:20282000994204FA02F409D9FB1806F1FF3C80F08D80994240F28A80023E3B445B1A81B2A7
:20284000B3FBFEF00EFB103341EA034100FB08F38B4207D9791800F1FF3C73D28B4271D965
:2028600002383944CB1A40EA064678E7C6F1200C03FA06F422FA0CF31C4320FA0CF701FA7B
:2028800006F34FEA144E21FA0CF11F433B0CB1FBFEF91FFA84F80EFB191143EA014109FB05
:2028A00008FA8A4502FA06F200FA06F308D9611809F1FF3048D28A4546D9A9F102092144CB
:2028C000A1EB0A01BFB2B1FBFEF00EFB101147EA014700FB08F8B84507D9E71900F1FF31BA
:2028E0002ED2B8452CD90238274440EA0940A7EB0807A0FB02894F45C64649461AD317D0F4
:202900005DB1B3EB0E0267EB010707FA0CFCF2404CEA0202F740C5E9002700263146BDE8DE
:20292000F0872E4628460BE70646E9E61846FDE64345E5D2B8EB020E69EB04010138DFE7A6
:202940000846D2E760468DE78146B9E7664675E730464AE7ACF1020C394413E702383C4464
:2029600024E700BF704700BF30B501390024A24201D1002005E0035D01340D5DAB42F6D067
:20298000581B30BD0A44914200F1FF3300D1704710B511F8014B03F8014F9142F9D110BD3C
:2029A000884210B501EB020402D98442234607D8431EA14208D011F8012B03F8012FF8E752
:2029C000024401468A4200D110BD13F8014D02F8014DF7E702440346934200D1704703F89A
:2029E000011BF9E7034613F8012B002AFBD1181A0138704710B50139034632B111F8014FBF
:202A000003F8014B013A002CF7D11A440021934200D110BD03F8011BF9E70000F8B500BFEB
:202A2000F8BC08BC9E467047F8B500BFF8BC08BC9E46704701000001010101005913000093
:202A400008000000090000000A0000008500000080000000810000000D0000000E000000BA
:202A60000300000003000000CD2B00004D1F0000000000000000000000000000A003002029
:202A80009C2A010001000203008000000F000000090200000001048032000000F9310000EE
:202AA00000000000000000000000000000000000120100020000004015190F52000101022E
:202AC00003010000F92F000000000000FD2F0000AC030020913B0000653700000000000067
:202AE000000000000000000025303468582530386C58000000000403090400004E6F726495
:202B000069632053656D69636F6E647563746F72000000006E52463532205553422043444C
:202B200043206F6E20436F6E74696B692D4E470044656661756C7420636F6E666967757260
:202B40006174696F6E0000005573657220310000F42A0100FC2A0100142B01006C2C00202C
:202B6000302B0100482B01000001020304050000427574746F6E203100000000060001089A
:202B800000010901010C0001494E464F000000005B252D34733A20252D3130735D2000009F
:202BA00052504C2D426F7264657220726F757465722073746172746564000000576169742F
:202BC000696E6720666F72207072656669780000496E6974696174696E6720676C6F62616D
:202BE0006C2072657061697200000000427574746F6E20707265737300000000426F726476
:202C0000657220726F757465722070726F6365737300000052504C2042520000436F6E74C7
:202C2000696B692D4E4720426F7264657220526F757465722073746172746564000000005F
:202C4000436F6E74696B692D4E4720426F7264657220526F7574657200000000780000202A
:202C600000000000427574746F6E2048414C2070726F636573730000FF00060000000000BF
:202C800000B000400B0003004D61696E000000005374617274696E6720436F6E74696B6974
:202CA0002D4E472D72656C656173652F76352E312D38312D676164306430373338312D64F4
:202CC00069727479000000002D20526F7574696E673A2025730A00002D204E65743A202508
:202CE000730A00002D204D41433A2025730A00002D203830322E31352E342050414E4944D4
:202D00003A203078253034780A0000002D203830322E31352E342044656661756C74206361
:202D200068616E6E656C3A2025750A004E6F64652049443A2025750A000000004C696E6B60
:202D40002D6C6179657220616464726573733A200000000054656E746174697665206C6920
:202D60006E6B2D6C6F63616C204950763620616464726573733A200043534D410000000059
:202D8000782D0100C94800001548000019480000BD470000C9470000D54700004374696D01
:202DA00065722070726F6365737300004576656E742074696D657200E5520000DD52000074
:202DC000215100002F6E6F74666F756E642E68746D6C00003C68746D6C3E3C626F647920C9
:202DE0006267636F6C6F723D227768697465223E3C63656E7465723E3C68313E3430342045
:202E00002D2066696C65206E6F7420666F756E643C2F68313E3C2F63656E7465723E3C2F41
:202E2000626F64793E3C2F68746D6C3E00000000436F6E74656E742D747970653A2074654B
:202E400078742F68746D6C0D0A0D0A00485454502F312E3020323030204F4B0D0A536572C9
:202E60007665723A20436F6E74696B692F322E3420687474703A2F2F7777772E736963735A
:202E80002E73652F636F6E74696B692F0D0A436F6E6E656374696F6E3A20636C6F73650D39
:202EA0000A000000485454502F312E3020343034204E6F7420666F756E640D0A536572760E
:202EC00065723A20436F6E74696B692F322E3420687474703A2F2F7777772E736963732E42
:202EE00073652F636F6E74696B692F0D0A436F6E6E656374696F6E3A20636C6F73650D0AFD
:202F0000000000002F696E6465782E68746D6C00000000000000000025730000284E554CD8
:202F20004C204C4C206164647229000025303278000000006E5246353238343020494545AE
:202F40004500000045525200546F6F206C6F6E673A2025752062797465732C206D61782054
:202F600025750A0054583A20746F6F206C6F6E6720282575206279746573290A0000000029
:202F80006E5246353238343020494545452052462064726976657200556A00003167000035
:202FA00061690000416A0000D96500000D680000C1640000E16A0000E5670000D9620000F2
:202FC000FD6200006968000029650000296400000000000002030405060708090B0000006F
:202FE00008010C011001140118011C01200124012C0100000C0D0E0F10111213140000005C
:203000003001340138013C014001440148014C015001000081770000B5770000617F000063
:2030200071800000B5800000F98000003D810000E97F00002D800000A57F0000357A00004B
:20304000E57E0000118B00007982000081810000FD810000F18200006D830000E983000027
:20306000017E00007D7E0000B9770000797800006D8C0000657D00005365727665722049FA
:20308000507636206164647265737365733A0000202000004A6F696E000000004C6F6361CD
:2030A0006C2072657061697200000000506F69736F6E20726F757465730000005369676E36
:2030C00069666963616E742072616E6B2075706461746500476F7420706172656E740000CF
:2030E0004865617264206F6C642076657273696F6E2066726F6D20726F6F74004D756C740D
:20310000696361737420444953000000526561636861626C65000000496E697420726F6F20
:203120007400000044414F206D6178207274780052504C204C697465000000003031010065
:20314000A1C30000D5A00000EDA000006DA100003DA4000011C40000C1A4000035C30000E8
:203160004DC300003DA5000051A5000049AC000005AD0000B9AB0000C1A9000051A90000F8
:20318000E1C3000069C3000041C400006DC3000053656E736F72730053657269616C206459
:2031A000726976657200000075C800000DC80000736963736C6F7770616E0000002B2C3CFF
:2031C000FE800000B0310100B1C8000079D50000BDCD0000000140FF008882800F282220FB
:2031E0000F252321303132333435363738396162636465660000000055DF00001DDF0000C5
:20320000534C49502064726976657200537461636B000000436865636B206661696C656471
:203220003A2025752076732E2025750A00000000537461636B20636865636B0030313233C5
:203240003435363738394142434445460000000030580000307800002D0000002B0000000A
:2032600020000000286E756C6C2900002500000020202020202020202020202020202020FD
:20328000303030303030303030303030303030305443502F495020737461636B0000000049
:2032A00054656D706572617475726500A0320100F9F50000E1F50000F5F50000284E554CE8
:2032C0004C20495020616464722900003A3A464646463A25752E25752E25752E257500004D
:2032E0003A3A00003A00000025780000F0290020D42A0100010200000F0000000000000039
:203300001001000050020020002A0020DD1E01001C2A0020682A0100020001060102048259
:20332000810100000000010181000000311F0100D202002000000000C51F0100000000005E
:2033400001000000D0070000060000003C68746D6C3E0A20203C686561643E0A2020202080
:203360003C7469746C653E436F6E74696B692D4E473C2F7469746C653E0A20203C2F6865D1
:2033800061643E0A3C626F64793E0A0020204E65696768626F72730A20203C756C3E0A005E
:2033A000202020203C6C693E000000003C2F6C693E0A000020203C2F756C3E0A00000000E2
:2033C0002020526F7574696E67206C696E6B730A20203C756C3E0A002028706172656E7403
:2033E0003A200000292025757300000020203C2F756C3E000A3C2F626F64793E0A3C2F6815
:20340000746D6C3E0A000000576562207365727665720000700200200000000024DEFE7F31
:2034200001000000000000004913000000000000000000000000000000000000000000002F
:2034400000000000000000000000000000000000000000000000000000000000000000006C
:20346000000000000000000000000000702B01000100000001010600000000001000002077
:203480000000000000000000FC2B0100553D00000000000000000000402C01004D3E00007A
:2034A0000000000000000000642C0100953E0000000000000C0008009C0400203C04002074
:2034C0003800020018050020A80400200C0008007C0500201C050020000000009C2D0100E9
:2034E000054900000000000000000000AC2D0100154B00000000000094000800340A00204A
:2035000094050020000000000C000000000000003C0A0020030000000C001000F00C002045
:20352000300C002000000000802F0100C16600000000000000001A0102140214AC32010032
:20354000000000003D9A000000000000040008006412002044120020AA000800BC170020D7
:203560006C12002000000000B9AF00009B03000000000000F9AF00009B0200000000000062
:2035800029B100009B01000000000000BDB300009B00000035B8000045B8000001B9000006
:2035A00019B9000059B80000D1B8000045B9000039B8000001000000A001002000000000EE
:2035C0000800000000000000D4170020000000009031010051C600000000000000000000FF
:2035E0009831010045C7000000000000000000000032010031E000000000000000000000B1
:2036000030320100CDE40000000000000090D0030000000090320100C1F3000000000000BC
:203620000000000012000000000000007C26002020000200E0270020A02700200000000086
:20364000D5FF000081FF0000000000003D00010080FF000000000000FD02010087FF0000D3
:2036600018001000B829002038280020436F6E74696B692D4E47204446550000000000000F
:2036800008340100AD2101000000000000000000000000000000000000000000000000001E
:2036A00000000000000000000000000000000000000000000000000000000000000000000A
:2036C0000000000000000000000000000000000000000000000000000000000000000000EA
:1836E000000000000000000000000000CDAB1000251200000112000000
:04000005000052EDB8
:00000001FF
