:020000040000FA
:20100000000004206D6E0000956E0000976E0000996E00009B6E00009D6E000000000000AE
:201020000000000000000000000000009F6E0000A16E000000000000A36E0000A56E000070
:20104000658E0000658400007D070100A76E0000A76E0000A76E0000018B0000A76E00004F
:2010600055DD0000A76E0000A76E0000758F0000A76E0000758E0000A76E0000A76E0000CE
:2010800081AF0000A76E0000A76E0000A76E0000A76E0000A76E0000A76E0000A76E00008D
:2010A000A76E0000A76E0000A76E0000A76E0000A76E0000A76E00000000000000000000B2
:2010C000A76E0000A76E0000A76E0000A76E0000A76E0000A76E0000A76E000065A7000071
:2010E000A76E0000A76E0000A76E00000000000000000000A76E000000000000A76E000087
:201100000000000000000000000000000000000000000000000000000000000000000000CF
:201120000000000000000000000000000000000000000000000000000000000000000000AF
:2011400000000000000000000000000000000000000000000000000000000000000000008F
:2011600000000000000000000000000000000000000000000000000000000000000000006F
:2011800000000000000000000000000000000000000000000000000000000000000000004F
:2011A00000000000000000000000000000000000000000000000000000000000000000002F
:2011C00000000000000000000000000000000000000000000000000000000000000000000F
:2011E0000000000000000000000000000000000000000000000000000000000000000000EF
:20120000D0B5038804463BB15C2B0DD188290FD082290DD00120D0BD80211D4805F0DEFA8A
:201220005C2323800120D0BD002303800320D0BD03F040FFE8B903F021FF02460B4652EACD
:20124000030116D010A7D7E90067D90141EA5261D0018F4208BF86420FD3002908BFB0F566
:201260007A7F0DD34FF47A72002311F0A3FA0146D3E708480AF0F6F9D2E74FF4F051CCE77B
:201280000121CAE7AFF30080E7337500000000009C0B00201001002010B5054C237833B935
:2012A000044B13B10448AFF300800123237010BDA008002000000000F035010008B5034B30
:2012C0001BB103490348AFF3008008BD00000000A4080020F0350100A3F5803A704700BF0A
:2012E000174B002B08BF134B9D46FFF7F5FF00218B460F461348144A121A11F00DFC0E4BE0
:20130000002B00D098470D4B002B00D098470020002104000D000D48002802D00C48AFF32A
:20132000008011F021FA2000290004F035FD11F007FA00BF000008000000000000000000D9
:201340000000042058030020D8320020000000000000000038B504460088992817D09F2896
:2013600006D018B100232380032038BD05F036FE0D4D2B781BB99F232380012038BD0B4828
:20138000402105F02BFA99232380012038BD074BD86808B1012038BD034D2B78002BEAD024
:2013A00005F048FEE5E700BF56280020CC08002000B50B4B0B4A1B680B4883B04FF4B44134
:2013C0000093002305F0B2F8084A0949094809F0EDFF094803B05DF804EB0AF053B900BFD1
:2013E000C029002041150000DC080020742B0100842B01008C2B01009C2B010070B503880A
:2014000004465BB1AF2B22D13C4B1B788B4222D0882945D0AF232380012070BD384A394943
:20142000394809F0C3FF394809F0C0FF042005F027FE3749374803F021FB3748374903F0F9
:201440001DFBFFF7B5FFAF2323800120E5E700230380032070BD92F84B50002DDAD1304BFA
:201460001A78002A43D02F481D7005F0D3F9244A2449254809F09AFF2B480AF003F92B4B1F
:201480001A78002AC6D028461D7005F0A7FD1C4A1C491D4809F08AFF25480AF0F3F8B9E7C2
:2014A000204B9A42B6D11E4B1A78002AB2D0144A144915481F4D00261E7009F077FF1E48AA
:2014C0000AF0E0F82B78002BA4D0FFF771FF02202E7005F00FFE042005F0D2FD084A094944
:2014E000094809F063FF15480AF0CCF892E701220C481A70402105F071F98BE7D032002057
:20150000742B0100842B01008C2B0100BC2B0100D42B0100180000204C000020182C0100F2
:2015200055280020BC080020DC2B010056280020202C010054280020442C0100842C010079
:2015400000B5114B1A7883B062B1104B104A1B680093104800234FF4B44104F0E7FF03B097
:201560005DF804FB012204201A7005F0C3FD022005F086FD084A0949094809F017FF0948A2
:201580000AF080F8E1E700BF54280020C029002041150000DC080020742B0100AC2C0100DA
:2015A0008C2B0100B42C010030B585B00D4601900024FFF7FDFE0198039403A904F0D6FBDE
:2015C000A04223DD039B1B78312B06D0302B1DD11B4B1A7802BB05B030BD194B1A78002A06
:2015E000F9D1012204201A7005F084FD022005F047FD144A1449154809F0D8FE14480AF042
:2016000041F82846442104F04FFBE4E72846802104F04AFB05B030BD02201C7005F06AFDC1
:20162000042005F02DFD074A0749084809F0BEFE08480AF027F82846442104F035FBCAE7B0
:2016400054280020742B0100842B01008C2B0100FC2C0100182D0100F0B583B00C461546F2
:201660000193FFF7A5FE0C4A0C4E17780C4B0D4A0199002F08BF334628460DF0F1FF0021CB
:201680000190204604F022FB019A2946204603B0BDE8F04004F076BB542800203C2D01001F
:2016A000382D0100402D0100F0B583B00C4615460193FFF77DFE0C4A0C4E17780C4B0D4ADF
:2016C0000199002F08BF334628460DF0C9FF00210190204604F0FAFA019A2946204603B0AB
:2016E000BDE8F04004F04EBB562800203C2D0100382D0100502D010030B585B00D4601902E
:201700000024FFF755FE0198039403A904F02EFBA04220DD039B1B78312B06D0302B1AD1DB
:20172000184B1A78EAB905B030BD164B1A78002AF9D1012214481A7009F094FF134A144939
:20174000144809F033FE144809F09CFF2846442104F0AAFAE7E72846802104F0A5FA05B083
:2017600030BD20461C7005F039FC084A0849094809F01CFE094809F085FF2846442104F0C4
:2017800093FAD0E7562800203C000020742B0100842B01008C2B0100602D01007C2D0100CB
:2017A00000B585B00346002101AA44F20100CDE90111039300F004F805B05DF804FB00BFE1
:2017C00072B6094B1B68DB0700D500BEBFF34F8F0649074BCA6802F4E0621343CB60BFF3C7
:2017E0004F8F00BFFDE700BFF0ED00E000ED00E00400FA050378052B02D0094B1B68184769
:20180000084BD3F88424D3F8803413F0FF0FF4D1054BD2B2052A08BF1846014B1B68184757
:20182000FC08002000700240002E0100014B02481B681847FC080020042E0100012803D0D8
:20184000022809D020B17047054B06481B681847034B05481B681847014B04481B68184786
:20186000FC080020F82D0100F42D0100FC2D01002DE9F04F87B0002504460F4690469946CD
:20188000029500E001356268012356682146002202A8B0470028F5D18DF80600049065B3A0
:2018A000824683460AE09DF806306668023B7668B0479DF806309B445D451ED962680123D1
:2018C000566821460DF1060204A8B04762680123566821460DF1070204A8B0479DF80730B1
:2018E000BB424FF00002214604A8DCD1D04508D00AF1010A5FFA8AFAD5E7052007B0BDE8DD
:20190000F08F109A9DF80630136089F8003089F801706168023B4D6809F102022146A847AE
:20192000002007B0BDE8F08FF0B5054683B03B4808F044FA044610B1204603B0F0BD384A7D
:201940003849394B14700C604822214637481C6011F0E2F836482146482211F0DDF8002D99
:2019600054D095E80700334B83E80700002847D0002006F071FE08B1852844D12E4D2B7A70
:20198000002B49D0013BDBB205F10C024FF0030E6E68274FDFF894C01EFB032E05F1090422
:2019A0006378EBB1A278611C1144013B51FA83F1224408E003F00F0307EBC30391421D606E
:2019C000306858600CD012F8013B1806F2D503F00F030CEBC30391421D6030685860F2D18B
:2019E00003347445DCD10B238DF804301248336801A99847044600289ED008F021FA9BE770
:201A00000E4A1A60B4E7FFF7CBFEB7E7094B0B4A5D601D721A60ABE76E68E4E7F51700004E
:201A200058280020980900209C0900200809002050090020FC080020302E0100051E000030
:201A400010B508F017FB68B108F01CFB044648B9064806F015FE034628B1FFF7A1FE2346CD
:201A6000184610BD0823184610BD00BFF02D010008F0F0B909F0EEB84FF0804303E0D3F818
:201A80003824D10707D5D3F838249207F7D5024B02481B6818477047FC080020082E01001F
:201AA00000B5054B83B082221B688DF8042001A8984703B05DF804FBFC0800202DE9F04322
:201AC000057A83B0002D5ED005F1FF3E5FFA8EF300F10C024FF0030E00F10901334FDFF849
:201AE000D4C01EFB032E0C4666780022964204EB020319D094F8028013F9089013F808300C
:201B0000B9F1000F0BDB03F00F0307EBC3031B680132002BEAD0112003B0BDE8F08303F0DF
:201B20000F030CEBC303F2E70334A645DCD100261E4FDFF880C0324602EB42020A445378C2
:201B4000EBB1002423460CE003F00F0307EBC303186045682D685D6055780134E3B29D42C6
:201B60000CD99578134413F905E05B5DBEF1000FEADA03F00F030CEBC303E9E7057A0136A9
:201B8000F2B29542D8D80A4A13681BB11A681368002BFBD1106043680B228DF804201B6817
:201BA00001A9984703B0BDE8F08300BF500900209809002008090020024B1878003818BFBB
:201BC0000120704757280020030710B5044604D52046BDE8104008F0D5BE08F0EDFB204670
:201BE00008F028FF2046BDE8104008F0CBBE00BF09F00EB9014B1868704700BF9809002068
:201C0000F0B40E4B1F688FB13E7A96B100231C463A4602E0DCB2A6420BD9557A854203F136
:201C2000010302F10302F5D101B10C703846F0BC70473B681F68002FE6D1F7E79809002024
:201C4000436811461B68184700F00F03082B0AD802064CBF054A064A02EBC303186810B1E3
:201C600043681B6818471020704700BF080900205009002038B5094B1C6864B1054602E080
:201C800023681C683CB1636829461B68204698470628F5D038BD062038BD00BF98090020C3
:201CA00038B50D46044608F059FA18B1054B1B78022B01D0082038BD29462046BDE8384096
:201CC00008F05CBA5828002038B50D46044608F045FA18B1054B1B78022B01D0082038BDCE
:201CE00029462046BDE8384008F0DABA58280020F8B543689B6805460C4616461BB19847C7
:201D0000062800D0F8BDEEB92B7AA3421CD9093504EB44042C44677897B133463A469A4209
:201D20000BD9A378A2190136D05CFFF74DFFF3B2BB4205D262789A42F3D800231B78FFDEB7
:201D40000020F8BD0720F8BD7378FFDE70B54368DB6805460C4603B198472B7AA3421AD94A
:201D6000093504EB44042C4466789EB100252B46324693420BD2A37862190135D05C09F0A0
:201D800047F8EBB29E4205D962789342F3D300231B78FFDE70BD00235B78FFDE43681B6972
:201DA00003B118471846704770B50A4B1D687DB12E7A4EB100242146013400222846FFF7E1
:201DC00097FFE1B2B142F7D32B681D68002DEFD170BD00BF9809002070B5094B1D6875B147
:201DE0002E7A46B10024214601342846FFF7AEFFE1B2B142F8D32B681D68002DF0D170BDEF
:201E00009809002070B503780446852B00F2BF80DFE813F00002B201BE003A026602E30072
:201E2000EA00BD00040117012A01BD00BD00BD00BD003D01BD00BD00BD00BD00BD00BD0013
:201E4000BD00BD00BD00BD00BD00BD00BD00BD00BD00BD00BD00BD00BD00BD00BD00BD00B2
:201E6000BD00BD00BD00BD00BD00BD00BD00BD00BD00BD00BD00BD00BD00BD00BD00BD0092
:201E8000BD00BD00BD00BD00BD00BD00BD00BD00BD00BD00BD00BD00BD00BD00BD00BD0072
:201EA000BD00BD00BD00BD00BD00BD00BD00BD00BD00BD00BD00BD00BD00BD00BD00BD0052
:201EC000BD00BD00BD00BD00BD00BD00BD00BD00BD00BD00BD00BD00BD00BD00BD00BD0032
:201EE000BD00BD00BD00BD00BD00BD00BD00BD00BD00BD00BD00BD00BD00BD00BD00BD0012
:201F0000BD00BD00BD00BD00BD00BD00BD00BD00BD00BD005101860060011C02E301E30041
:201F20008C4B8D49D3E9000290478C4B1C684CB1894D636820461B682946984723681C6820
:201F4000002CF6D1864C63680BB10D209847FFF743FF01F075FB834B1B68002B00F0FD81A6
:201F60000120814D08F054F82A78931EDBB2062B00F215827D49CB5C13B106F053FB2A78FD
:201F8000022A40F00C8208F0BFF801232B7070BD754D2A78931EDBB2062B00F2CD817349ED
:201FA000CB5C13B106F03EFB2A78022A40F0C48108F0AAF86A4B5B6803222A700BB1022015
:201FC0009847664B1D6845B16B6828461B68214698472B681D68002DF6D15E4B2146D3E914
:201FE0000002BDE87040104790F902308278002BB4BF5F4B574B02F00F0203EBC203D3E922
:202000000002214690470028C1D0A0780207BED00307BCD4BDE8704008F0A0B9504B5B687A
:202020000BB1082098474D4B1D68002DAFD06B6828461B68214698472B681D68002DF6D1FE
:20204000A5E7474B5B680BB109209847434B1D68002D9CD06B6828461B68214698472B6892
:202060001D68002DF6D192E73D4B5B680BB10A2098473A4B1D68002D89D06B6828461B680A
:20208000214698472B681D68002DF6D17FE7344B5B680BB10F209847304B1D68002D3FF41C
:2020A00076AF6B6828461B68214698472B681D68002DF6D16BE72C4C2378062B00F04F818F
:2020C00003F0FD03052B7FF462AF08F027F80223237070BD244DFFF77FFE08F0AFFD2A7833
:2020E000931EDBB2062B31D82049CB5C13B106F099FA2A78022A29D108F006F8174B1C68E7
:2021000000232B704CB11B4E636820461B683146984723681C68002CF6D10E4B1549D3E91C
:20212000000290470E4B5B680BB10E2098472B78023BDBB2062B3FF62AAF0C4AD35C002B85
:202140003FF425AFBDE8704006F06CBA082AD5D1D2E700BF500900200C2E01009809002042
:20216000FC0800209C09002058280020E82D010008090020102E01009C4DFFF72DFE01F055
:2021800055FA2A78931EDBB2062B00F2D9809849CB5C002B00F0D480022A03D0082A01D01B
:2021A00007F0BCFF934B5B6802222A700BB101209847914B2146D3E9000290478F4B1D681B
:2021C000002D3FF4E4AE6B6828461B68214698472B681D68002DF6D170BD844D2B78032B28
:2021E00000F0C68007F058FF00283FF4D0AE2A78931EDBB2062B40F2EB80814806F0E4F938
:202200002A78022A01D0082A01D107F07DFF06232B7070BD754B1B78032B00F0A580082BEE
:2022200000F0A280734B5B680BB100209847754B1D68002D3FF4ABAE6B6828461B68214627
:2022400098472B685D68002DF6D170BD674D2B78032B7FF49CAE08F02DFD00283FF497AE22
:202260002A78931EDBB2062B00F2BB806049CB5C13B106F0D7F92A78022A40F0B28007F09F
:2022800043FF04232B7070BD584D2A78082A5CD0931EDBB2062B00F286805549CB5C002B11
:2022A00000F08180022A00F0878005232B70514B5B680BB1032098474F4B2146D3E900026B
:2022C00090474E4B1D68002D3FF461AE6B6828461B68214698472B681D68002DF6D170BD57
:2022E000444B5B680BB103209847434B4649D3E900029047414B1C684CB1434D636820464E
:202300001B682946984723681C68002CF6D1374D2B78062B1ED0082B0BD09A1ED2B2062A2A
:202320004DD833498A5C002A49D0022B01D007F0F5FE02232B7070BD082A7FF43BAE37E653
:202340002F4806F041F92A7826E702232B7007F0EFFEACE707232B7070BD207A01E607F086
:20236000DDFE0823237070BD2848FFF74BFD59E708F0A0FC00283FF435AF2A78931EDBB2F6
:20238000062B2BD81A49CB5C13B106F04BF92A78022A23D107F0B8FE04232B7022E7082A15
:2023A0007FF4F3ADEFE5164806F00EF92B78022B02D0082B7FF479AF07F0A6FE75E710481C
:2023C00006F002F92B78022BB3D0082BB1D0AEE70749CB5C002B7FF414AF0EE7082ADBD1C5
:2023E000D8E7082A7FF44DAF49E700BF58280020E82D0100FC08002050090020980900207A
:20240000700000209C090020182E0100142E01004360CA699A4205D38A6902600B67CB6160
:202420000020704701F1280202608B6700207047F0B504680E7A002C00F07284A4F21234F7
:202440007C2C00F2C1827C2C00F2BE82DFE814F074020003DE02CF02C7022A0307032303AA
:20246000BC02BC02BC02BC02BC02BC026702D702BC02BC02BC02BC02CC010F03E602BC0229
:20248000BC02BC02F401EE038C03BC02BC02BC02BC02FF00CB034803BC02BC02BC02BC0243
:2024A000BC02BC026402BC02BC02BC02BC0219019B039303AC035703BC02BC02C303840322
:2024C000B40339035F03BC02BC024103DB015003ED00BC02BC023203DB00F503BD00BC03CB
:2024E000BC02BC02BC02BC02BC02BC02BC02BC02BC02BC02BC02BC02BC02BC02BC02BC02FC
:20250000BC02BC02BC02C900D303BC02BC02BC026703BC02BC02BC02BC02AC00BC02BC021E
:20252000BC02BC02AC00BC02BC02BC02BC02BC02BC027D00C002BC02BC02BC02BC02B80010
:20254000BC02BC02BC02BC02B80001240025002A00F0CD8307795755A3424FF0000505714C
:2025600040F27C83171901343D70B04D0F7D2D682D78AF4200F0B0838F7DAF4209D1002545
:20258000A342057140F24D85254601340AB107795755DFF8A0C2A64F9CF800503F78013556
:2025A000EDB28CF800507BE1012500240AB1077917554024AB42047140F289836C1CC6E722
:2025C00001240025002AE2D1E3E701240025002A40F031848D7D0571A34240F26283013400
:2025E000FFE001250024002A00F03D8307791755AB424FF00504047140F27E83274602EBB5
:20260000050C6C1CFDE201250024002A40F011840624AB42047140F23F8301350C7D047155
:20262000AB4240F291836C1CD4E701250024002A40F003840524AB42047140F228836C1C09
:202640002425A342057140F27583651CE0E701240025002A00F0FA83077957554FF0000C0C
:20266000A34280F804C040F29084651C0027AB4202F804C0077140F2F38354190135277046
:20268000F3E001250024002A00F0EF8307791755AB424FF02404047140F2C183274605F103
:2026A000010C002463455755047140F2A98325460CF101071024BB4202F80C50047140F224
:2026C0009083254607F1010C01246345D555047140F2788325460CEB04070524BB4202F851
:2026E0000C50047140F25D83254607F1010C24246345D555047140F24A8325460CF1010789
:202700000124BB4202F80C50047140F23683254607EB040C03246345D555047140F2288329
:202720000CF1010702F80C40BB4291F816C080F804C040F218837C1C0425A34202F807C082
:20274000057140F20B8302EB040C2F4601342425A3428CF80070057140F2FB822F46651C5F
:202760001755AB424FF00204047140F29F82274602EB050C6C1C0225A3428CF8007005718A
:2027800040F2DD822F46651C1755AB424FF00504047140F27C82274602EB050C6C1C242530
:2027A000A3428CF80070057140F2C4822F46651C1755AB424FF00604047140F26D825719B4
:2027C00001353C700F7D0771AB4240F2BD826C1C5755A3428D7D057140F2638217190134A0
:2027E0003D70124D2D6851E001270024002A00F04082057915559F424FF00004047180F0EE
:20280000F5827D1C39E101250024002A40F017830224AB42047140F249826C1C0225A34237
:20282000057140F28C82651C04E700BFA0090020592800205B28002001240025002A00F046
:202840009883077957559C424FF00205057180F05883671C1555BB424C7E047140F2E4828B
:2028600002EB070C7D1C8CF800400024AB42047140F221826C1C0AB107795755C64D91F895
:2028800014C02D682F78BC4500F01A82DFF810E3DFF810C36F788EF8007000258CF8005051
:2028A000BD423FD3BD4F3D780135EDB23D70AE4240F2CA810925A342057140F25583651C43
:2028C000002A00F0128307791755AB424FF00404047140F2B682274602EB050C6C1C8CF8D3
:2028E00000700F7AAD4D2D78AF4240F2AC8305EB450501F10907DFF8A0C217F805E080F80D
:2029000004E03D449C42CCF8005080F07E82671C002A7FF46EAFACE101240025ABE7012524
:202920000024CDE70725A342057140F29281651C002A7FF45BAE96E1002A00F0EB82047951
:202940001470012B4FF00B04047140F2238302250127D455AB420F7D077140F25B8205F1BE
:20296000010C022463455755047140F2448225460CF101070224BB4202F80C50047140F2D3
:202980002B82254607F1010C02246345D555047140F213820CF1010702F80C40BB4291F815
:2029A00019C080F804C040F2F7817C1C0025A34202F807C0057140F2E581171901343D70D5
:2029C000764F00253D7072E7002303601846F0BD002A00F0F282057917460124C4E5002A15
:2029E00000F0F28205794FF0010C0027CCE7002A00F0EC82057901274FF0000CBAE7002A8B
:202A000000F0FF8207799446012468E7002A00F0D78207794FF0010C0025A2E75E4C002AB6
:202A200000F0E68207792468944601258CF8007024780F7DA74200F0B9818F7DA7427FF49B
:202A400014AF0A249D42047180F0F5826C1C00E6002A00F0D28204790125002779E7002A1A
:202A600000F0B08290F804C0012400279EE7002A00F0C182047901250027DFF81CC1D45513
:202A8000DCF80040AB426778077140F2A08102EB050C0135CAE7002A00F0B182057917467E
:202AA00001248CE7002A00F08482047901274FF0000C71E7002A00F0A78207799446012454
:202AC0006DE6002A00F08E82047901274FF0000C28E6002A00F0A18207799446012436E6A3
:202AE000002A00F000821446077927700125BCE6002A00F08E820779944601243BE6002A0D
:202B000000F07282057901274FF0000CE5E5002A00F0608290F804C0012400270CE61E4C26
:202B20000125276800241AB190F804C002F804C03C780F7DA74200F0E9808F7DA7427FF4FD
:202B400038AD0224AB42047140F270822C460135002A7FF42CAD2CE5002A00F04782057954
:202B600001274FF0000CCBE5002A00F0BC8104799446012577E6002A00F0168205790127A9
:202B80004FF0000C96E5002A00F0458207794FF0010C002585E500BFA00900205A28002009
:202BA000592800205B280020002A00F0308205794FF0010C002787E5002A00F00F8205797F
:202BC0004FF0010C0027A5E5002A00F0F48105791746012404E6002A00F0218205794FF005
:202BE000010C002783E5002A00F0F68190F804C0012500243AE5002A00F0EA810779944614
:202C000001248CF80070C14FC14D3F682D7897F801C0AC4540F2148297F802C03D44A34271
:202C200015F80C5005716CD9651C7CE7002A00F0D7810579012700240CE6002A00F0B6810D
:202C4000047917460125BCE540F2993303600120F0BD40F26D3303600120F0BD4FF461738A
:202C600003600120F0BD0524AB42047144D96C1CC9E79F42027180F0B9807D1CA34C246832
:202C8000AB426778077140F2A2800135D0E640F2553303600120F0BD40F257330360012085
:202CA000F0BD40F2593303600120F0BD40F2513303600120F0BD4FF44F7303600120F0BD5B
:202CC0000525A342057140F21781651CDBE440F2833303600120F0BD0D6AA3422D780571D5
:202CE0003FF652AC40F2893303600120F0BDA3420271B3D9013438E440F26E3303600120F6
:202D0000F0BD40F2723303600120F0BD0324AB4204713FF61BAF40F2773303600120F0BD69
:202D200008240471002B7FF407AE40F2123303600120F0BD40F2563303600120F0BD40F2D9
:202D4000523303600120F0BD4FF4567303600120F0BD4FF4547303600120F0BD40F24F3391
:202D600003600120F0BD4FF4537303600120F0BD40F24B3303600120F0BD40F24A330360F5
:202D80000120F0BD40F2193303600120F0BD40F2493303600120F0BD4FF446730360012057
:202DA000F0BD4FF4527303600120F0BD02249D42047180F0F4806C1C40E540F21733036043
:202DC0000120F0BD40F2453303600120F0BD4FF44A7303600120F0BD40F21633036001201A
:202DE000F0BD4FF4517303600120F0BD40F2273303600120F0BD40F2153303600120F0BD86
:202E000040F2433303600120F0BD40F2263303600120F0BD4FF4457303600120F0BD40F2BF
:202E2000423303600120F0BD40F22E3303600120F0BD0779BCE40779CAE40779A4E4077952
:202E40008EE440F2213303600120F0BDA342027140F29B80013400259C420571C0F0938033
:202E600040F2353303600120F0BD2424AB420471D5D96C1C00259C420571C1D20134102531
:202E80009C420571ADD2013401259C42057199D22C4405259C42057183D2013424259C42A6
:202EA0000571BFF474AF013401259C420571BFF464AF2C4403259C420571BFF459AF013475
:202EC0008D7D05719C42BFF44EAF01340425A34205717FF643AF01342425A34205717FF676
:202EE00038AF651C94E40125BFE40424AB420471A7D90F7A6C1CF5E440F24133036001200B
:202F0000F0BD40F22D3303600120F0BDA00900205B2800200B24012B04713BD902240D7D41
:202F200005719C42BFF476AF01340225A34205717FF661AF013402259C420571BFF44CAFCB
:202F400001340225A34205717FF637AF01344D7E05719C42BFF420AF013400259C420571DB
:202F6000BFF410AF01342BE54FF4487303600120F0BD02259C420571C3D201344D7E0571E5
:202F80009C42BFF451AF651C6FE44FF44D7303600120F0BD40F2133303600120F0BD4FF4AC
:202FA0004B7303600120F0BD012468E70125FFF735BB0124CBE7012413E40124FFF7D5BA05
:202FC0000124B2E70124C8E70124BAE70124B2E7012418E6012479E701243CE7012469E776
:202FE0000124CBE701246BE7012452E701245BE7246801251CE5012540E601248FE70124FF
:20300000DEE4374601246DE40124FFF719BB01243AE7012402E401242CE701245CE70124F6
:203020003CE740F28E3303600120F0BD4FF45F7303600120F0BD40F2333303600120F0BD3A
:2030400000231B78FFDE024A002313601B78FFDEA009002070B90B681A7B202A01D0062050
:2030600070471A4652F80E1F9961918892799A7799837047032070474360CA699A4210D351
:203080008A6910B40260C8690C6FC01A1C441A44C86100380C6718BF01205DF8044B8A6178
:2030A000704701F12802026000208B67704700BF2DE9F0470B7888B00D4606460E2B14D887
:2030C000DFE803F008180808130D281313181308080808000024204608B0BDE8F0874B782C
:2030E000DA0930D15B09012B4CD00624204608B0BDE8F0870368002403F134022046C3E911
:203100001E44C3E920445A671C845C62DC6208B0BDE8F087027A8B78002A00F06581817A92
:203120000930002900F05E81F17A415C9942D1D01B061ED4EF7807F0FD03012BCAD0002F74
:2031400065D00324C7E713F0600FC3F3411200F09180012AC9D18B78212BC6D1B1F807206E
:20316000072AC2D10168681C183100F073FA0446B1E7EC78002C00F09D80032C14BF032450
:203180000024A8E78B780768202B00F09B80222BABD1B1F80730002BA7D1B1F8035097F8DD
:2031A00020303D8405F0010203F001039342154690D0C3691BB1C2F10301C9B29847002D49
:2031C00088D1337A012B40F20B81737B06F10C04002B00F00381B37BE05C07F095FD337ACB
:2031E000012B40F2FD80737B012B40F2F780B37B23442C46587807F087FD07F13403C7E900
:203200001E55C7E920557D62FD627B6763E73568012A05F10C0140F2DF80727B012A06F141
:203220000C0340F2D7800691B27B704905911344AC6A93F80180002C60D1EA6FEB6AAC674C
:20324000C5E91F42002B00F0B480296B1846002205F1240383E803004046EA6205A9FEF7FC
:2032600033FD0446F369002B3FF435AF30460021984730E703F01F03012B7FF436AF8C780C
:20328000062C7FF432AF05A8039200F0D5FC03AA00920746EA78297930463B46FEF7E8FA47
:2032A00005283FF418AF039A3946681C00F0D2F9044610E7F369002B3FF40CAF304601213E
:2032C000984708E7B1F80720072A7FF40EAF3B73B1F80730DBB27B7300200E37CDE9057353
:2032E000079000F08BFF002005A9FEF7D9FC0446002867D0002000F089FFECE6D5F8849031
:20330000686A4C4528BF4C4605F1340A224651460FF0DAFBE86FEA6AEF67A9EB04030AEB39
:2033200004010444C5E91D13C5F88040002A43D005F12C0797E8030005F12404002284E851
:203340000300EA62002B3BD091461BE0696F686A0FF0BAFBD5E91D32A96AC5F880100B44FC
:20336000521AC5E91D32F36913B1002130469847EB6A13B397E8030084E80300AB6FC5F86B
:203380002C90EBB1AA6A9342E0D2696F686A1A460FF09AFBD5E90932A96FE967521A0B4480
:2033A000C5E9093253B1404605A9FEF78DFC044658E700236B6255E700236B62002451E76D
:2033C0006B6AEFE70A4B049603A9039300F020FC04468FE73B78FFDE7B78FFDE2B78FFDE65
:2033E0006B78FFDE0B78FFDE5378FFDE793000005530000010B503681C8CE40784B015D5F6
:203400000B46017A012916D9417B00F10C0481B1817B605C91060CBF0124002401A9CDE915
:2034200001320394FEF73CFC04B010BD082004B010BD0B78FFDE00235B78FFDE0368D3F802
:2034400080007047F0B50468238CDB0783B022D50546002016460F4600F0D0FEA26F42B983
:20346000636AE3B11124002000F0D0FE204603B0F0BD964228BF1646616F324638460FF032
:2034800023FBD4E91D239B1B3244C4E91D23C4F880600024E7E70824204603B0F0BDC4E9CB
:2034A00009762A7A012A12D9697B012905F10C020FD9AB7B0849009113440C3458780194D5
:2034C0006946FEF701FC041E08BF9224CBE75B78FFDE1B78FFDE00BF11240000002070470F
:2034E0002DE9F04F4B6885B0CDE900020C46002B71D006F02FFFE568019B9D4228BF1D46E3
:203500008146002D7CD04FF0000A5646D3464FF00108D4E90113AB421F4628BF2F46E9B10C
:203520003A4609EB06000FF0CFFAD4E90223D21BDB1BC4E90223C4F804B0ED1B3E442AB3DB
:20354000002B08BF4FF00008002DE2D1009BC3F800905E60404605B0BDE8F08FABB120468D
:203560003B4650F8101B4A68D2F804A009EB0602D047D4E90223D21BDB1BC4E90223ED1B85
:203580003E445AB14FF0010ADAE7E368BAF1000F04D15BB99846002DBBD1D7E7226812684C
:2035A000126822604FF0010A002BF3D02168F1B1CDF808B003E0A36821680133A3604B68CE
:2035C00000225F6802A80123B8470028F3D12061002D9ED1BAE70B681B681B68002B88D18E
:2035E0008B68002B85D1036043609846B2E76160002EABD0019BB34288BF4FF00008A5E7C5
:203600002E464FF00108A1E7054B0528187004D0044A137823F0020313700348FEF7F2BB2C
:203620005C2800205D280020402E010008B50020FEF7CAFABDE808408020FEF7C5BA00BF7C
:2036400008B50020FEF7D4FABDE808408020FEF7CFBA00BF70B5C38893421E4628BF164614
:20366000934284B00D4612D8002400200394CDE9015600F0C3FD01A98020FEF711FB0446D7
:2036800088B1002000F0C2FD204604B070BD8020144606F053FDB4FBF0F202FB1044B4FA0B
:2036A00084F46409E1E706F02FFF80280BD1094A094B92E8030083E80300002000F0A6FD70
:2036C000204604B070BD002000F0A0FD1024204604B070BD782E0100C80900202DE9F04F8E
:2036E0000B780E2B89B018D8F3B1013B0D2B1BD8DFE803F01F0E281A354C1A1A1A1A0E6654
:203700006F07B24B1B78012B02D00120FFF77CFF0024204609B0BDE8F08F852B04D1AB4B31
:203720001B78032B00F040810624204609B0BDE8F08FA64B1B78032BF6D00320FFF764FFB6
:203740000624E6E7A24804F0C3FE0028E0D0A14B01221A60BFF36F8FBFF34F8FD8E705234B
:203760000DF115008DF8143006F036FE9DF81530994E002203F01F043260032C00F2B9805E
:20378000DFE814F0E800B90099008D00C87803280D46C9D0904E3368002B00F00381002206
:2037A000716832609847044600287ED13368002B00F00581AB78002BAAD106F02FFEA8E747
:2037C000824B1B78002BA3D00020FFF71DFF00249FE74FF08043D3F8383413F0010F7B4BFD
:2037E0001B7806D0022B93D00220FFF70DFF00248FE7012B89D18BE7BDF81B30002B00F0FF
:20380000D880092B28BF09239946FEF7F3F90546002800F0DB81BB464FF0090ACDF80CB0B6
:203820004FF0000801E008F101086A68012357682946002203A8B8470028F4D12A682B7A4A
:2038400015681C44C244E4B2002DE7D1634D644928464A460FF038F92C71A5F802A0FEF7AE
:20386000ABF918B1EB7943F02003EB71FEF7C2F95C4BBDF81B2018600020C3E90159DA60A6
:2038800000F0BCFC58498020FEF71EFA0446002800F09F81002000F0B9FC062C05D105A836
:2038A000FEF7E8F90446002C73D006F023FE204609B0BDE8F08F9DF81900020707D005A9E3
:2038C000FEF7C2F906280446EDD19DF8153013F0600F0ED19DF816303C4A9DF819401278FE
:2038E000012B00F0B980032B00F0A680002B00F0C6800624D9E79DF8190003A9FEF780F91C
:203900000546002859D09DF80C1005AAFEF798F906280446C7D19DF8152012F0600FC4D145
:203920002A4B9DF80C101B78D20940F014819DF816200B2AB9D1052B40F0B280BDF8173016
:20394000FF2B00F2FC809DF817202846FEF7D0F90446A8E713F0600FC3F341179FD1DB092A
:2039600048D19DF81630032B00F09C80092B00F0A880012B93D1BDF81730012B8FD1FEF7C0
:203980001BF9002800F0D980184A137823F00203137033686BB106F0B7FD044600287FF4D4
:2039A000B7AE0AE70E2480E70420FFF72DFE0624AFE606F095FD0024ABE6102475E70C4BF0
:2039C0001B68082B33D006F08BFDA2E65C280020D00900205C700240C8090020D40900208F
:2039E000442E0100B0090020802E01005D280020300100109DF81620062A00F08780082AC2
:203A000073D0002A7FF44BAF7B497C4B09781A80890744BF02221A7078490DF115000222ED
:203A2000FFF718FE0446062C7FF43DAF37E7744B1B68002BC7D16BE625073FF55AAFBDF80D
:203A40001730002B7FF455AF052A01D0200727D1204606F083FC9CE721073FF54AAFBDF8F6
:203A60001730002B7FF445AF052A01D0230717D1204606F0A1FC204606F0DCFF89E7052A8C
:203A800001D027070CD1204606F074FC5B49034602220DF115000B80FFF7DCFD044602E7CD
:203AA000082402E7BDF81730012B7FF4F8AEFEF783F8002841D0504A137843F00203137027
:203AC00067E7504C2378043B012BE9D89DF81730BBB3012B33D1FEF767F92378052B3FF468
:203AE00058AF0520FFF790FD53E7464A1278052A47D0042A7FF4D3AE404B1F703F490DF1BB
:203B000015000122FFF7A6FD04468CE79DF81830022B3FF471AE032B36D0012B7FF4BFAE7B
:203B2000BDF81B30002B3FF444AF37490DF115001222FFF78FFD044675E70F24B5E607244C
:203B4000B3E6FEF749F92378042B3FF422AF0420FFF75AFD1DE79DF816705FB30A2F7FF479
:203B6000A4AE052B9CD128460192FEF717F92349019A03460B700DF11500FFF76BFD0446CA
:203B800091E61E4A1370B9E7BDF81B30002B3FF410AFBDF819109DF8170000F01DFB01462D
:203BA00000283FF47CAE0A780DF11500FFF752FD044638E7052B7FF473AF10490DF115000C
:203BC00002220F80FFF746FD04466CE64FF0090A3CE606F099FC802808D10C4B93E8030008
:203BE00086E80300204600F011FBD2E6204600F00DFB102459E600BF5D280020D409002008
:203C0000340100105C280020642E0100782E010038B505460C4606F077FCA84207D194E850
:203C20000300044A82E803000023184638BD1023184638BDC809002008B140230360014811
:203C4000704700BFD4090020F0B40D7A0DB101F109050468002C59D06FF4AB763444142C0B
:203C600000F24A81142C00F24781DFE814F05400E700EE00F500FC00030109011001170171
:203C8000450145011E0125012C0145013B0033012700390115003F0101250024002A40F017
:203CA000DB818A8AAB424FEA1222027140F2338140F26D1303600120F0BC704701250024FE
:203CC000002A40F0CD814A8AAB424FEA1222027140F226816C1C8A8A0271A34240F27B81A0
:203CE000651CDEE701250024002A40F0B7810A8AAB424FEA1222027140F217816C1C4A8A1B
:203D00000271A34240F26C81651CDCE709240471002B00F0F680002A00F0A4810479147075
:203D2000012B4FF00404047140F2F0800227012694559F422D78057180F089817E1C00248C
:203D4000B342D555047140F27D812546771C0024BB429555047140F2708125467E1CFF24D6
:203D6000B342D555047140F263812546771C0124BB429555047140F2568125463E1901242A
:203D8000B342D555047140F249812546371900249F429555047180F03C8125467E1C092415
:203DA0009E42D555047180F02F812546771C21249F429555047180F0228126467C1C09259C
:203DC0009C42D655057180F015811619013435700E7C0671A34240F20881651C16550E8A30
:203DE0009D424FEA1626067180F09F8057196C1C3E708E7C06719C4280F0F280651C165596
:203E00004E8A9D424FEA1626067180F0898057196C1C3E700E7D0671A34240F2DC80651CEA
:203E20001655898A9D424FEA1121017173D22A44117040F26D13036001203DE7002A00F0A0
:203E4000B38004790127002672E7002A00F0A58005790126002772E7002A00F097800579F8
:203E60000127002673E7002A00F0898005790126002774E7002A5DD005790127002676E7D0
:203E8000002A00F09E8005790126002777E7002A00F0958005790127002678E7002A00F04C
:203EA0008C8005790126002779E7002A00F083800579012700267AE7002A00F08A800679DD
:203EC000012400277BE7002A00F081800579164601247CE7002A78D006791746012487E7D6
:203EE000002A70D006791746012492E7002A3FF4DFAE017911709CE7002303601846F0BCE6
:203F0000704740F2571303600120F8E74FF4AC7303600120F3E740F26B1303600120EEE722
:203F200040F2691303600120E9E740F2671303600120E4E701240122A342027173D9144440
:203F40000122A342027169D9144400229C4202715FD2013409229C42027155D20134212258
:203F60009C4202714BD2013409229C42027141D201340A8A0271A34237D9651CB7E601249B
:203F8000FF229C42027153D20134D4E701240022A342027151D90134F2E701240022A34297
:203FA00002714FD90134F2E701242A780271A3424DD90134F2E70124D1E70124CAE701242D
:203FC000C3E70124BCE7012485E6012497E60124CFE70124C8E74FF4B573036001208EE72A
:203FE0004FF4B4730360012089E74FF4B3730360012084E74FF4B273036001207FE740F287
:204000006313036001207AE74FF4B1730360012075E740F25F130360012070E74FF4AF731A
:20402000036001206BE740F25D130360012066E74FF4AE730360012061E740F25B13036004
:2040400001205CE74FF4AD730360012057E740F259130360012052E70679E1E60679BDE614
:204060000679CCE60422012B02717FF64FAF02249BE700BF0B780E2B0BD8DFE803F0080807
:2040800008080A0C080A0A0A0A08080808000020704706207047F0B54B78DA0985B00C4624
:2040A000064611D15B09012B02D0062005B0F0BD8C78002CF9D102681373036A002B3AD05C
:2040C000214698472046F1E713F0600FC3F3411215D0012AE9D18B78072B07D0082BE4D123
:2040E000F268481CB169FFF7B5FADFE7B1F80720182ADAD1C169601CFFF7ACFAD6E703F0CE
:204100001F03012BD1D18D78062DCED103A80292FFF792FD02AA00920746E278217930461F
:204120003B46FDF7A5FB0528BFD0029A3946601CFFF790FABAE71846B8E700BF70B54FF0D6
:20414000805286B0D2F8A830D2F8A42000926FEA83436FEA93430B4A0B4E9BB202A80D2174
:204160000BF07EFA02AD002404E015F8013B06F8013B013402A80EF0D7FC8442F5D306B09E
:2041800070BD00BF9C2E01008028002038B5114B53F8204023780BB9A01C38BD0020FFF786
:2041A0004BFD217891B12246C4F101055319DCB2234620F8141012F8011F0029F6D10133CC
:2041C0005B00DBB243F44073038038BD40F20233FAE700BF042F010040B1052808D8054A0D
:2041E000105C28B1044B53F820300BB1FFF7CEBF002070471C2F0100042F010072B6024A86
:204200001368013313607047140A0020034A1368013B136003B962B6704700BF140A002088
:2042200010B50446006830B1002107F065F954F8040F0028F8D110BD2DE9F043038883B08C
:20424000044643B1B3F5867F0CD1822910D0012003B0BDE8F0834FF486730120238003B06C
:20426000BDE8F08300230380032003B0BDE8F08302F0ACFEBFF35F8F19491A4B0E680022F7
:204280000A601F781A70FFB2BFF35F8F164D02F0A1FE28680028DED0DFF85090DFF850808A
:2042A00003E055F8040F0028D5D090F84A3026FA03F3DA07F5D590F8493047FA03F3DB0711
:2042C000EFD502F095F90028EBD02B68D9F80020009218464246022102F028F9E1E700BFFE
:2042E000280A00205E280020C8000020C02900209143000010B50C4A90F84B30126882B037
:2043000001330092044680F84B30084A03468021203002F00BF9064B19782246002002B0FC
:20432000BDE8104007F070B9C0290020F5420000D132002010B4094A094C13681943116051
:2043400021780346012202FA03F30B43DBB2237004485DF8044B07F085B900BF280A0020C2
:204360005E280020D000002010B5044690F84A1090F8490002F0ECFD10B994F8480010BDA0
:2043800001280ABF94F84800002080F0010010BD70B582B0044602F02BF908B902B070BDA2
:2043A00004F12006304602F023F905462046FFF7DBFF01280FD00028F0D1002DEED130468A
:2043C00002F0FCF80D4B22462846197802B0BDE8704007F019B9002DE0D0094B094A1B6861
:2043E000009300253046234684F84B507E2102F09DF8054B28462246E7E700BFD032002014
:20440000C0290020F5420000D2320020F8B507F069F8304B304C187007F064F82F4B304F68
:20442000187007F05FF82F4922682F4B08700025FF2139727B60FD60002A42D02B4E09E0EC
:2044400091F84A00F9683A72834054F8042F0B43FB60B2B392F84A3092F84910526C03F094
:204460001F0343EA41131F2BC6BF03F01F0331464FF0A04103F5E07342F08C0241F8235067
:20448000236893F84A1093F8490002F01FFD226892F84A3092F8490003F01F0343EA4010D7
:2044A000012104F087FA2168387A91F8492082424FF00103C4D0FF28C2D054F8042F002A3B
:2044C000C8D10B48002107F017F8BDE8F840044802F052BDD2320020C8000020D032002071
:2044E000180A0020D13200203543000000030050D000002030B5174B83B000221A6004F092
:2045000019F800BB002004F031F8134B134A93E80300FF250090ADF8041006240023104847
:20452000ADF8005069468DF802408DF8043004F0B7FC58B901210A4804F006FD084804F0F0
:20454000F7FC03B030BDFDF72BF9DBE7FDF728F9F0E700BF2C0A0020502F01009145000097
:20456000582F0100014B1868704700BF2C0A002008B5064A13680133136002F043F900B905
:2045800008BDBDE8084002F023B900BF2C0A0020042800D07047FFF7EBBF00BF014B1868A8
:2045A000C00970472C0A002010B5846882B01CB194F90830002B01DB02B010BD236A002B72
:2045C000FAD01A68002AF7D00749097831B11B6A23B101909847236A01981A68002302B0A5
:2045E000BDE8104000F036BD5F2800202DE9F047124C82B02468DDF828A08CB106460F4658
:2046000091469846656843464A463946304625B1CDF800A0A847054638B92468002CF1D12A
:204620000025284602B0BDE8F087B379012BF8D13A463146002000F01DFBF2E7300A0020A6
:204640002DE9F04F2DED028BB34CB44E8BB0054620460295884601F03BF9C4F8A0500346F2
:20466000307008BBA279013A032A62D9636823F07F4323F0FF03002B4FD06379032B00F020
:204680002881208900F0E0FD074600284DD0D0E90F9700F0D5FDB9F1000F00F091809E49A7
:2046A0003846C847337843B30027C22B2BD0DFF88892384600F0C4FD3278C32A69D0BF2AE4
:2046C00084BFA022327002212389934800F078FFD9F80010039108460EF026FA039902465D
:2046E0008D4801F04FFB41468B4800F077FF414682B2029800F034FE337818460BB0BDEC06
:20470000028BBDE8F08F384600F09AFD337818460BB0BDEC028BBDE8F08FC3232089337093
:2047200000F092FD07460028B1D13378002BE4D0BBE703900299208900F0FEFC07460028A1
:2047400042D0039B62790893CDE906338023ADF8163062BB238972484522022100F030FF8A
:20476000A27A002A40F0B08007AB00936A480DF11603002206A901F0C3FA70B9089B002B0F
:204780002ADADFF8B491674BC9F80030822333708FE700223270032196E7BDF81620079BA6
:2047A0000893802A28BF8022ADF81620E7E700F0FFFE452203460121594800F001FFCFE77C
:2047C0003378002B99D06FE7DFF86C91564BC9F80030A32333706CE7BDF8163050494E48F8
:2047E00008AD07F18402009508EE903A08EE102AFFF7FCFE034600284DD14748099309A9A5
:2048000001F06CFA494BD3F800908246B9F1000F67D0099B03979B46029B4D4699460AE082
:2048200006DD2A7AD10603D51BF800202F2A08D02D68002D52D06F6838460EF075F9824572
:20484000EED10246594638460EF076F90028EFD1A279039F4B460293511E0123012AA9464F
:2048600003FA01F300F0C1809A0740F1A980D9F814A0BAF1000F00F0A38008AB2849009312
:2048800018EE102A18EE903A2348D04799F80830590600F1C0803378002B7FF406AFA37D0F
:2048A0001A0759D5DFF8789099F90630002B53DB99F816301B074FD4DFF87C901C4BC9F882
:2048C0000030A1233370F4E61A49154801F0F2F94AE72189029800F0ADF9D2E6039FCDF8A1
:2048E00008900F48842101F0DFF90D48842101F0DBF93378002B7FF4D8AE094807F146013D
:2049000000F06CFE80B2A7F84400B8B9C123DFF828903370CDE600BF380A00206128002024
:20492000E40A0020602F0100802F0100340A0020702F0100430A00203C0100203378002B8B
:204940007FF4B3AE384600F011FC337818460BB0BDEC028BBDE8F08F637D089AD91115D198
:20496000002ACAD0DFF80891013218BF01224846802301F0DDF9B9F8A420D9F8A810802A36
:2049800028BF8022484601F0FDF9B2E7079B9A4232D00132069944D0BDF81630DFF8D090E8
:2049A0000122334801F0C4F9BDF81620B9F8A43093429ED9D9F8A8102D4801F0E3F998E7A5
:2049C0005D0705D5D9F818A0BAF1000F7FF455AF180705D5D9F81CA0BAF1000F7FF44DAF30
:2049E0008521234801F060F97FE7D5F810A0BAF1000F7FF442AF37E7DFF87490B9F8A4000D
:204A0000824219D382231B4989F8063048460F2201F0B8F96DE7164A1749484600F02AF910
:204A200039E7DFF84C90BDF81630B9F8A4209A4294BF00220122B4E7BDF816300699821AEE
:204A40009A4294BF00220122484601F071F90798B9F8A430BDF81620D9F8A8101B1A9A4250
:204A6000014428BF1A46484601F08CF941E700BFE40A0020602F0100380A002010B50446B0
:204A8000416001460C4802F0B7FC94F90830002B00DB10BD206A0028FBD0036A002BF8D0C0
:204AA0000268002AF5D0054BC0E903340830BDE81040002300F0CEBA340A0020A945000059
:204AC00038B50A4A137803B138BD094C094D236009490A482B6001241470FFF7CFFF00F0A7
:204AE00039FCBDE8384000F057BD00BF5F280020300A0020340A0020902F0100EC00002076
:204B0000014B1868704700BF340A002000B10068704700BF00B583B001460190044802F068
:204B2000F3FD0199034803B05DF804EB02F0B0BCE0000020900B002070B50D4B1C68A4B13A
:204B40000546002601E024686CB1294604F1180000F0EAFB0028F6D02046FFF7DBFF246859
:204B60000136002CF1D1304670BD2646304670BD900B00202DE9F041164B1C682CB305464D
:204B80000F4616464FF0000801E02468D4B1294604F1180000F0C8FB0028F6D094F82C3026
:204BA000B342F2D13246394604F12D000DF07EFF0028EAD12046FFF7ADFF246808F1010831
:204BC000002CE4D14046BDE8F081A0464046BDE8F08100BF900B00202DE9F041144B1C6832
:204BE0000CB306460F464FF00008251D314604F1180016B100F098FB78B1BD42284607D091
:204C00000DF092FF3946024628460DF04FFF20B92046FFF77FFF08F101082468002CE4D164
:204C20004046BDE8F081A0464046BDE8F08100BF900B0020F8B50E4B1C68ACB105460E4656
:204C40000027294604F1180000F06EFB10B1E38EB34204D02468002CF3D13846F8BD204648
:204C6000FFF758FF0137F5E727463846F8BD00BF900B00208B79012B00D070472DE9F047B5
:204C800092F90630002B82B0154650DBCB7C5B060C464CD5D1F8A070002F48D04B6E4BB180
:204CA000012B44D18A7A38460B3102B0BDE8F047FFF760BF096E0191384694F80AA0D4F8C9
:204CC0005C80FFF789FF204802F002FD064688B3B8F1120FC146C4BF4FF01308C146B144F0
:204CE000424601994FF0000804300DF0EDFE394606F1180089F8048000F006FB524604F11E
:204D00000B0186F82CA006F12D000DF0DDFE0F48A6F83680314602F06FFBB16B4B1CB3632A
:204D2000284600F0E5FFB36B23F07F43B36302B0BDE8F0870649A32328461022AB7102B0D7
:204D4000BDE8F04701F01EB8E0000020900B0020A42F01002DE9F04F2DED028B83B008EEFC
:204D6000101ADDF8389001929846FFF7C9FE002800F0B6800025D9F800B006462C46A345A4
:204D800008D8454512D2019B4FF03C025A55D9F800B00135631C5B4508D3454506D2019B4E
:204DA0004FF02F025A55D9F800B00135D6F804A050460DF0B9FE023427185F4558D801D146
:204DC00045456DD3D6F80CB07C1CBBF1000F17D09BF80030A3B1D9F800A0A24509D845456B
:204DE00007D2019A3B235355D6F80CB0D9F800A0013558460DF098FE02373C18544512D8C7
:204E0000454504D9D9F80030621B9A4271D83046FFF77CFE0646002847D0DCB9D9F800B001
:204E2000A345B7D8ADE70198384AAAEB070308F10101002BACBF5B440BF10003491B2844AE
:204E40000AF00EFC0544454553D83046FFF75EFE0646B8B3D9F800B0A34507D8454505D228
:204E6000019A2C235355D9F800B00135013486E70198264AABEB040B08F10101BBF1000FE3
:204E8000ACBF0AEB0B030AF10003491B28440AF0E7FB0544454508D2D9F800309F4291D307
:204EA000019A3E23535501358CE715BB5CB9BEB1D9F800304344C9F8003003B0BDEC028BEF
:204EC000BDE8F08FADB9822118EE100A00F0ECFE18EE100A0E490F2200F054FF002EE7D1DA
:204EE0004FF0FF33C9F8003003B0BDEC028BBDE8F08F019918EE100A2A4600F043FF18EEE1
:204F0000100A282100F0E2FED1E700BFB82F0100602F0100014806F0A5BB00BF10010020E0
:204F20002DE93048FFF71EFB0E4B1A68821A04D10D4BD3E90001BDE830880B4C18604FF404
:204F40007A71A2FB01BCD4E900254FEADB1040EA4C6080184FEADC1145EB0101C4E9000192
:204F6000BDE83088980B0020780400200148002106F0C2BA10010020074B0848084A1B68F1
:204F800010B4002101240470116013B15DF8044B18475DF8044B7047D82F01006028002050
:204FA000AC0B00202DE9F0471E4B1B7882B0054643B3DFF874A029465046DAF8007002F03A
:204FC00067FADAF8001019B3D5E90489002603E00C680E46F4B12146D1E90423994508BF14
:204FE0009045F5D22A461048314602F075FADAF80050AF4209D00D4B9B68019302B0BDE843
:20500000F0471847FFF7B8FFD3E702B0BDE8F087002DEED02A46044802F05EFADAF80050B2
:20502000E7E700BF60280020AC0B0020D82F0100064B10B55B6804469847C4E90401214641
:205040000348BDE8104002F023BA00BFD82F0100AC0B0020084970B5496805461E46144673
:205060008847241846EB0101C5E904412846BDE87040FFF797BF00BFD82F010038B50B4BE6
:205080001C687CB10A4B5B689847D4E90445A94208BFA04202D30020014638BD201A65EB13
:2050A000010138BD4EF66020002138BDAC0B0020D82F0100F8B5134F134E7C68A047356868
:2050C0003DB102460B46D5E904018B4208BF824201D20020F8BD2946304602F0D9F96B680A
:2050E0000BB128469847BB6898473368002BF0D0D3E90467A047B94208BFB0422CBF012051
:205100000020F8BDD82F0100AC0B002000B583B0014608300191FFF78BFF0199044802F08A
:20512000B7F90199034803B05DF804EB02F0ECBAB00B00202001002070B5064609480D461A
:2051400002F0C6FA044658B10023868080F824302946263000F0D8F80348214602F04CF9E7
:20516000204670BD20010020B00B00202DE9F04190F8463013F0300F0446C3F3011527D1EB
:2051800090F82430042B0FD9D0E90F672630FFF7D3FC2046FFF7BAFF002E3ED02946384694
:2051A0003346BDE8F0411847B0F8442000F14601263000F0D5F894F82430ABB1226A5200D0
:2051C000226204F108000023BDE8F041FFF742BFB0F8442000F14601263000F0C1F82046B5
:2051E000BDE8F041FFF792BF0D4B0E4A5B68E260246198470C4A80B2A2FB0032920A40F254
:20520000DD5303FB120202F6B832226204F108000023BDE8F041FFF71DBFBDE8F08100BF49
:205220005C3401002D520000B76FA5AE806830B190F82430013380F82430FFF797BF70473D
:2052400008B1FFF763BF7047044B02E09A88824202D01B68002BF9D118467047B00B002075
:20526000F8B50288044662B140F2DD139A4217D11D4B1B788B4217D040F2DD13238001201F
:20528000F8BD114610460BF0CBF8184B186038B343F21633038240F2DD1323800120EFE769
:2052A000002303800320F8BD114B1B789B07E3D5104E114F114DB7F800C0114F96E80F00AF
:2052C000203685E80F003CF806C00E4E3A883168A5F810C000232846AB74FFF7B1F9CBE7DC
:2052E00020800220F8BD00BFD7320020CC0B0020BC310020C42C002052280020B80B0020BE
:20530000AC2C0020C43100208B684A6830B40C68CD68C5600460426083600B8A03828B7C1F
:20532000837430BC704700BF38B5102205460C460DF0BCFB58B92A8A238A9A4200D038BD91
:20534000A87CA37CC01AB0FA80F0400938BD002038BD00BF0148002106F0CEB82C010020D1
:2053600070B582B0B8B11446028848F2FE039A420E46054603D00A4B5B6A984758B1094AAB
:205380002B8A10680093314622462B460CF084FA204602B070BD4FF0FF34204602B070BD87
:2053A000F0330100CC0B00200C2830B440D9B0F5867F94BF6FF02F046FF01F040C2935D94D
:2053C000B1F5867F94BF0D230E232343B0F5867F137016D96FF4867543191B0A0D38537005
:2053E000907002230320B1F5867F15D96FF486740C19D518240A0D391454A970D81C30BC88
:2054000070470C280FD90D38B1F5867F50704FF001034FF00200E9D80C29F0D90D3911541B
:2054200030BC0130704701200023DCE74BB2CCE703015CB2C2E700BF2DE9F0411E0C13F0F3
:205440007F474FEA06461C4615460B4614BF01210021CEB1013124F0FF080231C01A2A4694
:20546000FFF7A2FFCFB1230E2B54421C1EB3230CAB540230B8F1000F02D0230A2B5401306F
:205480002C540130BDE8F08134F0FF08E5D14CB9BDE8F041C01AFFF787BF6EB1230C2B54A6
:2054A0000130EAE70131C01AFFF77EFF002FDAD1002CE7D0E4E71046B8F1000FDDD1002CFB
:2054C000E0D0DDE7F8B50E689DF818700C461D4616B902602360F8BD03689F550B680133F4
:2054E0000B600068114618442A460DF0FBFA23682B442360F8BD00BFF8B5069D401A2946BA
:205500001F46FFF751FF3946044610182A460DF0DBFA2819F8BD00BF2DE9F04F83B0924698
:205520000C9A9DF834400194013200249846834699460092274625468E4604E0009B013458
:205540009C42274623D818F807C0019B08EB0706A6EB09069C450AEB0502ABEB0E003146FA
:2055600002D00C9BBB42E9D1FFF71EFF054449460AEB050032460DF0A7FA0134009B08EB3D
:20558000040901349C423544DE462746DBD9284603B0BDE8F08F00BF08B5034B5B6898477C
:2055A000024B188008BD00BF5C34010044280020024B1888013080B218807047442800203A
:2055C000F8B504460F4616461D46AC2200210DF0A3FA6771A6712581F8BD00BFF0B5012266
:2055E0000023016002710B7002680F461378017943EA811313700268437911781B0103F073
:2056000030030B4313700268837A117803F00F030B431370036882795A70038902681B0A75
:20562000937003680289DA70837983B00446002B00F040810368827A1D1D62B16FF00301BB
:20564000C91A00F10B0313F8012B05F8012BA67A6A189642F7D8E37C9807C3F340010CD5E9
:2056600094F86A3000932A4604F16B0300210120FFF742FFE37C054401211A0709D5236CCD
:205680000093636C2A460320FFF736FFE37C05440321DE060BD594F8243000932A4604F182
:2056A00025030420FFF728FFE37C05440421980607D500232A460520FFF7BEFEE37C054428
:2056C00005215A0607D5636E2A460620FFF7B4FEE37C05440621DB0907D02A46B4F8503033
:2056E0000720FFF7A9FE07210544237DDE070BD5A36C2F22CDE900320820E36C2A46FFF7EB
:205700000BFF237D0544082118070BD5E36D2F22CDE900320B20236E2A46FFF7FDFE237D28
:2057200005440B21DA0607D5A38B2A460C20FFF783FE237D05440C215E0607D5236A2A46A4
:205740000E20FFF779FE237D05440E21DB090CD0D4F894302622CDE900320F202A46D4F8AB
:205760009830FFF7D9FE0F210544637D980708D5B4F868302A461120FFF75EFE637D05445F
:205780001121DA060BD5636D2622CDE900321420A36D2A46FFF7C0FE637D05441421DB096D
:2057A0001AD0636F94F878201B01002A40F08580B4F87A2000201209461C52088446B0B225
:2057C000FAD118B10CF00F0C43EA0C032A461720FFF732FE17210544A37D1E071BD5D4F893
:2057E000803094F884201B01002A69D1B4F8862000201209461C52088446B0B2FAD118B140
:205800000CF00F0C43EA0C032A461B20FFF714FEA37D05441B21D80607D52A46D4F88C302B
:205820001C20FFF709FE1C210544E37D1A0709D5236B0093636B2A462320FFF75DFEE37DF7
:2058400005442321DB0908D0A36B00932A46E36B2720FFF751FE27210544A37EDB0611D49C
:205860002368EB1A3E2B18DCB4F8A420E2B9D4F8A81028460DF036F9B4F8A400ED1B28444E
:2058800003B0F0BDD4F890302A463C20FFF7D4FD23680544EB1A3E2BE6DD0B4B0B4A0020B9
:2058A00020601A6003B0F0BDFF2305F8013BB4F8A420DCE7042003B0F0BD43F0080377E7E0
:2058C00043F0080392E700BF3C010020F02F0100032A40F2CE802DE9F04704460D4682B00C
:2058E000002191460430A8220DF016F9256095F800804FEA981884F804802B78C3F30113BE
:2059000063712A7802F00F02A2726B78A371A978EB78B8F1010F43EA0123238179D1082A55
:2059200000F2A980291D8F1805EB090A574573D804F10B000DF0C8F800265745C4F81360C7
:20594000C4F8176080F0A2803B7803F0F002F02A00F0848118090D2803F00F0360D00E281A
:205960006DD0791C0D2B63D00E2B72D0CF18BA4552D306443C2E4FD804EBD60C06F00702B9
:205980009CF8130008FA02F20243701E8CF8132002463B2A74D8DFE812F07B0073008600AA
:2059A000890094009700A400B30073007300BD00C7007300D500E2007300EC007300730003
:2059C000FB0073007300050173007300730024014501730073007300730073007300670003
:2059E000730073007300670073007300730073007300730073007300730073007300730083
:205A0000730073007300730073007300730073005301A04BA04A1A60802002B0BDE8F087DD
:205A2000B91C8A45F8D378780D2B00F10D009BD14F1CBA45F0D30B7839460D3396E7F91C64
:205A40008A45E9D3B8787A7800F20D1000EB022088E78F1CBA45DFD34B780A7803F20D1358
:205A600003EB0223394681E78A4B8C4A1A60A520D3E780207047874B894A1A608020CCE7BF
:205A8000F30700F10281BA453FF65EAF0020C4E7082B28BF08231A4684F86A3004F16B0071
:205AA0000DF012F8EFE7C4E91031ECE7082B28BF08231A4684F8243004F125000DF004F8C0
:205AC000E1E784F89C80DEE74BB1013BC8180139002311F8012F884242EA0323F9D1636644
:205AE000D1E753B1013BC8180139002311F8012F884242EA0323F9D19BB2A4F85030C2E740
:205B00002F200A46009004F1480104F14C00FFF7D9FCB8E72F200A46009004F15C0104F1F7
:205B20006000FFF7CFFCAEE753B1013BC8180139002311F8012F884242EA0323F9D19BB2C6
:205B4000A383A0E74BB1013BC8180139002311F8012F884242EA0323F9D1236293E72620BF
:205B60000A46009004F1940104F19800FFF7AAFC89E753B1013BC8180139002311F8012F6C
:205B8000884242EA0323F9D19BB2A4F868307AE726200A46009004F1540104F15800FFF78A
:205BA00091FC70E7002B6CD0013B0B440020013911F8012F8B4242EA0020F9D100F007039F
:205BC000102120F00F02994089B202FA03F3C0F3C002000984F87820A4F87A10E3676067A4
:205BE00051E7002B49D0013B0B440020013911F8012F8B4242EA0020F9D100F007031021FD
:205C000020F00F02994089B202FA03F3C0F3C002000984F88420A4F88610C4F88830C4F85D
:205C2000800030E74BB1013BC8180139002311F8012F884242EA0323F9D1C4F88C3022E7B8
:205C40004BB1013BC8180139002311F8012F884242EA0323F9D1C4F8903014E701377D1B69
:205C6000A9EB0505ADB2802D88BF80250020C4F8A870A4F8A4507855CFE6184610211A4699
:205C8000C7E7184610211A46A4E7024B054A1A608220C2E63C01002020300100603001003D
:205CA000383001008C300100FF299ABF817101200020704710B5082A28BF082214468272FD
:205CC0000B300CF001FF204610BD00BF037D818343F0100303750120704700BF037DC3F38C
:205CE000C0021B0702D5036E0B60C26D10467047C37C416643F04003C3740120704700BFA7
:205D000030B40446407DC0110FD009B1656F0D6012B194F87810117013B1B4F87A201A80F1
:205D2000029B13B1029AE36F136030BC704700BF10B4A3F11004B4F5FE6F02D8B1F5801F9E
:205D400003D300205DF8044B7047447D4167003A64F07F0118BF012280F87820A0F87A302F
:205D600041755DF8044B0120704700BF11B1D0F8A8300B60D0F8A83013B1B0F8A4007047FE
:205D8000184670470346802A28BF80221046A3F8A420C3F8A81070472DE9F04105F0BEFA9F
:205DA000FEF7A8FB07F096FF05F0C8FB00216648664FDFF8EC81664D664C674E05F09CFB99
:205DC00000F0AAFB0CF07EFC09F066FC05F0AEFA05F066FC614B1B68984705F0CBFC7B68BC
:205DE0009847D8F804309847A979EB79226803EB0123022A338023DC594B29686A68196061
:205E00005A605848002105F077FB4FF0FF300AF0C7FE2368022B05467FDC05F0A5FAFEF78C
:205E20004FFE5148FEF7FCF90CF076FC05F08CFB04460CF079FC002CF8D105F09BFAF5E792
:205E40004A4A4B494B4805F0B1FA4B4805F01AFC2368022BD0DD454A4549464805F0A6FAA4
:205E6000464B4748196805F0A1FA2368022BC3DD3E4A3F493F4805F099FAD8F80010414811
:205E800005F094FA2368022BB6DD384A3849394805F08CFA39683C4805F088FA2368022BE1
:205EA000AADD324A3249334805F080FA37484AF6CD3105F07BFA2368022B9DDD2B4A2C4937
:205EC0002C4805F073FA32481A2105F06FFA2368022B91DD254A2649264805F067FA318858
:205EE0002C4805F063FA2368022B85DD1F4A2049204805F05BFA284805F058FA2368022BCF
:205F00007FF77AAF284601F03BFB2368022B7FF773AF0A2005F0B4FB6EE7144A14491548C2
:205F200005F044FA1D4805F041FA2368022B7FF774AF284601F014FB2368022B7FF76DAF90
:205F40000A2005F09DFB68E774010020A0310100B0280020940100204628002068320100FE
:205F6000B42C002080020020DC2D0100A8300100842B01008C2B0100B0300100F03301002F
:205F8000E8300100F830010004310100103101002C3101004C3101005C3101007431010037
:205FA0007834010030B590F82D50012D83B0044613D91F250B4B5B6898470B4B0B4A1B6849
:205FC000009380B22346B0FBF5F105FB110104F10C0000F0ABFA03B030BDE91C01258D40C2
:205FE000013DE7E75C340100C0290020716000002DE9F0470D468B6892F82C708146506BEF
:20600000D3E90068144601F043FA686805F084FBA968134801F078FB1248294601F074FB97
:20602000636B1B6873B10023A3852046FFF7BAFF36B13A46494640463346BDE8F04718475B
:20604000BDE8F08704F10C0000F0B8FA2146064801F01EFA2146054801F056FBE8E700BF3F
:206060004001002058010020380C00204C01002000B32DE9F047436B1D6882B00446B5B160
:20608000686805F05FFB63490C2005F02FF90121072005F01FF9604B5B68984700280ADA3D
:2060A000AB6823B1052022462946FFF7A1FF02B0BDE8F087704705F067F8DFF8608190F84E
:2060C0000290D8F8047005F05FF8064605F066F801463046B84705F019F9D8F818600746A7
:2060E000B04770BB002F50D1D8F81CA0D04740BBD8F8087005F052F8B84700285CD002288C
:206100001FD0AB68002BD2D00420CCE707F016FE6FF028031E1A03E007F010FEC64202D545
:20612000D0470028F8D0D04700285DD0D8F81030032101A89847032803D19DF806304B45D6
:206140002AD0AA68002AB2D094F82D300133DBB2052B84F82D3094F82C3006D90133DBB24C
:20616000002184F82C3084F82D10127A9A4205D8224629460120FFF73BFF98E72046FFF725
:2061800011FF686805F0C2FA91E7D8F8086005F005F8B0470028B2D1AB68002B87D094F809
:2061A0002C3000200133294684F82C3084F82D002246FFF71DFF7AE707F0C0FD6FF0180732
:2061C0003F1A03E007F0BAFDC74202D5D0470028F8D0B047002899D1D047002896D1D8F8EF
:2061E00014309847002891D0A96800293FF45FAF94F82C300133DBB2002284F82C3084F859
:206200002D200A7A9A42B9D8224629460220FFF7EFFE4CE7B0280020D83101006832010094
:206220002DE9F04105460D200F4605F067F8064601F0DAF901210B2005F04CF8374B1C685A
:2062400014B914E0246894B13146201D01F0CCF80028F7D0606B01F035F907281EDDDDB1B2
:2062600038462B460122BDE8F041062118472C4801F02EFA04460028F1D03146201D01F04B
:20628000ADF8002304F13002C4E90C322348A385214601F0B1F8DDE7BDE8F081214801F05C
:2062A00017FA064660B3204801F012FAB06018B305F00AFA7060D8B10520D6F8088005F06C
:2062C0000FF8C8E9005710F0FF0006BF082388F8083088F80800606B314601F08DF8636BFA
:2062E0001B689E42D8D12046BDE8F041FFF75ABEB1680D4801F008FA0A48314601F004FA2F
:20630000606B01F0DFF80028A9D12146034801F0BFF82146024801F0F7F9A0E7380C002071
:206320004C010020580100204001002008B5054801F0BCF9044801F0B9F9BDE8084003483F
:2063400001F0B4B958010020400100204C010020014B1B6A184700BF68320100014B5B6AFD
:20636000184700BF6832010010B50D4B82B01B6898470C4B04469B6A01A919209847012822
:206380000BD0002C0198B8BF15248028D4BFC4EB0000C4F1800002B010BD002002B010BD70
:2063A000D831010068320100FFF73ABF00B583B004F0EEFE032804D0244B9B689847002809
:2063C00002DA03B05DF804FB0D2004F097FF204901F00AF818B904F099FF0028F1D00C2055
:2063E00004F08CFF1A4900F0FFFF0028E9D101F005F990B1072004F073FF0028E1D0022330
:20640000ADF8043004F0C0FE124B8278DB688DF80620032101A89847D3E701F015F9072020
:2064200004F05EFF18B90C4B9B689847C9E70223ADF8043004F0A8FE064B8278DB688DF8A6
:206440000620032101A89847EDE700BFD8310100B0280020683201007834010030B50D4C4F
:2064600083B0A56A69461920A84748B901A90420A84738B101F0ACF8FFF758FF236A98470E
:2064800003B030BD0199E36A21F00201019104209847EFE768320100F8B5038805462BB1FC
:2064A000452B14D1882916D00120F8BD174B1C6834B1A168201D00F091F92468002CF8D10E
:2064C000134B01221A7045232B800120F8BD002303800320F8BD0D4B1C68002CF3D0231D3F
:2064E0009A4205D02468231D002CECD09A42F9D10648084E214600F0CBFFD4E90523376848
:2065000032600BB1E06998473760DCE7180D002062280020C0290020024B03480021196081
:2065200004F0EABF180D00206401002070B50E4C049E25784661C0E90623044635B9A16084
:206540000A482146BDE8704000F056BF084D094B2E682B60043000F041F92E6021460348C0
:20656000BDE8704000F048BF62280020180D0020C02900206401002070B50C4B1B780446F9
:206580002BB921460A48BDE8704000F035BF094D094B2E682B60043000F02AF92E6021461E
:2065A0000348BDE8704000F027BF00BF62280020180D0020C02900206401002010B50A4B0F
:2065C0001B7804463BB9C0E9033321460748BDE8104000F05DBF043000F01CF92146034869
:2065E000BDE8104000F054BF62280020180D002008B5084B1B7823B10069B0FA80F0400971
:2066000008BD0146044800F09DFF80F00100C0B208BD00BF62280020180D002010B5044631
:20662000C0B20CF01BF80A2C01D0204610BD0BF0E5FF204610BD00BFF8B588B10F46461E2F
:20664000002500E0013516F8014F20464CB1AF4207D00CF003F80A2CF4D10BF0CFFFF1E7E3
:2066600005460BF0CBFF2846F8BD00BF10B5FDF779FF0B4B1A68D2E9003192680B44191AB7
:2066800052B1D2E9003423441B1A9268994228BF1946002AF5D14318024A136010BD00BFBB
:2066A000200D00201C0D00202DE9F843038805465BB3592B2CD187292FD0822920D12C4FC8
:2066C000DFF8B4803C684FF00009CCB1002603E0A3682646A3B11C4620460AF00FF8002881
:2066E000F6D0E0682246882104F08EFF03464046002B2AD004F0B6FFA3682646002BEAD100
:2067000059232B800120BDE8F883194A1360F7E7002303800320BDE8F883154F396800204F
:2067200019B9EDE789680120D9B1CB689342F9D000B139608B68002BE2D0D868904207BF54
:206740009B688B6019469B68F5E7E360A3686EB1B3603B68C4F808902BB1FFF787FF3C689A
:20676000B3E73960CCE7034A1360C9E73B60F1E7200D00201C0D00207401002010B5044616
:20678000104804F06FFF1049E3680A684BB142B194420FD0134601E09C420BD09B68002B64
:2067A000FAD10A4BA2601B68E3600C60BDE81040FFF75CBF054B1B68E360BDE81040FFF77E
:2067C00055BF00BF74010020200D0020C0290020014804F047BF00BF7401002010B5044655
:2067E00009F076FF2046BDE81040FFF7C7BF00BF10B5044609F074FF2046BDE81040FFF7C9
:20680000BDBF00BF024B1868003818BF01207047200D002010B5124B19688142044614D0A8
:206820000B462BB19A68A24206D01346002BF9D10023C4E9023310BDA2689A6049B1FFF75B
:2068400015FF0023C4E9023310BD82681A60002AF5D1044B00221A600023C4E9023310BD41
:20686000200D00201C0D0020014B1888704700BF4C03002000283ED0037A022B30B410D00D
:206880000378022B15D00379B3B10024C37913F0030318BF012301B10C6002B1136030BCF7
:2068A0007047C579447A037965B90CB9012BF2D0DBB100231C46EEE7447A14F0030418BF52
:2068C0000124E3E7C4B1032D37D1032C2ED0022C24D143BB022D2DD00123032D24D1A4F1C4
:2068E0000204B4FA84F46409D5E7023C012C8CBF00240124CFE770474BB9022D08BF0123B9
:20690000EAD1A4F10304B4FA84F46409C3E7032D01D0022D02D123461C46BCE7002BC8D1AE
:20692000022DDAD1EDE701230024B4E7002BC0D10123D4E701231C46ADE7022DC7D1002B1F
:20694000F1D1022C4FF00103DBD11C46A3E700BF30B500230B608B80437DDB075CBF01234E
:206960000B70037E012B83B00D46044623D901AA694604F11000FFF77DFF009B0BB10223D6
:20698000EB70019B0BB102236B70E37D03F00303022B03D0032B14BF00230823AB70637EA0
:2069A00003F00303022B03D0032B14BF002308232B7103B030BDC37D13F0030309D0437E70
:2069C00013F0030305D0C38B828B9B1AB3FA83F35B092375CBE700BF02280CBF01230723F6
:2069E0000B441A78FF2A184603F1FF3303D18142F7D1012070470020704700BF30B583B024
:206A00006946FFF7A5FF9DF800309DF801509DF802409DF803109DF804209DF8050002337B
:206A20002B4423440B441344184403B030BD00BF70B4437882780578C478DB00120102F0AD
:206A4000100203F008031343027905F0070564012B4304F020049201234302F040021343E6
:206A60000B7043798579467AC479027A03F001036D0043EA861305F00205A0002B4300F044
:206A80000C001201034302F03002134370BC4B70704700BF70B582B00D4604466946FFF721
:206AA00057FF04F110002946FFF7C2FF9DF80030012B04BFA37EAB709DF801300CBF0320B1
:206AC0000220022B06D1A38B2B54A38B421C1B0AAB5402309DF8026056B1731E23442918CA
:206AE0001A7801F8012BA34203F1FF33F8D130449DF80330022B06D1E38B2B54E38B421C12
:206B00001B0AAB5402309DF8046056B1F31D23442918073413F8012901F8012BA342F9D123
:206B2000304402B070BD00BF30B40278437802F00700C2F3C005C2F300140870C2F3401071
:206B4000C2F380124D708C7003F00105C3F34004C8700A71C3F38100C3F301129B094D712D
:206B60008C71C87130BC0A724B727047012943DD2DE9F04186B00F4603A914460546FFF7A0
:206B8000D3FF03AB03CB9DF811201B882383206161616AB3AE1C03A802AA01A9FFF76AFE0F
:206BA0009DF81380B8F1000F43D0029B002B31D1B8F1020FA38367D0B8F1030F4DD09DF894
:206BC0001580B8F1000F2CD0019BBBB9A38BE383B8F1020F4DD0B8F1030F31D0701B3B1A55
:206BE0008742C4E90E6300DA002006B0BDE8F081AB78A376EE1CCEE700207047717816F81F
:206C0000023B029A03EB01239BB2E383002ADFD1A383DDE7727816F8023B03EB02239BB27D
:206C2000C6E71E4904F1080000F0D8FBA4F81E80D4E71A49204600F0D1FBA4F81C80BEE729
:206C400006F10800034604F1080213F8011D02F8011BB342F9D10646C0E706F108000346B4
:206C6000621E13F8011D02F8011FB342F9D10646A5E70A4904F1080000F0B0FB737823724F
:206C800016F8023B6372A9E70449204600F0A6FB7378237016F8023B637090E7E4310100D7
:206CA00030B591B004F060FA044604F071FA6A4601462046FFF75AFF00283ED0044604F097
:206CC00037FAD0B39DF810100B2004F003FB9DF81310072004F0FEFA9DF817308BB1BDF896
:206CE0001C50FFF7C1FD854205D0BDF81C204FF6FF739A4221D19DF817006946FFF76CFEA7
:206D0000B0B102A90C2004F0F1FA9DF815303BB14FF6FF71062004F0DDFA204611B030BDDC
:206D20009DF81A10062004F0D5FA204611B030BD69460D2004F0DAFAE3E74FF0FF34ECE7E4
:206D4000F8B505460B2014460E46A84700232074A37496B3E37463750820A84700270123CB
:206D60002376A07567740620A847A076FFF77CFDE0830920A84701280CBF3B460323637601
:206D8000FFF772FDA0830A20A84701281AD066B90323E375637E022B0CD0E37DA3F10203BF
:206DA000B3FA83F35B092375F8BD0223E375637E022BF2D101232375F8BD0720A84766754F
:206DC000E074C9E7E775E5E730B591B00546FFF74BFD4FF6FF74A0423AD040220021684603
:206DE0000BF09AFE04F092FA6A4601461A48FFF7A7FF04F08BFA18B3ADF800400C2004F042
:206E00007DFA014602A800F0E9FA04F0ADF90E9004F0BEF9034668460F93FFF7EFFD04468F
:206E200015B9204611B030BD04F052F980B104F0ABF901466846FFF72DFE204611B030BD3E
:206E40000D2004F05BFA0146684600F0C7FAD5E74FF0FF34E5E700BFE1B200000120FFF7B3
:206E6000B3BF00BF0020FFF7AFBF00BF0649074A074B9B1A03DD043BC858D050FBDC09F0C8
:206E8000D5F9FAF72DFA0000FC3501000800002058030020FEE7FEE7FEE7FEE7FEE7FEE7D9
:206EA000FEE7FEE7FEE7FEE700F01F030121C0F34710994000F066B808B501F0DFFC00B1DF
:206EC00008BDBDE8084001F08FBC00BF30B583B01446022301F01F0100228DF8063014F07C
:206EE0000C0341EA4015ADF8042006D0042B25D0082B27D00C2B02D103238DF8043014F029
:206F0000030304D0022B15D0012B02D103238DF805300E4A01A9284601F0BAFC23062846F8
:206F200003D401F0B3FD03B030BD012101F042FD03B030BD01238DF80530EAE701238DF8EF
:206F40000430DCE702238DF80430D8E7A96E000001F01F0141EA40101F28CABF054B4FF09B
:206F6000A04300F01F00D3F8101521FA00F000F001007047000300500146014800F03CBAB3
:206F8000240D002070B50C4B1C689CB105460E4601E0246874B1237AAB42FAD1E36816EA82
:206FA0000301F6D063682846002BF2D098472468002CF0D170BD00BF240D0020024B0022DD
:206FC0001A60FFF779BF00BF240D0020EFF3108072B6704780F31088704700BF032824D800
:206FE000124B00EB40001A181B5C9178527803F01F0343EA421361B11F2BC6BF0C4903F0CD
:207000001F034FF0A041012202FA03F3C1F80C3570471F2BC6BF064903F01F034FF0A04115
:20702000012202FA03F3C1F808357047302F01000003005003281ED80F4B00EB40001A1803
:207040001B5C527803F01F0343EA42131F2BCCBF0A484FF0A0404FF00101D0F80425C8BF59
:2070600003F01F0301FA03F323EA02011A40C0F80815C0F80C257047302F01000003005078
:2070800070B41A4A1A4D0023012440FA03F1C90712D59178B9B11178567801F01F0141EACE
:2070A00046111F29C6BF01F01F012E464FF0A04604FA01F1C6F80C150133042B02F10302D8
:2070C000E3D170BC70471178567801F01F0141EA46111F29C6BF01F01F012E464FF0A046B8
:2070E00004FA01F1C6F80815E6E700BF302F01000003005070B41A4A1A4D0023012440FA15
:2071000003F1C90712D59178B9B11178567801F01F0141EA46111F29C6BF01F01F012E4615
:207120004FF0A04604FA01F1C6F808150133042B02F10302E3D170BC70471178567801F025
:207140001F0141EA46111F29C6BF01F01F012E464FF0A04604FA01F1C6F80C15E6E700BFBB
:20716000302F0100000300500E4A30B40E4D02F10C0403201378517803F01F0343EA4113B5
:207180001F2BC6BF03F01F0329464FF0A04103F5E0730332944241F82300EBD130BC0F20F3
:2071A000FFF7A8BF302F01000003005010B50948FFF7E2F9084800F0ADFB50B1064C014656
:2071C0000B7A5B080B72204600F070FB01460028F6D110BD90280020840100200146014879
:2071E00000F0C6BB8401002080B110B50446FDF7B9F92368C01AB0F5963F05D2207A032818
:2072000094BF0020012010BD002010BD0020704770B50546144689B1022907D006290CD137
:207220000146BDE870402A4800F0A2BB0146284800F09EFB0646002832D170BD014624485C
:2072400000F096FB0646002835D0FDF78BF9337A30602344102BA8BF10233372FDF782F92F
:207260003368C01AE401B0F5963FA4B208D2337A042BB38834BF19220A222BB9B48070BD54
:20728000B3881922002BF9D002FB04F41149C2F1640203FB0242A1FB02325209B28070BD50
:2072A000FDF760F9337A30602344102BA8BF102333720C34D2E7334605482946082200F01B
:2072C000B7FB06460028B8D047F6FF73C380BCE7840100201F85EB5138B50546042003F097
:2072E000FFFF29460446214824B200F041FB38B3B0F9063047F6FF7293422CD004EB8404AC
:2073000062005A251A4C818813FB052384FB0324DB17C3EB641424B2C48081B904F15A0284
:2073200012B222EAE2721E2A124BA8BF1E22D201A3FB0232120902F5807292B2828038BDF9
:20734000034629460948082200F072FB0028F6D047F6FF73C3808388C480002BEFD147F646
:20736000FF739C42DAD14FF48072E7E7840100201F85EB518988888838B5094800F0CAFA77
:2073800060B1074D04462146284600F0BFFB2146284600F08BFA04460028F4D138BD00BF8A
:2073A0008401002000B5002183B0084800F05CFA074B084A1B680093074800234FF4E13108
:2073C000FFF7B4F803B05DF804FB00BF84010020C0290020AD710000902800200B684A687C
:2073E00042600360704700BF08B508220BF05EFBB0FA80F0400908BD0368DBB110B40024D0
:2074000000E0134699420FD01A681C46002AF8D100230B600368CBB11A461B68002BFBD153
:2074200011605DF8044B70470A686CB1226000221A60EDE700230B6003684BB11A461B6827
:20744000002BFBD1116070470260F0E70160E8E70160704730B405684DB12B46002400E0C8
:207460001346994207D01A681C46002AF8D10D6030BC016070470A683CB1226000221A603C
:2074800005680D6030BC016070470260F6E700BF03689BB110B4002400E0134699421A68DB
:2074A00005D01C46002AF8D15DF8044B704734B1226000221A605DF8044B704770470260D0
:2074C000F7E700BF03682BB100201B680130002BFBD170471846704730B479B1036843B1C4
:2074E000002500E023469A4217D01C681D46002CF8D10B6813600A6030BC7047056845B129
:207500002B4600E023469A4210D01C681946002CF8D11560026030BC704725B110682860CD
:2075200000201860E5E714680460F9E739B114680C6000211960056815600260EBE711682C
:207540000160F6E7006848B1884202D105E0814203D000680028FAD170470120704700BFCB
:2075600000B58BB00246282168460AF0FBFE6946024803F01BFF0BB05DF804FBB82F0100EC
:20758000F0B170B50024104E054654B1E3070DD5295D304603F00AFF072C10D00134002C1B
:2075A000F4D12978304603F001FFF7E72E2004F067F8295D304603F0F9FE072CEED170BD78
:2075C000024803F0F3BE00BFFC310100EC31010008B5034B5B689847024B187008BD00BFAC
:2075E0005C34010063280020034B197806204A1C1A7003F06FBE00BF63280020F8B5FCF730
:20760000B1FF104E0746344600250C2003F076FE2146FFF7E9FE103420B90135102DF4D144
:207620000020F8BD062006EB051503F059FE2B7B8342F5D1A868381AB0F5206F8CBF0020C8
:207640000120F8BDE80D0020F8B5174E0024374635460C2003F052FE2946FFF7C5FE103535
:20766000F8B90134102CF4D10F2407EB0414254654F8100D6168A268E368A6420FC5F6D171
:20768000062003F02DFE3873FCF76CFF0346BB600C2003F033FEBDE8F84001460248FFF785
:2076A0009DBE002CE1D1EBE7E80D002010B504464288406800210BF02FFA23886288A06847
:2076C00002FB03F2BDE8104000210BF025BA00BF30B44588ADB14368002202E00132AA422C
:2076E0000CD0194601330C78002CF7D101230B700588806802FB050030BC7047002030BCDE
:2077000070472846F8E700BF30B44488826854B18A420CD00588002301E0914208D00133EF
:20772000A3422A44F9D14FF0FF3030BC704700234268D15C0029F6D00020D05430BC70474B
:2077400083688B4208D84288008800FB023081422CBF00200120704700207047418849B1D2
:2077600043680020194413F8012B02B901308B42F9D170470846704738B50D4B0D4D1C6848
:20778000002818BF05463CB1211D2846FFF72CFE28B92468002CF7D14FF0FF3038BD064AD2
:2077A000064B9068241AA01003FB00F038BD00BF180F0020E431010098010020ABAAAAAA31
:2077C0002DE9F84F224CDFF89CA0DFF88C90214F0546884604F1200B54F8043FBBB19E682E
:2077E000AEB1A5B1D9F80820AA1A91100C3207FB01F10CD05A68D86802FB010038B11AF86D
:2078000001201B6842FA03F3DB0700D5B0475C45E2D1D5B1104B0F4A9B68EB1A9B1002FBA6
:2078200003F30E490E480022CA5429460AF80320FFF72EFEB8F1000F01D1BDE8F88F29468A
:207840000548BDE8F84FFFF75FBF4FF0FF33E8E7E40E0020ABAAAAAA98010020080F0020F0
:20786000180F0020F00F002038B10368072B04D80C4A52F82330984210D00B4A1368072B91
:207880000AD830B4074C03605D1C8160156044F82300012030BC70470020704781600120A1
:2078A000704700BFE80E0020EC0F0020F0B5164B164D9C68164E20B301B3C768D0F804C00E
:2078C000C91B91FBFCF101EB4102013119D014EB820314D054F82230A3EB040E4FEAAE0272
:2078E00005FB02F20CFB02714BB11EF10C0F08D021B1B35C02681341DB07DCD50B4618463B
:20790000F0BD00231846F0BD98010020ABAAAAAAF00F0020124B1968F9B1124B9B68C91A40
:20792000D0B111F10C0F17D010B40F4B4468C268891003FB01F304FB032149B10B4C026865
:20794000E35C1341DB0703D508465DF8044B70475DF8044BFFF7AABF0021FFF7A7BF00BFF2
:20796000180F002098010020ABAAAAAAF00F002010B504460846FFF7FFFE84B1431C024613
:207980000DD06368E06803FB020038B1054B21689B5C0B4113F0010F08BF002010BD00200B
:2079A00010BD00BFF00F00202DE9F84316460D46FFF7DEFF28B10024012006B13460BDE83B
:2079C000F88304462846FFF7D7FE0130F3D11448FFF7C4FE0028EED1124B1D68F5B1DFF85A
:2079E0004C90DFF83C80104F06E02046291D05F095FB04462D686DB1D8F80830EB1A9B10ED
:207A000007FB03F319F80330002BF3D1002CECD12C1DEFE7201E18BF0120CEE72046CCE72F
:207A200098010020180F0020ABAAAAAA080F00202DE9F04182B060B32F4B0C46002908BF1E
:207A40001C46214601AA0546FFF7AEFF08B32046FFF792FE461C21D06A68EC6800FB024463
:207A6000002120460BF058F8EB686A68E31A93FBF2F35A1C06D021492D68C85C0122AA4023
:207A80000243CA54204602B0BDE8F081B8F1000F1DD10024204602B0BDE8F081184FDDF821
:207AA00004803846FFF714FE06460028EED015483146FFF7A1FCBB682146301DF41AFFF748
:207AC0008DFC14F10C0F12D16A680024C8E74046FFF752FE411CDCD0BB6800EB400013EB54
:207AE0008006D6D000213046FFF76AFEDFE7064BA01003FB00F0AFE7E4310100F00F0020E5
:207B000098010020180F0020ABAAAAAA18B319B3C3684268CB1A93FBF2F35A1C1CD070B472
:207B20000F4E0568F45C012202FA05F524EA0504F454C3684468CB1A93FBF4F3591C0DD030
:207B4000084C0068E15C02FA00F021EA0001E154104670BC70477047002070471046F8E703
:207B6000F00F0020080F002098B199B1C2684368891A91FBF3F14B1C0CD010B4064A036872
:207B8000545C012000FA03F3234353545DF8044B7047704700207047080F0020A0B1A1B154
:207BA000C2684368891A91FBF3F14B1C0DD010B4074C0268635C012000FA02F223EA020338
:207BC00063545DF8044B704770470020704700BF080F002088B179B1C3684068C91A91FB6A
:207BE000F0F14B1C08D0054B986801EB410110EB810002D00430704700207047980100201E
:207C000070B50B4B1C685CB105460E46012D09D01DB963680BB1984718B92468002CF5D127
:207C2000002070BDA3683046002BF6D09847F3E700100020064B074A01211960D2F8503510
:207C400013F0FF03FAD1C2F8FC3F0120704700BF1010004000100040A1B1192810D8DFE8D6
:207C600000F00D770F0F6E65605B453F0F3A0F0F0F36322E2A0F26221E1A1713002070479A
:207C800001207047022070477D230B600020704700200860704710230B60002070470A2370
:207CA0000B600020704720230B600020704703230B600020704708230B6000207047D8232D
:207CC0000B60002070471A230B60002070470B230B6000207047244B1B780B60002070472F
:207CE000224B93F900300B6000207047204B214A012082B018601368002BFCD00020106076
:207D000012681D4B0192019AD3F8483503F07F035B420B6002B07047184B5B790B60002063
:207D20007047164B5B780B6000207047134BDB7800200860002BA1D001230B6070470F4BA1
:207D40001B7800200860002B98D004230B607047094B0B4AD3F80835A2FB03239B080A33D8
:207D6000DBB20B60002070476428002065280020141000401C11004000100040B4010020E5
:207D8000CDCCCCCC0120704770B582B0FFF71EF9BFF35F8F1C4B1B78ABB11C4B1C49022290
:207DA0004FF0FF34C1F80843C3F88021C3F88020BFF34F8FBFF36F8FBFF35F8F02B0BDE85F
:207DC0007040FFF707B9134903F0FF020A600968114B019101991A601A680D490B4B009250
:207DE0004FF0FF3502224FF44054009EC1F80853C3F88021C1F804431A60BFF35F8F02B03B
:207E0000BDE87040FFF7E6B8B401002000E100E0001000403011004034110040144BD3F863
:207E2000FC0F28B1D3F85035DBB2032B01D000207047104B1B7803F0FF0073B10E4B1B78BB
:207E4000053B7A2BF3D80D4B1B68002BEFD10C4B1868B0FA80F040097047074A1378053B9F
:207E60007A2BE5D892F8800080F00100704700BF00100040B40100200410002030110040D5
:207E8000341100400D2801D001207047042A05D121B1034B1B680B600020704702207047BD
:207EA0008810002070B51B4CD4F85055EDB2032D82B028D0184B1948194AC4F804051949C6
:207EC000C3F8102501264FF00062C3F81415C3F80465C3F80425FFF757FFD4F8003243F081
:207EE0001003C4F80032D4F80032022D43F40023C4F8003209D00C4B0C4A002119601B6869
:207F00000193019B166002B070BD094B1E6002B070BD00BF0010004000F0014004100020B7
:207F2000381100404C80004058110040041000400810004070B5304D304C314A00232B6010
:207F400084B02D680095009D236024680194019C1360146802942B4D029C42F8043C2C782C
:207F600052F8043C0393631F7A2B039A02D8023CA1420ADA8122002122480AF0CDFDFFF756
:207F800091FF0024204604B070BD2246691C0AF09BFD2B191C4E5B781C4A3F2B9ABF9B0022
:207FA000DBB2FF233370D2F84835194A03F07F035B425BB299B20420137003F08BF9317894
:207FC000032003F087F9134B2A7813491A74D1F84C055860D1F8481599605200DA605D68DF
:207FE000084881220021023D1D600AF095FDFFF759FF204604B070BD381100400C110040AA
:208000003411004004100020642800200010004065280020881000200080004010B5038836
:2080200004461BB340F2D332934224D1822901D0012010BD124A1378053B7A2B16D8114BA7
:208040001B6813B992F8803083B10AF06DFB03F0D3F803F089F88021FFF76CFF002805DDC3
:2080600080B203F07BF8084BDB68984740F2D3332380012010BD00230380032010BD00BFD5
:208080000410002030110040A03101007D2910B50C4609D801460A48A31C00F8013B2246C7
:2080A0000AF012FD002010BD064A0749074803F07DF921467D22064803F078F9012010BDCC
:2080C0009C10002004320100143201008C2B01001832010070B4164B1649174C0F22C3F820
:2080E00010258A780A3A02EB8202C3F808250879CD798A794979120642EA0522024342EA44
:208100000142C3F86C2640F2022600250B48C3F834657F2140F20122C3F83845C3F83C5530
:20812000C3F81405C3F81815C3F8502670BC704700100040B401002021100100080000060A
:2081400008B5084BD3F8FC2F1AB1FFF7ABFE012008BD0122C3F8FC2FFFF7BCFFFFF7A2FE79
:20816000012008BD0010004030B585B0FFF7E8FF104A11491148124C0023136015680395BC
:20818000039D0B600D680295029D03600368019301230198236001E00B6813B91368002BC1
:2081A000FAD0044A044B10681B68B0FA80F0400905B030BD48110040441100404C1100408D
:2081C0002C10004010B5072867D8DFE800F01A2A666648525A04364A3648C9B25171D0F82E
:2081E000FC3F5BB11179D479937952791B0643EA04230B4343EA0243C0F86C360024204671
:2082000010BD01294FD000294AD12B4A294B01211160D3F8504514F0FF04FAD1C3F8FC4F50
:20822000EDE7A1F10B030F2B3AD8214A214BC8B29070D3F8FC2F002AE0D01F4A0120106063
:20824000D3F8504514F0FF04FAD10A3901EB8101C3F8FC4FC3F80815FFF772FFCFE731F01F
:2082600007041DD1124BC1F380011970FFF78CFDC5E731F0010413D10D4BC9B2D970204633
:2082800010BD0B4A0B4BC9B25170D3F8FC2F002AB4D0C3F80C150024B1E70124204610BD96
:2082A0000224204610BDFFF74BFF0024A7E700BFB4010020001000401010004010B57D28C5
:2082C00084B04BD82C4CFFF73BFFE378002B3FD163782A4A2A49DBB20120C2F80C35086036
:2082E000D2F85035DBB2022BFAD12649264BC2F8043500230B600868019001980B66086EC8
:20830000029002988B648B6C0393039BD2F8003223F01003C2F80032D2F80032012143F4B4
:208320008023C2F80032116005F008FD6FF002031C1A05F003FDE042FBD4104AD2F850351A
:20834000DBB20B2BFAD0FFF7ADFD002004B010BDFFF70AFF0028BBD10220F7E70B4A0C49F2
:2083600004460C4803F022F821460B4803F01EF8012004B010BD00BFB40100200010004009
:208380000C1000400C1100409C10002004320100143201008C2B01003432010010B50C46A4
:2083A000FFF774FE2046BDE81040FFF787BF00BF10B51A491A481B4A1B4C00230B600370A8
:2083C0004B6023708B6082B0CB600B741360136800934FF080430121009819601368002B3C
:2083E000FCD0002414601368019321460F48019B03F082F8214681220D480AF08DFB0D4B0A
:208400000122C3F8FC2FFFF765FE0B4A1378DBB21370FFF7B9FC204602B010BD88100020C2
:20842000642800200001004065280020A40100200410002000100040B4010020074A1378A8
:20844000053B7A2B07D8064B1B6813B992F880007047012070470020704700BF0410002055
:2084600030110040154B1B7803B1704700B503F0FF02134B196883B029B9124B1A6882B966
:2084800003B05DF804FB1A601B6800930E480F4B009A012283F8802003B05DF804EB03F0D3
:2084A000E1B819601B68019381220848019B0AF033FB03B05DF804EBFFF7F4BCB40100206A
:2084C0003011004034110040A40100200410002010B40346002253E8000F00EA020143E80C
:2084E000001494F0000FF6D15DF8044B704700BF10B568B90E4CA368012262703BB1D3E90C
:2085000000230020A2609847A368002BF7D110BD0128FCD1064C2369A070002BF7D0D3E9DA
:2085200000230120226198472369002BF7D110BD1C11002010B50B4C237882B013B18520AA
:2085400002B010BD08486360A3602361E36000F0B5F8019000F0BEF801980123237002B0E9
:2085600010BD00BF1C110020F184000038B5154DAB78044673B110B1436801209847002041
:20858000FBF73CFEEB680133EB600020BDE83840FBF73CBE03F0FF00FBF730FE64B12A69FA
:2085A00042B1944208D0134601E09C4204D01B68002BFAD122602C61EB68002BE2D100F085
:2085C0009FF8DFE71C11002038B5154D6B78044673B110B14368002098470020FBF70EFEC8
:2085E0006B6801336B600020BDE83840FBF70EBE03F0FF00FBF702FE64B1AA6842B19442DA
:2086000008D0134601E09C4204D01B68002BFAD12260AC606B68002BE2D100F089F8DFE7A7
:208620001C11002038B50B4C0020FBF7E7FD6368013B6360656825B1BDE838400020FBF717
:20864000E5BD00F087F865700020BDE83840FBF7DDBD00BF1C11002010B5074C23784BB9A8
:20866000064B002808BF184600F044FB08B90123237010BD852010BD66280020A0320100F5
:2086800000B583B0019000F069FB00F06FFB019800F056FB00F05AFB002003B05DF804FB6D
:2086A00010B4034653E8000F00EA010243E8002494F0000FF6D15DF8044B7047044A137998
:2086C00023B9012110609180184670478520704730110020084B1A68D20704D4C02283F866
:2086E000002301221A60054A4FF080410123C1F818351370704700BF00E100E0D332002062
:2087000010B4094B094A0021196083B01B680193019C4FF0804102200123C1F804031360F4
:2087200003B05DF8044B70470401004008000040074B00221A6082B01B68019301994FF08E
:2087400080430122C3F804231A6002B0704700BF00010040074B01221A604FF08042D2F8B4
:208760000C3403F00113B3F1011FF8D0024B00225A717047040000403011002010B5174B69
:208780001A6882B062B10021154A19601B68507900934FF080410123009CC1F8083398B13D
:2087A000104B1A68BAB100221A601B6801934FF0804202210A4B0198C2F808131B68012033
:2087C00002B0BDE810401847116853718847054B1A68002AE7D102B010BD00BF0001004054
:2087E000301100200401004030B41F4C94F86A3082B0002B33D104F12F03204604F15F011B
:20880000FF2203F8012F8B42FBD14FF0FF3222600123072B88BFE11803F1010340F8042F88
:2088200088BF81F858200C2BF3D11049104B0020C0228880606683F8062340221A600D4BA9
:208840000D4A18601B680193019D01214FF0004384F86A10C2F8043302B030BC704708208C
:2088600002B030BC704700BF381100209C11002000E100E07C61004000600040034B93F857
:208880006A00003818BF0120704700BF38110020F0B4454F3B1893F93030002B5DDA91F8FD
:2088A00002C0CCF3400CBCF1000F0CBF0823002307EB8304A4F104040CBF0C26082602E0F3
:2088C00001339E424CD954F8045F0135F8D13C1847F8232084F83030BCF1000F4FD08A7822
:2088E00054071AD4D5074ED41F284C7887BF2F4D00F01F0202464FF0A04502F5E072A400FA
:2089000045F822402A4DC40800F0070C2E5D012202FA0CF232432A558A7812F0020222D0DC
:208920009B0003F1804303F5C0430978D3F8104524F44F3424F44074C3F8104502020904C1
:20894000D3F8100501F4403102F47C520A430243C3F810250020F0BC70470820F0BC70477D
:208960000420F0BC7047083B1F44097897F8603043EA811387F860301046F0BC7047FA188F
:2089800082F85800ABE71F2887BF084A00F01F0404464FF0A04202EB8402D2F8004724F07E
:2089A0000204C2F80047ADE738110020000300509C11002070B4324C251883B095F9303093
:2089C000072B22DD234493F858309B09032B46D0012B0CBF4FF400324FF440321F288ABF53
:2089E000284B4FF0A04300F01F0003EB8000D0F8003723F44033C0F80037D0F800371A4391
:208A0000C0F8002703B070BC7047DAB2072AF9D8980000F1804000F5C04003F1400292004D
:208A2000D0F8106592B202F1804202F5C04246F00106C0F810650020106012680192019A65
:208A40000029DFD095F9302054F82220002AD9D00D49012202FA03F3C1F80433D2E71F28A4
:208A60008ABF084A4FF0A04200F01F03D2F8102598BF0346DA4002F0010202321204ADE79C
:208A8000381100200003005000600040194B034493F93030072B13DD1F288ABF164B4FF091
:208AA000A04300F01F0003EB8000D0F8003723F44033C0F80037D0F80037C0F80037704739
:208AC000DAB2072A14D810B49A0002F1804202F5C0420A4CD2F81005012120F0010001FA7E
:208AE00003F3C2F81005C4F808335DF8044B7047704700BF3811002000030050006000408D
:208B00002DE9F04F002289B0CDE9022216461546704B714C7148012204E0043383424FEAA7
:208B2000420211D019680129F7D1D4F804131142F3D01D60196800910433834246EA0206E1
:208B400000994FEA4202EDD1654B1A68012A07D016F0FF0F17D1002E32DB09B0BDE8F08FF9
:208B600000221A601B6801934FF0A042019BD2F810255C4B0292D3F81035039316F0FF0F91
:208B80001ED046F00046584F01250024A30003F180432E4203F5C0434FEA45050BD0D3F88C
:208BA000100557F82420D3F81015C0F30520C1F3014102B190470134082CE7D1002ECCDAD0
:208BC0004FF0FF33494D0DF1100ACDE906330022CAF804200492A5F16408454C0027012608
:208BE00014F9010B431C32D0C0F3C20E08AB03EB0E0C00F007031CF8081C06FA03F319423A
:208C0000C2B200F03F0022D008EB0009910999F9309058F82990B9F1000F4CD003294CD0B1
:208C20001F288BBFDFF8BCE04FF0A04E02F01F0202460EEB82021CF818ECD2F800C71EEA7A
:208C4000030FCCF3014C1BD1BCF1030F3CD0A542C6D1002F81D04FF0A0430299D3F8103574
:208C6000204A9942D2F8102503D1039991423FF474AFDDE90401CDE90232CDE90601ACE712
:208C8000BCF1020FE3D1032904D0B9F1000FDED0C847DCE74FF4403CD2F8003723F44033DF
:208CA000C2F80037D2F8003701374CEA0303FFB2C2F80037E9E70329C9D11AF80EB04BEA11
:208CC000030B0AF80EB0ABE70329DED14FF4003CE2E700BF00610040006000402061004050
:208CE0007C61004000030050381100209C11002098110020104A1378DBB910B403780F49F5
:208D00004FF08044C3F34003C4F88035037803F00103C4F878350B68DB0704D4C02381F882
:208D2000003301230B600123137000205DF8044B70478520704700BFD432002000E100E04D
:208D4000014B02681A607047AC1100204FF080434FF46072C3F80423704700BF4FF08043DE
:208D60004FF46072C3F80823704700BF014B00221A607047AC11002010B54FF0804386B009
:208D8000D3F80443620705D5D3F8082103F58473002A4ED1A30603D52A4B1A68002A3FD1A0
:208DA000600603D5284B1A68002A2FD1210602D5264B1A680ABBE20502D5254B1A6892B9A5
:208DC000A3050ED5234B1A685AB100221A601A68214B0592059A1B68022006B0BDE81040FD
:208DE000184706B010BD00221A601B4A1B68049301201368049A9847E2E700201860164A9C
:208E00001B6803931368039A9847D4E700221A60124A1B68029301201368029A9847C5E7B4
:208E2000002018600D4A1B6801931368019A9847B6E700221A600A4A1B6800931368009A7F
:208E40009847A7E714010040180100401C0100402001004024010040AC110020A81100201E
:208E6000A411002008B5FFF787FFBDE80840FFF785BC00BF074B0849084A0020186082B042
:208E80001B680193019BD1F808051368C0B202B0184700BF00D1004000D00040B01100208A
:208EA00070B443791E4C1F4E03EB430546F82320655D8DBB90F904308A78002B24DB03F15D
:208EC000604303F561435201D2B283F8002390F90430002B07DB144D03F01F0601225B0914
:208EE000B24045F8232003680A88C3F8082543790879C97803EB4303E21801255070917088
:208F0000E554002070BC7047084D03F00F0352011D44D2B22A76DAE7082070BC704700BF58
:208F2000B4110020B811002000E100E0FCEC00E00368044A01211960437903EB4303022173
:208F4000D1547047B411002010B403680022C3F8002183B0D3F80031026801930123019C35
:208F6000C2F8443311B10268C2F8043303B05DF8044B70472DE9F041274F284EDFF8A0806B
:208F800084B000244FF48035D7F804332B4211D056F824200023E0B262B1C7F84853C7F8BA
:208FA000085346F8243056F824300393D8F80030039A98470134032C4FEA4505E4D1164B13
:208FC000D3F80423D10702D5D3F80021C2B9124BD3F80423920710D5D3F804216AB100228F
:208FE000C3F80421D3F804210D4B0192019A1B68052004B0BDE8F041184704B0BDE8F081C0
:209000000022C3F80021064AD3F80031029304201368029A9847DAE700B0004040B1004075
:20902000B8110020084B09491B68094AA1FB03139B0C916800FB03F09368CB1A23F07F43D7
:209040008342F9D3704700BF7C02002083DE1B4310E000E030B44C689C4208D200254560C2
:209060000968016093420CD0002030BC704743600D6805600868E41A18449342C1E90004E0
:20908000F2D1201E18BF012030BC704710B4D1E900439A4228BF1A46C0E90042D1E900307B
:2090A000801A1344C1E90030003818BF01205DF8044B70474B689A4228BF1A4662B10B68FE
:2090C000C0E90032D1E90030801A1344C1E90030101E18BF012070471346F1E710B5094BD9
:2090E00009491A68094C82B0002301208DF804008DF80730ADF8053001A823700B70904724
:2091000002B010BDE41200206A28002067280020704700BF00B583B00D4B0E4900228DF8A5
:209120000420D3F82025ADF80620D3F8C0040A4A0968136800280CBF4FF480704FF00120DB
:20914000034301A81360884703B05DF804FB00BF00700240E4120020C0110020F8B54B68FF
:209160000B4F934228BF13461D460C4606461A460968384609F0A8FCC6E90075D4E9003082
:20918000401B2B44C4E90030003818BF0120F8BDEC12002070B54B68934228BF13460D46E5
:2091A0001C4606465BB933607460D5E90032121B2344C5E90032201E18BF012070BD044B70
:2091C00009681846224609F07FFC3060ECE700BFEC12002010B5274BD3F80044C3F800445F
:2091E00082B0BFF36F8FBFF34F8FBFF36F8FBFF34F8FE1050ED5204B20491A680220002359
:209200008DF80730ADF805308DF80400012301A80B709047A2050DD5174B18491A6803201F
:2092200000238DF804008DF80730ADF8053001A80B70904763051AD5104B1A78BAB10D4CE9
:209240000F48012100221A70C4F808150160BFF36F8FBFF34F8F084BADF8052004211B68AA
:209260008DF807208DF804100DEB0100984702B010BD00BF00700240E4120020672800201C
:209280005870024070B5394A0126136806FA01F423431360030682B0054610D4344B1B6840
:2092A0001C420AD1334B8DF8060006221B688DF807608DF8042001A8984702B070BD2E4B4C
:2092C00000F00F0133F8113003F1804303F51C331A68DAB100221A60BFF36F8FBFF34F8F3B
:2092E000264B80281B6822D0082B08BF244B254808BF1A60244B03EB01120026927B0670B0
:20930000032A4FEA011029D01B583BB3184B19682140D2D1174B8DF8065006221B688DF827
:2093200007108DF8042001A8984702B070BD082B08BF134B134908BF1A60144B93F89E2069
:209340000020032A087003D0D3F89030002BDDD16FF001010648FFF7A3F9D7E7012303FAF1
:2093600001F1C9430248FFF79BF9CFE7C0110020BC110020E4120020B0320100300100104D
:209380001C7C02406828002054120020C4110020064B93F900201878002AB4BF002110214C
:2093A00000F00F031944FFF76DBF00BF6A2800202DE9F04FDFF8F4A2DFF8F882DAF8004096
:2093C000D8F80030234089B000F0C68013F0012400F0C58094FAA4F4002C00F0C580B4FA29
:2093E00084F70F2F3D461BD8DFF8CCA24FEA071B0AEB07165AF80B30B289716806A898475E
:2094000067F07F09012302974FFA89F903FA07F708B94AF80B006FEA070B05F008072CE061
:20942000A7F11003974A4FF0010BDDB20BFA07FB4FFA83F913F008032C4602EB05166FEA19
:209440000B0B019340F0988003950022019205F594738D4A52F82330B28971683768029310
:2094600006A8B847069A22B1079A029B934200F2DB80019F029400B93060844B1B68082B68
:2094800002D1834B82221A60D8F80020B368079902EA0B020B44C8F800207E4AB360B9F1B5
:2094A000000F4FF001031370069A73DB002F00F08580754BC3F8A027C3F8A417734B1B68CC
:2094C000082B4FEA850540F08A80734B1B68002B40F08580B9F1000FB4BF042328231D44BC
:2094E0006E4A6F49029B6F4EDFF8D081EDB2B4BF9146894605F1804509EB430905F51C357C
:20950000002701243760BFF36F8FBFF34F8F2C60BFF36F8FBFF34F8F0220FFF783FD336829
:20952000002BEFD01E20FFF77DFDD8F800309A0606D40220FFF776FDD8F800309B06F8D520
:209540000120FFF76FFDB9F8003003F1804303F51C331B68002BD4D009B0BDE8F08F93FAED
:20956000A3F4002C7FF43BAF1023464E039399464FF0FF3B254668E7434BD3F8C034D90333
:209580007DD5B28971683468019F029506A80023A04770E7002F61D105EB85039B0003F11B
:2095A000804303F51C33AD00C3F80026C3F80416364B1B68082B5CD0042311E005EB85034B
:2095C0009B0003F1804303F51C33AD00C3F80027C3F804172D4B1B68082B3FF476AF2823BC
:2095E0002B44DBB203F1804303F51C3301221A60BFF36F8FBFF34F8F284B294A2A4913EA3E
:20960000290938BF9146029B39F8132002F1804202F51C3202E00B68002B9DD11368002BBB
:20962000F9D009B0BDE8F08F02245946B4731F48FFF736F81E4B03991B688DF81740062281
:209640008DF816108DF8142005A89847DAF80030D8F8004023407FF4B9AE7DE70A4BC3F857
:20966000A026C3F8A416094B1B68082B4FEA8505A2D1094B1B68002B3FF42CAF9CE7039544
:20968000EAE600BFC411002000700240300100101C7C02406828002034010010B0320100A1
:2096A000D03201000471024000710240BC110020E4120020C0110020541200207474024099
:2096C00038B5214BD3F86C44C3F86C44BFF36F8FBFF34F8F1D4B1B68082B28D09CB1012582
:2096E00094FAA4F3B3FA83F21146D3B10F2AA2F1100005FA02F30DDDC0B224EA0304FFF711
:20970000C1FD002CECD1124B1B787BB9BDE83840FFF74EBE05FA02F224EA020441F08000A7
:20972000EDE720211020FFF7ADFDD9E738BD094B1B68002BD2D1084A136803F0011123F005
:20974000011311601C43C9E700700240300100106828002034010010E812002010B5184B4B
:209760001B68082B82B002D1164B00221A60164B164C93F87E200021032A217005D01B6F07
:209780006BB1FFF715FE02B010BD11486FF40001FEF786FF2378002BF3D002B010BD6FF483
:2097A00000010B48FEF77CFF0A4B062107221B688DF80410ADF8062001A89847EAE700BF41
:2097C000300100101C7C0240C411002068280020BC110020E4120020134B1B68082B02D1DF
:2097E000124B00221A60124B124993F88E200020032A087002D0D3F8803003B1704700B54D
:209800006FF0807183B00C48FEF74AFF0B4B062108221B688DF80410ADF8062001A898471D
:2098200003B05DF804FB00BF300100101C7C0240C411002068280020BC110020E41200209F
:2098400000B5184B1B68082B83B002D1164B00221A60164B164993F81E210020032A0870E8
:2098600005D0D3F8103153B103B05DF804FB6FF480711048FEF714FF03B05DF804FB6FF4DE
:2098800080710C48FEF70CFF0B4B062188221B688DF80410ADF8062001A8984703B05DF8E5
:2098A00004FB00BF300100101C7C0240C411002068280020BC110020E41200200B4B1B684E
:2098C000082B02D10A4B00221A600A4B0A4993F89E200020032A087003D0D3F8903003B1C9
:2098E000704706486FF00101FEF7DABE300100101C7C0240C411002068280020BC110020C8
:209900000B4B1B68082B02D10A4B00221A600A4B0A4993F80E210020032A087003D0D3F8B2
:20992000003103B1704706486FF08001FEF7B8BE300100101C7C0240C41100206828002032
:20994000BC1100200B4B1B68082B02D10A4B00221A600A4B0A4993F8EE200020032A087044
:2099600003D0D3F8E03003B1704706486FF02001FEF796BE300100101C7C0240C4110020A7
:2099800068280020BC1100200B4B1B68082B02D10A4B00221A600A4B0A4993F8FE200020E9
:2099A000032A087003D0D3F8F03003B1704706486FF04001FEF774BE300100101C7C0240A9
:2099C000C411002068280020BC1100200B4B1B68082B02D10A4B00221A600A4B0A4993F8F2
:2099E000AE200020032A087003D0D3F8A03003B1704706486FF00201FEF752BE3001001005
:209A00001C7C0240C411002068280020BC1100200B4B1B68082B02D10A4B00221A600A4BB5
:209A20000A4993F8BE200020032A087003D0D3F8B03003B1704706486FF00401FEF730BE27
:209A4000300100101C7C0240C411002068280020BC1100200B4B1B68082B02D10A4B002203
:209A60001A600A4B0A4993F8CE200020032A087003D0D3F8C03003B1704706486FF00801D7
:209A8000FEF70EBE300100101C7C0240C411002068280020BC1100200B4B1B68082B02D179
:209AA0000A4B00221A600A4B0A4993F8DE200020032A087003D0D3F8D03003B17047064868
:209AC0006FF01001FEF7ECBD300100101C7C0240C411002068280020BC11002010B5184BA3
:209AE0001B68082B82B002D1164B00221A60164B164C93F82E200021032A217005D01B6AD9
:209B00006BB1FFF755FC02B010BD11486FF48021FEF7C6FD2378002BF3D002B010BD6FF4E3
:209B200080210B48FEF7BCFD0A4B062102221B688DF80410ADF8062001A89847EAE700BFE4
:209B4000300100101C7C0240C411002068280020BC110020E412002010B5184B1B68082B64
:209B600082B002D1164B00221A60164B164C93F83E200021032A217005D01B6B6BB1FFF7EB
:209B800017FC02B010BD11486FF40021FEF788FD2378002BF3D002B010BD6FF400210B48FD
:209BA000FEF77EFD0A4B062103221B688DF80410ADF8062001A89847EAE700BF3001001054
:209BC0001C7C0240C411002068280020BC110020E412002010B5174B1B68082B82B002D121
:209BE000154B00221A60154B154C9A7F0021032A217005D01B696BB1FFF7DAFB02B010BDF1
:209C000010486FF40031FEF74BFD2378002BF3D002B010BD6FF400310A48FEF741FD0A4BA5
:209C2000062101221B688DF80410ADF8062001A89847EAE7300100101C7C0240C41100208A
:209C400068280020BC110020E412002010B5184B1B68082B82B002D1164B00221A60164B10
:209C6000164C93F84E200021032A217005D01B6C6BB1FFF79DFB02B010BD11486FF48011D8
:209C8000FEF70EFD2378002BF3D002B010BD6FF480110B48FEF704FD0A4B042206211B685A
:209CA0008DF80410ADF806200DEB02009847E9E7300100101C7C0240C411002068280020D7
:209CC000BC110020E412002010B5184B1B68082B82B002D1164B00221A60164B164C93F853
:209CE0005E200021032A217005D01B6D6BB1FFF75FFB02B010BD11486FF40011FEF7D0FC31
:209D00002378002BF3D002B010BD6FF400110B48FEF7C6FC0A4B062105221B688DF80410FE
:209D2000ADF8062001A89847EAE700BF300100101C7C0240C411002068280020BC11002093
:209D4000E412002010B5174B1B68082B82B002D1154B00221A60154B154C93F86E20002114
:209D6000032A217005D01B6E6BB1FFF721FB02B010BD10486FF48001FEF792FC2378002B95
:209D8000F3D002B010BD6FF480010A48FEF788FC094A062312688DF80430ADF8063001A89F
:209DA0009047EBE7300100101C7C0240C411002068280020BC110020E41200201D490B784E
:209DC000002B34D130B41C4C1C4A206001240C701046194640251C4607E011F0080F00F114
:209DE000100014BF4FF4007540250131C9B20929A0F89C5080F89E40C0F89040C0F8984092
:209E0000EBD14020002107E013F0080F02F1100214BF4FF4007040200133DBB2092B908113
:209E2000917311609160EFD1002030BC70470820704700BF69280020E4120020C4110020DF
:209E40000249034A00230B6013707047E41200206928002038B5604B4FF40062C3F80024BF
:209E6000BFF36F8FBFF34F8F5C4B1B68082B62D00D2B11D10020FAF7C1F9594B1A68002ADE
:209E800000F08780574B03221A600020FAF7BEF9524B1B68082B52D04F4A0123C2F80035A1
:209EA000BFF36F8FBFF34F8FD2F800341B05FBD54FF40063C2F80034BFF36F8FBFF34F8FA0
:209EC000464B1B68082B48D0434A474D474843498024C2F81C45002340F2FF14C2F83035A1
:209EE0002B6004600A68424D424C4349082A08BF424A4FF0020008BF13600023374A2B7019
:209F0000237008701368082B10D00D2B12D10020FAF774F9324B1A68002A42D0314B002236
:209F20001A60BDE838400020FAF770B9344B1B68002BECD138BD324B1B68002B9AD10020BB
:209F4000FAF75CF9264B1A68002A3CD02D4BC0221A600020FAF75AF99EE70020FAF74EF97D
:209F60001F4B1A6842B3274B00221A600020FAF74DF91A4B1B68082BA6D12349234B40F2FD
:209F8000E370402208601A60BFF36F8FBFF34F8F9AE7144949F2753203201A6008601A60AB
:209FA00073E7104849F27531196002601960BDE838400020FAF72AB9124849F275311960F5
:209FC00002601960D2E70F4949F27532C0201A6008601A60BDE700BF007002403001001021
:209FE00000EC064014ED0640BC110020C0110020682800206A280020692800201C7C02401D
:20A000003401001014EC06400078024004780240114B00221A7028B9104B1B68082B13D060
:20A020000F4900E00F49104B104AC3F80413C02182F82713802151600122C3F80425BFF369
:20A040006F8FBFF34F8F7047094B06491A68044B002A18BF1946E6E767280020300100102A
:20A060000714C0010714E0010070024000E100E034010010024B1878003818BF012070478C
:20A0800069280020034B1878012894BF00200120704700BF6928002010B50020FAF7AEF8D1
:20A0A000144B1B7803F0FF0453B1134AD2F82C355BB1124B1B680021082BC2F82C150AD017
:20A0C0000020FAF7A3F8204610BD1C460020FAF79DF8204610BD0A4B1A683AB9094949F20F
:20A0E0007532C0201A6008601A60E9E7054BC0221A60E5E767280020007002403001001093
:20A1000000EC064014EC0640024B034AC3F80823704700BF0070024004148001024B034AEC
:20A12000C3F80423704700BF0070024004148001014B00221A70704767280020064B10F0CD
:20A14000800FA3F1900200F00F0008BF134603EB00139889704700BF54120020064A0106B6
:20A1600000F00F034CBFD2F81005D2F81405D84000F00100704700BF007002402DE9F04198
:20A180004FFA80F8B8F1000F00F00F0504464FF00000B4BF074610270E46FAF72FF855B948
:20A1A000324B1B78A34206D010240020FAF72EF82046BDE8F0812E4BDFF8DCC01C68DCF8A9
:20A1C0000030E4432F440122A4B202FA07F71C433C4025D1B8F1000F29DB264A2649DFF8FF
:20A1E000BC80280105EB450E42F8008001EB8E0E02EB051896E80700204D1F43802600234E
:20A200008EE80700C8E901E3CCF8007088F80E300020C5F80461F9F7F9FF2046BDE8F08194
:20A2200011240020F9F7F2FF2046BDE8F08132681349144802F0604205EB450EB2F1005F41
:20A2400001EB051800EB8E0E4FEA051506D0B268D20754BF0C4A0D4A4A51CBE7B268D00754
:20A2600054BF0B4A0B4A4A51C4E700BF6A280020C0110020C41100202829002000E100E052
:20A2800054120020BC2800205D910000959100008D900000B5900000BC11002055900000EC
:20A2A0002DE9F04147B2002F00F00F0504464FF00000B4BF80464FF010080E46F9F79EFF31
:20A2C00055B91F4B1B78A34206D010240020F9F79DFF2046BDE8F0811A4B1B491C680A689D
:20A2E000E443A8440123A4B203FA08F314431C401FD11648DFF858E0A0F1900C10EA270774
:20A3000038BF674607EB051C2D01CCF808403068785113430B607268CCF8042080238CF841
:20A320000E400020CEF80431F9F770FF2046BDE8F08111240020F9F769FF2046BDE8F081B0
:20A340006A280020C0110020BC1100205412002000E100E000487047EC120020044B40F486
:20A360008070C3F81805BFF36F8FBFF34F8F704700700240010718D4020600F00F0309D491
:20A380000B4A9B001A445068A0F10100B0FA80F040097047074A03F5847352F82300A0F1CD
:20A3A0000100B0FA80F0400970470020704700BF4074024000700240064BC3F80C05BFF375
:20A3C0004F8F40F48070C3F80C05BFF36F8FBFF34F8F7047007002400F4B00220260426086
:20A3E000D3F880240270D3F884244270D3F88824D3F88C1442EA01224280D3F89024D3F81A
:20A40000941442EA01228280D3F89824D3F89C3442EA0323C380704700700240104B1B6845
:20A42000082B07D00F4B01221A60BFF36F8FBFF34F8F70470C4B1B68002BF3D1EFF31081E8
:20A4400072B6084B01221A60BFF36F8FBFF34F8F1A60BFF36F8FBFF34F8F81F31088704727
:20A46000300100104C7002403401001010B5164B1B68082B82B002D1144B00221A60144B1D
:20A4800014499A7B0020032A087015D01C681CB1FFF7C4FF02B010BD6FF480310E48FEF7B8
:20A4A000FFF80E4BADF8064006221B688DF8042001A8984702B010BD6FF480310648FEF7AF
:20A4C000EFF802B010BD00BF300100101C7C0240C411002068280020BC110020E412002094
:20A4E000034B01221A60BFF36F8FBFF34F8F704750700240034B01221A60BFF36F8FBFF32B
:20A500004F8F704754700240014B1878704700BF6A28002070B5264B1B68082B044622D014
:20A520000020F9F76BFE14F0800F224814BF0022102204F00F050368A91801228A4023EA50
:20A54000020314F00804036008D11B4B05F5947543F82540BFF36F8FBFF34F8FBDE870400C
:20A560000020F9F753BE154B1D68002DD8D12846F9F744FE14F0800F0E48114E114904F0C9
:20A580000F0414BF002210222244012303FA02F2036823EA0203036040F2C57303EB440486
:20A5A00034600D6028460B68BDE87040F9F72EBE30010010C011002000700240340100105F
:20A5C00000780240047802402DE9F04F5C4C5D4EDFF87C81236896F90010D8F800205A48CB
:20A5E00096F80090D0F88054DB439BB2002983B043EA020324DB09F00F0A0AF11002012762
:20A6000097403B4248D1514F0DF1040805F080056FF001114E483570FEF742F823683968A2
:20A620000022052543F0010340468DF80720ADF805208DF804502360884703B0BDE8F08F99
:20A6400009F00F074FF0010A0AFA07FA13EA0A0FD9D00020F9F7D2FD19F0080F10D1B9F153
:20A66000800F5ED03B493C4A07F2DA335B000B6013681168DBB243F002030B431360136852
:20A680002368D8F8002062EA030111EA0A0F24D12E4F0DF104081CE00020F9F7AFFDD8F8D7
:20A6A00000302E4937EA030001EB0A1B4FEA0A1A33D1226841F80A0023EA070322EA07075F
:20A6C000C8F8003027600323204F8BF80E300DF104080020F9F79AFD98E721498DF80690F8
:20A6E0004FEA071C01EB071022EA0A02174FC8F800204FF0000E41F80CE0032206210DF1E1
:20A70000040843EA0A0382738DF807208DF804103A68236040469047DBE74846FFF7FAFEF9
:20A72000D1E70C4B0C4A40F2B471196013681168DBB243F004030B4313601368A0E700BFA7
:20A74000C01100206A28002000700240E4120020BC1100200078024004780240C411002034
:20A76000541200202DE9F0417C4BD3F80453002D00F0E0800024DFF804E2A4462946012744
:20A78000774A91FAA1F3B3FA83F08600324483B3166807FA00F321EA030136B1C2F800C0A5
:20A7A000BFF36F8FBFF34F8F1C430029E8D16D4B1B68082B29D06C4F04F4000534F40004CD
:20A7C00010D0DFF8BC81012694FAA4F3B3FA83F206FA02F19BB124EA010458F82230984744
:20A7E000002CF1D13B780BB9FEF7E2FD4DB9BDE8F081DEF80020002AC2D07246CEE7984706
:20A80000E2E7BDE8F041FFF7DFBE584B564F1B68002BD1D13B78002B7ED1A00240F183806B
:20A82000534A544BDFF848E1DFF848C140F2A971116019684E4A11F0FF0118BF1B6840F299
:20A84000AA7018BF19404B4B10601A68494812F0FF021CBF1B681A40454B40F2AB761E6079
:20A86000036813F0FF031CBF0068034040F2AC70CEF80000DCF8000001403F480AD00668EA
:20A8800040F2A9780E430660CEF80080CCF80010DCF80010DFF8D8C0364E40F2AD71CCF8A9
:20A8A000001031680A4009D0016840F2AA7E41EA02410160CCF800E0326032682C492D4A7E
:20A8C00040F2AE760E60126813400ED0D90748BF44F400042649DA06264A40F2AB760E6066
:20A8E0001360136848BF44F00104036833F001121CBF05F080710C4313F0011F3FF45CAF18
:20A900006B0544BF026044F4806455E7174B1C68ECB9154F3B7833B104F4000534F400045B
:20A920007FF44FAF62E704F4000534F400047FF448AF59E70B4B1B68082BE7D00A4B1B78DF
:20A94000002B7FF454AFBDE8F041FEF731BD064B1B78002B3FF448AF49E700BF00700240C3
:20A96000007102403001001068280020340100100078024004780240E81200208071024029
:20A98000E432010070B5044640B2002833DB254B254A04F00F05595D012303FA01F1C2F89F
:20A9A0000413D2F81415E940C90723D4D2F81415AB400B43C2F81435BFF36F8FBFF34F8F2E
:20A9C000C5B1002816DB14F0080613D13046F9F715FC2046FFF79EFD144910350B6801224C
:20A9E00002FA05F523EA05030B603046BDE87040F9F70CBC70BD0E4B0B4A04F00F05595DC5
:20AA0000012303FA01F1C2F80413D2F81015E940CE07EFD4D2F81015AB400B43C2F810357B
:20AA2000CAE700BFC432010000700240BC110020A4320100020610B5044609D4030707D460
:20AA4000094A00F00F039B001A445368012B07D0064BC3F81845BFF36F8FBFF34F8F10BD74
:20AA6000FFF758FDF4E700BF40740240007002402DE9F04F5C4D5D4E2B6832684FEA134ADD
:20AA80004FEA0A4A5AEA020A83B01BD0584FDFF870819AFAAAF4002C00F08180B4FA84FBD0
:20AAA000BBF10F0F30DDABF11003DCB213F0080F4FF0010303FA0BFB2AEA0B0A08D0BAF176
:20AAC000000FE6D140F2FF132B6003B0BDE8F08F07EB04190020F9F791FB33683BEA03009C
:20AAE0006CD12A68C9F8000023EA0B0322EA0B0233602A60032389F80E300020F9F786FBFF
:20AB0000BAF1000FC5D1DDE71BF008004CD14BF08009F9F773FBB9F1800F0BF00F0351D068
:20AB2000344803F2DA3149000160D8F80010D8F80000C9B241F002010143C8F80010D8F8AC
:20AB40000010D5F800C03068012460EA0C0E04FA03F11EEA010F1DD0274A8DF8069020EAAA
:20AB600001004FEA031E306002EB0313224800224CEA01014FF0030C40F80E2083F80EC026
:20AB80001E4B8DF807C006221B688DF8042001A82960984704FA0BFB2AEA0B0AADE7B946DB
:20ABA0004FF4803B102495E7012303FA0BFB2AEA0B0ABAF1000F7FF46CAF83E72046FFF789
:20ABC000A9FC97E70B4940F2B4700860D8F80010D8F80000C9B241F004010143C8F80010CB
:20ABE000D8F80010ADE700BFC0110020BC110020C41100200078024054120020E4120020F9
:20AC00000478024008B5FFF733FF0A4B0022C3F80425BFF36F8FBFF34F8F074A8021C2F84A
:20AC20008410BFF34F8FBFF36F8F4FF0FF32C3F8082308BD0070024000E100E0044B8022C1
:20AC4000C3F884215B681B0600D47047FFF7DABF00E100E008B5114B8022C3F884215B68F7
:20AC60001B0618D40E4B0022D3F80413C3F80813C3F80025BFF36F8FBFF34F8F094B0A49CD
:20AC80001B68082B04BF094B1A60094B0020012208701A7008BDFFF7B5FFE3E700E100E0DA
:20ACA0000070024030010010682800201C7C02406928002010B50020F9F7A0FA104B1B7809
:20ACC0002BB900240020F9F7A1FA204610BD03F0FF04FFF7CDFE0B4AD2F8003413F400730A
:20ACE000EFD10121C2F82C15D2F80014890544BF1C46C2F82C350020F9F788FA204610BDC6
:20AD00006728002000700240F0B5044683B00020F9F774FA22061ED4364E3748326804F087
:20AD20000F0101F110050123AB400F0100EB011533EA02014CD1314CC151216822EA030276
:20AD400021EA0303326023600323AB730020F9F75DFA03B0F0BD230704F00F020FD4802C04
:20AD60003AD02748274902F2DA335B0003600B680868DBB243F0020303430B600B681F4DF3
:20AD80001C4E29683068012360EA010793401F42DCD01D4F8DF806404FEA021C20EA03002F
:20ADA00007EB02123060194C002047F80C000B430620032191738DF8071022688DF80400E2
:20ADC00001A82B6090470020F9F720FA03B0F0BD2046FFF79FFBB7E7094B0A4940F2B4704D
:20ADE00018600B680868DBB243F0040303430B600B68C4E7BC110020C4110020C01100208F
:20AE0000007802400478024054120020E41200202DE9F04146B282B004460020F9F7EEF96C
:20AE2000002E3CDB4C484D49026804F00F0707F110050123AB4033EA020C3D464FEA071E07
:20AE400001EB071876D1464C41F80EC0216822EA030221EA030302602360032388F80E3093
:20AE60000020F9F7D3F93F490122D1F81435BA4023EA0203C1F81435BFF36F8FBFF34F8FEB
:20AE8000394B3A4A374912EA260238BF1A460123525D9340C1F8083302B0BDE8F08104F059
:20AEA0000F0C230765460FD4802C47D03049314A0CF2DA335B000B6013681168DBB243F083
:20AEC00002030B4313601368DFF894E02248DEF800200168012361EA020703FA0CF31F4248
:20AEE00026D0254F8DF806404FEA0C1821EA0301224C016007EB0C1C002147F8081006202A
:20AF000003211A438CF80E108DF807108DF804002168CEF8002001A8DC4388470020F9F7D3
:20AF200075F9104AD2F810352340C2F81035A3E7DC43F3E72046FFF7EDFA8EE70C4B0D4AEF
:20AF400040F2B471196013681168DBB243F004030B4313601368B7E7BC110020C4110020AA
:20AF6000C011002000700240C4320100A4320100007802400478024054120020E41200204C
:20AF800010B5074C236882B03BB1064B1B6898470023236023680193019B02B010BD00BF9E
:20AFA000000101402C13002070B5114B114A1D781160DDB9104E027801211970C6F80C2506
:20AFC000416804464FF47A720023C803490C07F0F1FBC6F80405237A084A5B01DBB282F810
:20AFE00010334FF480331360284670BD082070BD6C2800202C1300200000014000E100E0A0
:20B00000044B054901220220C3F804231A600870704700BF000001406C28002010B5044600
:20B020000020F9F7EBF80E4A1378072B11D80D492370581C1070D1F80805012202FA03F357
:20B040000343C1F8083500240020F9F7DFF8204610BD04240020F9F7D9F8204610BD00BF7B
:20B060006B28002000000140034B044A00F5C07043F82020704700BF000001403546526EAE
:20B080002DE9F0410E4A0F4B16781F88F419802C03DD00242046BDE8F081DFF8308032464A
:20B0A0004146054607F010FD074B1B7833443A46A81958FA83F107F007FD2046BDE8F081E0
:20B0C0006D280020482800204A2800203013002070B4134B134D144A2C781B7812882344BE
:20B0E00052FA83F39BB21A18802A15DC013B1BB2002B0CDB0D4A591C1E1811443244013B50
:20B1000011F8016D02F801691BB25E1CF7D120442870012070BC7047002070BC704700BF83
:20B120004A2800206D2800204828002030130020084A138883420BDB10B407490C8880B263
:20B140001B1A20440880138001205DF8044B704700207047482800204A280020014B1880E2
:20B16000704700BF48280020044A054B12781B780448134450FA83F0704700BF4A280020A6
:20B180006D280020301300200048704730130020014B1888704700BF482800200549064AA5
:20B1A000064B127808781B88104453FA80F080B2704700BF6D2800204A2800204828002001
:20B1C00010B50A4B0A4C0B49002220461A605A609A60DA601A615A61FCF700F904F108009C
:20B1E0000449BDE81040FCF7F9B800BFA429002094290020E431010004480549054A0023BE
:20B2000003800B801370FFF7DBBF00BF4A280020482800206D28002070B5802982B00B4A22
:20B220000B4D0C4E01900C464FF0000328BF8024137033802B80FFF7C3FF019906482246C3
:20B2400007F042FC20462C8002B070BD6D280020482800204A28002030130020F0B40C4B93
:20B260000C4A1C685D689F68DE68C6600460456087601C695D694561046154689068D36887
:20B2800012680A604C608860F0BCCB60704700BFA42900209429002070B40C4B026844688E
:20B2A0008568C668DE601A605C609D60026944695C611A61064B0C6848688A68C968D960E1
:20B2C0001C6058609A6070BC704700BFA429002094290020014B23F810107047A4290020A9
:20B2E000014B33F810007047A4290020024B0C3803EBC000FCF772B894290020024B0C3859
:20B3000003EBC000704700BF9429002001490248FCF76AB8E43101009C29002008B5FBF7D9
:20B320004DFEBDE80840FBF71FBF00BF08B5F9F76DF805F0F1F902F0F9FD07F041F902F04A
:20B34000F5FD07F0A7F84FF08052064BD2F8A800D2F8A4205A604CF6F4613622D870198079
:20B360009A7008BDB02800200148002100F0C4B84C02002010B5FBF729FE0446BFF35F8FFA
:20B3800000F036F900B930BFBFF35F8F2046BDE81040FBF71FBE00BF0AB90020704708B506
:20B3A00008461146FBF748F9002008BD0FB400B583B004AA054852F8041B019204F01EFA22
:20B3C00003B05DF804EB04B0704700BFC4010020F8B5254D2A688242044642D0002A33D069
:20B3E000134601E0002B2FD01B689C42FAD15BB31E4EA37B376853B1A36843B18C4206D0DF
:20B4000000223460832104F10C0098472A68A2421BD02AB11368A3421DD01A46002AF9D115
:20B42000A37B83B12D680023A37365B1AB7B13F0010F284622464FF0870101D000F018F82F
:20B440002D68002DF2D13760F8BD23682B60A37B002BE7D1F7E723681360A37B002BE1D12D
:20B46000F1E71346C3E700BFBC290020C02900208368BBB170B504460B4E0220A07334603C
:20B4800004F10C000D4698470238012804D9832D02D00123A37370BD21462046BDE870402E
:20B4A000FFF796BF704700BFC029002038B50B4A0B4B146800221A707CB1012501E0246842
:20B4C0005CB1E37B002BFAD0E581204600228221FFF7CEFF2468002CF3D138BDBC29002042
:20B4E00071280020034B1878FF281ABF421C1A70802070476F28002070B50E4D2C688442E5
:20B5000007D00A4634B1234600E01BB11B689842FBD170BD0028FCD0074E046001210023C2
:20B5200034688173838181212860FFF7A1FF346070BD00BFBC290020C0290020014B8B2230
:20B540001A7070476F2800202DE9F041234D2B78FBB9234E3378BBB12248234C027802EB1D
:20B56000420704EB8701013202F01F02013B0270486854F827800F7ADBB2337060B1812FFA
:20B580001FD0827BD2071ED428781844C0B2BDE8F081FFF78BFFDCE7144A14685CB9F3E764
:20B5A000A37B13F0010F20464246394601D0FFF75FFF24685CB12B78002BF1D0FFF776FF35
:20B5C000EEE70123837342463946FFF751FF337828781844C0B2BDE8F08100BF7128002088
:20B5E000702800206E280020B0130020BC290020034A044B10781B781844C0B2704700BFFA
:20B60000712800207028002070B40D4D2C78202C12D00C4B0C4E1B78234403F01F0303EBBB
:20B62000430301342C7006EB830446F8232060602172002070BC7047012070BC704700BFE1
:20B64000702800206E280020B013002038B5837B034CDB07256801D5FFF70AFF256038BDA1
:20B66000C029002018B1837B013B012B00D97047024A01231370C373704700BF71280020AA
:20B68000FAF7CCBF10B5044607F04EFA01462046FAF7D2FFBDE810400A20FAF7BFBF00BF24
:20B6A00008B50448FCF702F8BDE808400248FBF7FDBF00BFD8010020CC0100200148FCF7CE
:20B6C0004DB800BFCC01002038B50E48FCF700F8044678B10C48FBF7FBFF0546206058B104
:20B6E000FFF7CEFC05F19A01A5F8800005F18200FFF7B4FD204638BD214602482C46FCF74C
:20B7000003F8F7E7CC010020D8010020006800F19A018230FFF7A2BD10B5014604460748CA
:20B72000FCF70EF800B910BD21680548FBF7ECFF21460248BDE81040FBF7E6BFCC010020AD
:20B74000D801002010B5014604460948FBF7F8FF00B910BD2468B4F880102046FFF75CFD5D
:20B7600004F19A0104F18200BDE81040FFF794BDCC010020054B064A18685968126882B00C
:20B780006B4603C3DDE9000102B01047B02800205C34010010B4817942790479521A224213
:20B7A00008D003464A1C00682240405C9A715DF8044B70474FF0FF30F9E700BF38B50546F1
:20B7C0000C4605F077F98DB10F4B2868696803C3ACB121460D4B51F8080F496803C3BDE85B
:20B7E000384009480122002105F02CBA0346064D59689A680068DB680FC5002CE9D1044950
:20B80000014805F061FBEAE7B01A0020B81A0020B42C002010B5044C237803B110BDFFF7BA
:20B82000CDFF0123237010BD7228002010B51D4C217882B031B31C4B002403F1540193F8C2
:20B8400020201AB193F82120012A15D01C338B42F5D1204605F088F904B9F8B102F0B0F942
:20B860004023024621460020009300F081FB00F029FA002002B010BD1A7CFE2A08D003F15B
:20B880001004E3E70846FFF799FF01232370D2E75A7C802ADAD003F11004D7E74FF0FF3020
:20B8A000E8E700BF722800203C2B0020054B187B30B1B3F84E00DB8AC01AB0FA80F040095A
:20B8C000704700BFC42900202DE9F0471A4CDFF86C809DF82490164607460D4620464FF481
:20B8E000B07200219A4607F017F9B8F82030B34205D108994A46504602F0B2F910B9002006
:20B90000BDE8F08701264FF0FF33F0214FF2F0026773E1732673E364A4F85030A4F85820F1
:20B92000C4F8088028686968AA68EB681C340FC43046BDE8F08700BFC42900201402002046
:20B94000437D012B01D900207047F0B590F8512090F8503083B0CDE900320446028A00F1C2
:20B960003C032146007EFFF7AFFF48B3164B226A607D617FE58B5A610022666D1976618BBF
:20B980005D83257F83F85C20A77D83F854709873207D83F85300E07D1982996883F855206A
:20B9A0001E609D7483F852000B689847074801F079FE01F0B3FF01F0EBFF012003B0F0BD23
:20B9C000002003B0F0BD00BFC42900204833010008B5FFF76BFF084B08B983F85C009B6894
:20B9E0001B68984701F076FC044801F05BFEBDE8084002F027B800BFC429002050330100DE
:20BA00000A4B93F9521093F85220002902F10102B4BFD2B202F07F02197B83F85220F022CA
:20BA2000DA7301B97047FFF7D3BF00BFC42900202DE9F0414C4D05F16400B5F84E40FAF78E
:20BA4000BDFD95F85C30032B5BD0FFF72FFF804620B1AB68BDE8F041DB6918476F6C434E07
:20BA600001F060FC01F012FC686C01F08DFB03463068A5F84E30FBF74DFF0446002836D17A
:20BA8000002F55D0B5F84E30B5F84C209A4201D9A5F84C30B5F850304FF6FF7293420AD0AD
:20BAA000B5F84E10914206D0CB1A002BB8BF5B42B3F5007F3FDC95F85B30002BC9D06B6CB9
:20BAC000002B3ED0002F46D001F022FE002385F85B30AB68BDE8F041DB69184723681BB3C7
:20BAE00021463068FBF7E2FE04460028C8D0204601F04AFBB5F84E308342EFD8C4F80080DC
:20BB0000EEE7002001F0C2FB4FF6FF739C42A5F84E309ED0164801F0C5FD01F039FFAB6817
:20BB2000BDE8F041DB691847F8F71CFD2060D7E7B5F84E30ACE70F48A5F8501001F0B2FD94
:20BB4000B9E70B4885F85C3001F0ACFD01F03CFD01F01EFFBAE70123074885F85C3001F009
:20BB6000A1FD01F001FFAFE7C42900203802002060330100703301008833010030B4084D0C
:20BB80002B7B53B1044630B11C350FCD20606160A260E360012030BC7047184630BC704758
:20BBA000C429002010B5FFF781FE134C78B994F9582094F85830002A03F10103B4BFDBB273
:20BBC00003F07F03002084F8583001F02DF9FBF7D3FB01F07FFB05F023FE01F011FF94F8E7
:20BBE00041305B0602D40023237310BD034802F021F80023237310BDC4290020F0290020F5
:20BC0000024B032283F85C2001F01CBFC429002008B50F4B1A7B8AB19A6C511C0ED08242E6
:20BC20000DD9101AB0F5967F986407D2586C28B101F0B6FABDE8084000F092BF08BD002113
:20BC40000322996483F85C20BDE8084001F0FABEC429002010B5084C237B5BB194F8402079
:20BC60000146D20804F11C0006F020FFB0FA80F0400910BD184610BDC429002008B5FFF762
:20BC800015FE18B1BDE80840FFF7BABE08BD00BF024B1B7B03B97047FFF79ABEC429002038
:20BCA000074B9A7B187B1AB9003818BF0120704728B193F85C00012894BF0020012070479C
:20BCC000C4290020024B1B7B03B97047FFF7B0BEC42900202DE9F041614D2A7B06460C4658
:20BCE0002AB16A7B237E9A4209D0BDE8F081FFF7DDFD98B12B7B002BF3D1BDE8F0815948B3
:20BD00001022214606F0D2FE0028EED1628AEB8A9A4209D2BDE8F041FFF78ABE2046FFF755
:20BD20000FFE0028E6D1E0E7E17D95F8520001F029FF628A002840D14FF6FF739A4204D06E
:20BD400095F85730013385F8573095F85210E07D01F018FF48B1B5F84E20EB8A9A4257D0B7
:20BD6000FFF7A4FD074600286BD022460121304600F0DAFEE8B1304601F0C6FA074600287F
:20BD800043D090F80680304601F0BEFA002849D0638A8380637E8371AB6CABB96B8BAA7BC7
:20BDA000C3EB03135B01AB641AB117B16B6C9F4217D02B7B002B98D0ACE7EB8A9A42F8D13C
:20BDC000294801F06FFCF4E7002FF2D06B6C9F42EFD16B8BAA7BC3EB03135B01AB64002ADE
:20BDE000E7D0607E414601F0CDFE0028E1D095F90F20EB7B002A03F10103B4BFDBB203F05A
:20BE00007F03EB7301F084FCD3E74FF0F008BAE7E37D85F85230FFF749FD0028A5D0FFF711
:20BE2000EFFDA2E7304604F067FD0028C1D00F4B0146012218682346FBF7FAFD0028A7D1D0
:20BE4000B7E701F0DDFD384601F020FA2046FFF777FD2B7B002B88D0FFF7BAFD85E700BF1F
:20BE6000C4290020E0290020943301003802002011B1084801F016BC10B50A460321044612
:20BE800000F052FE20B12046BDE8104000F084BE10BD00BFB033010038B591F823300C4679
:20BEA0000546BBB1FF2B1BBF0D4A508B4FF0FF3343430A460020294605F016FC18B194F962
:20BEC0002530002B00DB38BD218C2846BDE8384001F040BC0A461846294605F0EBFBEEE720
:20BEE000C429002070B5154D0E4695F85910044601F048FE08B185F8594095F85830A3421A
:20BF000000D070BD95F85C30012B76B207D001F045FC002EF5DA032385F85C3070BD002E27
:20BF200002DA01F03BFCF6E70223054885F85C3001F0B8FBBDE8704001F030BCC4290020C2
:20BF4000C033010070B50E461C4605463AB924B11DB1064BAE801B7B23B9012070BD01F001
:20BF6000BBFBF4E7FFF764FD012070BDC42900202DE9F047284C82B094F80CC09DF828A0D6
:20BF80000546174699460E46BCF1000F0AD0102204F11C0006F08AFD80B34FF0F008FFF710
:20BFA00001FE01E04FF0F0083B463146CDE9009A28460122FFF788FC184F194884F8528001
:20BFC0000023012140F608421E263C25A173228280214FF0FF32A37484F85330A4F85430F8
:20BFE0000223676126766583A4F84E10A26484F85C3002B0BDE8F04701F054BB94F952302B
:20C0000094F85280002B08F10108B4BF5FFA88F808F07F08C3E700BFC429002000048000D0
:20C02000CC33010002484FF4B072002106F074BDC4290020144A907918B992F82A10632974
:20C0400001D00120704792F82910C1B992F82B30042B15D10D4B187B88B110B45C7B92F8B7
:20C060002D00A0420ED1B3F84E1082F82D000B0A43EA0123D38501205DF8044B7047704731
:20C08000084670470846F7E7BC2C0020C429002070B5174A0546118816482B2206F00CF94A
:20C0A00004461548FFF7D6FD08B9002070BD1349002005F0BFFA10490646002005F0BAFA6A
:20C0C00014B1A278032A06D00028EED0002EECD04369B342E9D1084C0FCC002148F2FE00CB
:20C0E0002880AA60EB606980A980E980012070BDAC2C0020BC2C0020D42C0020E029002031
:20C100002DE9F04F794B7A4F19888FB038462B2206F0D2F818B18378032B044603D00020A3
:20C120000FB0BDE8F08FC0780490002800F0CF806378217962790133DB00DBB201F00F05F8
:20C14000A3EB12130E09083B0595C5F11005C6F110015B1B93FBF1F30133DBB29842069686
:20C1600001918C4607934FEA1216D8D8614B0FCB0DF1280989E80F006278E3780132D20041
:20C18000D2B2961B083E761B96FBFCF60136F0B2C51AEDB2A842029040F2A480069E0994A6
:20C1A000B446059EE01B012B08BFB446011BB646019E624601F110039B1A06FB05414FF05B
:20C1C000000A01F108080393CCF1100200F11003564654460893C24609EB0C0B9046039B92
:20C1E00003EB0A00B0F5A06F99D842465146584606F06AFC484604F0B7FC00286BD0731CE2
:20C20000DEB214B9012E8AD801249DF82800FF2885D0BDF82800BDF82AC040EA0C0080B2EE
:20C22000E8B9BDF82EE0BDF82C00BDF830C040EA0E00BDF832E040EA0C00BDF834C040EA0C
:20C240000E0040EA0C00BDF836C080B250EA0C033FF465AF18B9BCF5807F3FF460AF019BCE
:20C2600001359A44029BEDB2AB42B8D8099C049A079B01999B1ADBB201FB03F8DDE905105E
:20C28000089B08F10808012A18BF014643445B1AB3F5A06F05913FF642AF164B059E0FCB5C
:20C2A000A04489E80F00C6F1100506F1180041462A46384406F008FC2A46404609EB0601E1
:20C2C00006F002FCE378013BE370012028E701200FB0BDE8F08F484604F006FD00288ED140
:20C2E000044692E7E31B10330893C0E7AC2C0020BC2C0020D42C0020002919DBCB0717D4FE
:20C300004378ABB92DE9F041425A40F263439A4200EB010409D11A4D2B7B33B16A7BE3786C
:20C320009A4202D1A3789A0604D50020BDE8F08100207047A2881349170A0C20DE09D1F82A
:20C34000008047EA0227FEF7D9FF01464046FBF70FFBB5F84E10A578BFB2B94294BF002165
:20C3600001218E42C5F380131CBF45F04005A57086EA01023946BDE8F041FFF7E3BD00BFF9
:20C38000C4290020380200202DE9F0432B4E2C4F318883B038460DF10702012305F032FF3E
:20C3A000002842D09DF80730062B3ED0044607F10609B84614E013B9A378632B16D03188E1
:20C3C000E31BC91A204689B200230DF1070205F019FF044648B39DF80730062B814624D0A7
:20C3E000112B22D03A2B20D02B2BE4D1237889F8003065780135ED00684205F0CFFEC0B186
:20C400003188283989B2404605F0F2FE3288E31B9A420EDDD21A6119204606F063FB99F82C
:20C4200000308DF80730062BDAD1012003B0BDE8F083002003B0BDE8F08300BFAC2C0020A6
:20C44000BC2C00202DE9F04FA34E337B89B063B3A24C228B48F2FE039A4226D0237EFF2B1E
:20C4600023D0FFF723FA054688B904F1080004F07BFB28B19A4BE27993F806319A4219D023
:20C48000FFF7D8FD0546284609B0BDE8F08F04F11809FFF779FF4846FFF7DCFB28B14946F4
:20C4A000002005F0C7F8804688BB0125284609B0BDE8F08F8B4F3A88B2F59F6FF6D8283AAD
:20C4C00004F1280104F1300006F00CFBB6F84E20A179767B84F82950130A43EA022340F25F
:20C4E0006342E385628584F82C5084F82810A571082084F82D6005F051FE3988283989B2B4
:20C50000204605F075FEFFF795FD0546CEE706F11C01002005F08EF80190002848D04946B6
:20C52000002005F0A1F8002842D0D8F81410002900F0C480019B8B4200F0C7806A4BCDF8A8
:20C540000C809B6902934FF0000B0F270DF1100A8846029B414650469847DFF898C1394608
:20C560006046D6465246002312F8015B10F8016FAE4202D10133102BF6D19F420CDAD8F8D0
:20C5800014800BF10103DBB2B8F1000F15D0019A424512D09B46DCE700271EF8013B1CF8A8
:20C5A000012F9A4206D10137102FF6D13946E6E700257BE73946FFB2E1E7C1F11006C7F10F
:20C5C000180A16FB0BAA5FFA8AFB1AF0070A1FBFCAF1080A5FFA8AFAD3445FFA8BFBDDF827
:20C5E0000C801D465B463F4A02931288D118B1F5A06FDDDC3D490888283021185844283AF7
:20C600002044039106F06EFA03995A460846002106F082FAA279029B84F828202B22A271CB
:20C62000B3F1080248BF03F1FF32D210304B2E4984F82920ABEB0A024FEA0A1A84F82B5091
:20C6400084F82DA0D5180DF1100A8B69029307EB07120320574484F82A0084F82C20444642
:20C66000DDF80480CDF804B0D346BA461F466269904521465846A5EB060508D0B8473246DB
:20C680005146284606F020FA6469002CEFD1DA46029BDDF804B02146504698479AE80F0019
:20C6A00089E80F00584605F079FD0E4B0B481988283989B205F09CFD0125F7E608230D46F9
:20C6C0008A469B460F2701268DE7082300259B46AA460F27012686E7C4290020BC2C0020D8
:20C6E0003C2B0020AC2C0020F033010052280020E42C0020D32C002008B50C4A137B43B119
:20C700000B4B0C491B88527B2C3358185B5C9A4203D0BDE8084005F027BDC1788078FFF7DC
:20C72000E1FBBDE8084005F01FBD00BFC429002052280020BC2C00202DE9F0418EB0262224
:20C74000002104A806F0E8F9434B444C1F88444B217B07F12C02D618D25C8DF8322011B16A
:20C76000617B914204D005F0FFFC0EB0BDE8F0813C4A083315880FCB2C3DED1BADB2002743
:20C78000E846032D88E80F00CDE90477CDE90677E9D97378217EF2788DF835305B068DF8D2
:20C7A0003310ADF8302046D40424AC424FDA002720E0621CAA42D6DA32195078023004441A
:20C7C000AC42D0DC052B21D10328CCDD7318DA788DF834200732D210131D8342C3D104313A
:20C7E000314408A8CDE90877CDE90A7706F06CF9AC422CDA335D2146002BDAD10134A54270
:20C80000F6DA05F0B1FC0EB0BDE8F081062BEFD10528A8DD731813285B798DF83330E7DDE9
:20C820000631731870589A685968DB680DF1100CACE80F00DCE7132D95D904F11C001022F7
:20C84000311D06F033F900288DD11424ADE704A94046FFF721FB86E752280020C4290020BD
:20C86000BC2C0020AC2C00202DE9F0439DB05C22002105A806F050F99B4B9C4F9C4A1D883B
:20C880009C4B0C9307F1080314880FCB2C3C641BA4B201AE86E80F004FF0010C964BADF85E
:20C8A00024C040F60842172CADF82E200D9304D805F05AFC1DB0BDE8F08305F12C03DD1917
:20C8C000AE4695F8038095F802905EF8080F95F804C0DB5DDEF80410DEF808208DF82C3076
:20C8E00048EA0927DEF80C30ADF826702CF07F0ECCF3C2078DF828E08DF8297095F801809F
:20C9000095F805E08DF82B800CF0070C05AF182C8DF82AC08DF82DE00FC700F0E08018210E
:20C920006B5C002BC4D04A1CA242C1DA6A18507802304718A742BBDC023B062BB8D80FF232
:20C94000080C5CF823F000BF6FCA000015CA0000B9C90000B1C80000B1C80000B1C8000098
:20C9600065C900002028A3D193788DF86430802B9ED892F809C0D37892F80880D07A8DF809
:20C98000653010316B184FEA0C4C92F80AE09A684CEA086C4CEA000C68585968DB684CEA51
:20C9A0000E2C0DF1500ECDF860C0AEE80F00A74280F295803946B3E710287FF479AF29448E
:20C9C00092F807C08B7A91F8069091F8088091F80EE0D17A507A41EA0321D37BADF82410CF
:20C9E0004CEA092C40EA08205179ADF834C0ADF8360092F803C01079527B8DF82EC043EAF9
:20CA00000E23ADF832308DF82F008DF830108DF83120CCE707287FF74BAF05EB010C537974
:20CA20009CF804E092F802C092F807808DF84CC01B0443EA0E6392F806E0D2788DF84D2027
:20CA40000CF1070243EA0803D21043EA0E2302F1070E86451293BFF62BAFBCF1800F3FF6E0
:20CA600027AF083129440EA806F02EF89FE705287FF71EAF137992F803E092F802C08DF8A8
:20CA800068C0D90941EA4E018DF86910C3F3011E51798DF86AE003F00F038DF86B308DF8FC
:20CAA0006C10BCF1000F82D0BCF1070F0DD0BCF1020F7FF4FDAE07287FF7FAAE9179D379CD
:20CAC0008DF86E108DF86F3071E707287FF7F0AE9179D37943EA0123ADF86E3067E705A9AE
:20CAE0003046FFF7F7F8E3E652280020BC2C0020AC2C0020001E3C000004800008B5084B8A
:20CB00001B7B4BB10748017EA1F1FF01B1FA81F108304909FFF7ACF9BDE8084005F024BB20
:20CB2000C4290020BC2C0020F0B583B00E461746054603F0BBFE044610B1204603B0F0BD8F
:20CB40000C20FEF7DBFB22460146CDE900672846012303F049FE0446204603B0F0BD00BF77
:20CB600070B50446FFF7AEF8084B094D198809482C314B1900225A70944218BF20464A55B0
:20CB80000223BDE870409B2104F090BB52280020BC2C0020242B00202DE9F04F8BB0064633
:20CBA000FFF790F800F082FF10B1002E00F02C81974B984A1B88984D2C339C18697B9954CA
:20CBC00095F85230637000F071FF002867D0FF23194695F85320914F95F854C0A170002A77
:20CBE000E3700FCF95F80E80A0600CF0070C14BF6FF07F0E4FF0000E4CEAC8074EEA070783
:20CC000000202771EF7BE160226163616771A071E07100F04BFF002846D12B78002B43D0D6
:20CC20006978A878A376CA0142EA0012E87849080243E17602200621072B22772076617603
:20CC400000F0DB80022B40F0DF80A879EA7963772021A077E27727234FF02908099328231D
:20CC6000CDE907384FF02B092A23CDE905394FF02F0A2E23CDE9033A2D222C23CDE90132C8
:20CC800022238B464FF0260C4FF030084FF0250E4FF024094FF0230A0093212726E0B5F8BE
:20CCA0004E30190ADBB294E71F23099321222023CDE90732232022232727CDE9053026236E
:20CCC000CDE903374FF0250E2423CDE9013E18211A238B464FF01E0C4FF028084FF01D0E2D
:20CCE0004FF01C094FF01B0A00931927042060540098AA8AEB8A0E21E1554FF0000727545A
:20CD0000297C099F04F80A10687CA97C04F809004FEA122A04F80E1004F80CA0E255079A93
:20CD2000A968059F95F840C0180AA054089A287EA3540A8C6B8B4FEA122E04F807E0069FCF
:20CD4000E255019A4FF00007A754029AA054039A190AA154049AA354BCF1000F0FD100F05A
:20CD6000A5FE18B92E4B002E08BF1E464346304601229B210BB0BDE8F04F04F097BAD5F8DE
:20CD80003CE095F841A0DFF89C90082504F8085004EB0B05B9E80F0085F812C04FF01E0C1E
:20CDA00085F811C04FEA1E6C85F814C085F818C0CEF3074C85F815C085F819C00BF12009DB
:20CDC000CEF3072C5FFA8EFE85F816C085F81AC085F813A085F817E085F81BE00BF11C0C90
:20CDE00004EB0905002744F80C700BF1300844F809006960AA60EB60B1E7EB8860771A0ABA
:20CE00002021E377A27726E70BB0BDE8F08F00BF52280020BC2C0020C4290020E0290020DB
:20CE2000242B0020F02900202DE9F041074600F0C7FE304C8046606C00F0B2F90646FEF717
:20CE400041FF237B002B52D0636C002B4FD0B8F1000F4CD0002E4AD0A37B002B47D0264BA1
:20CE6000264A1B88617B94F858C02C339D18002F99540CBF002380236B7005200023122108
:20CE800080221C342871697185F803C0EA71AB70AB7103CCD8F800C0D8F80420D8F808E050
:20CEA000D8F80C80C5F808C0EA604FF0060C14226A76C5F81E00C5F82210C5F81480C5F808
:20CEC00010E0AB76EB762B776F7785F818C056F8083FA4F108007468C5F826300222C5F801
:20CEE0002A402E23BDE8F0419B2104F0DFB9BDE8F08100BFC429002052280020BC2C0020D5
:20CF0000F0B583B00E4615460190FEF7DBFE0A4B0A4A1B880A490198497B2C339C1899542F
:20CF20000027042303229B21A670E570677003B0BDE8F04004F0BAB952280020BC2C0020EF
:20CF4000C429002008B5074804F002F9064804F0FFF8064804F0FCF8BDE80840044804F02D
:20CF6000F7B800BF08020020FC010020F0010020E4010020704700BF014B00221A707047C1
:20CF8000C429002008B500F017F908B1808808BD4FF6FF7008BD00BFB0B138B50446858864
:20CFA00000F00AF968B183884FF6FE722B44934207D8204600F000F948B18088284480B294
:20CFC00038BD4FF6FF7038BD4FF6FF7070474FF6FF70F3E770B50646FFF7DEFF0B4B0446D6
:20CFE000586CFFF7D9FF336804F1BF05044623B9A542B4BF0020012070BDF7F7B3FA336827
:20D00000C01AB0F5963FF3D9002070BDC429002088B138B5094B0446DD8AFFF7BDFFA2888F
:20D020004FF6FF7153198B4228BF0B46984238BF184680B238BD4FF6FF707047C4290020FC
:20D0400008B500F0B9F828B18088B0F5007F8CBF0020012008BD00BF10B50446FFF79CFFBD
:20D06000034620461C4600F0A7F840B18388B3F5007F05D8B4F5004F8CBF0020012010BDBF
:20D08000002010BD70B50E46F0B10446FFF7E4FF0546AEB13046FFF7DFFF88B1DDB1164D48
:20D0A0006B6CA34220D09E4217D02046FFF774FF05463046FFF770FF85420CD2204670BDD0
:20D0C000002DFBD1002070BD0029FBD00846FFF7C3FF0028F6D0304670BD2046FFF77AFFAA
:20D0E0000028E2D03046F7E73046FFF773FF0028E4D16B6CD7E700BFC429002010B500F031
:20D100003BF828B1044B9B68BDE810405B6918474FF6FF7010BD00BFC429002070B50446DD
:20D1200008460D46FFF7EAFF06462046FFF7E6FF86428CBF2846204670BD00BF08B50C4BFB
:20D14000D3F82821824204BF0022C3F82821D3F80421824204BF0022C3F80421054B0146FE
:20D160001868FAF7D3FCBDE8084000F06BBC00BFC429002038020020024B01461868FAF740
:20D18000F7BB00BF3802002020B1044B9B685B6903B118474FF6FF70704700BFC429002093
:20D1A00008B5044B01461868FAF714FDBDE8084003F09CBB3802002008B5044B0146186836
:20D1C000FAF708FDBDE80840FAF708B8380200202DE9F041274C237B82B000274BB3264D3F
:20D1E00080462868FAF796FB014610B34FF6FF76A3685B690846B3B101919847B042019915
:20D20000034610D0E28A82420DD8B4F814C00846BCF1000F11D0B4F84C206244B24228BFCC
:20D220003246934209DD2868FAF740FB01460028DED1384602B0BDE8F081A3680191DB68BB
:20D24000984701990028EED0B8F1000F07D1A368019138469B69984701990746E3E70846E2
:20D260000191FFF7A9FFF9F7BFFF01990028EED1D9E700BFC42900203802002008B5FFF7B6
:20D280009BFFBDE80840F9F7AFBF00BF70B50F4D696C814219D00E4E04463068FAF77EFC3F
:20D2A00021463068FAF760FC686CFFF779FF03F063FB03F043FB2046FFF772FF002103F07D
:20D2C00071FB01236C6485F85B3070BDC42900203802002038B50B4D0020FFF7D7FF286891
:20D2E000FAF718FB50B104462046FFF727FF21462868FAF7DBFA04460028F5D1BDE838404B
:20D30000FEF7E0BC3802002008B503F0CFFA03F0C7FA034B01461868BDE80840FAF728BB1F
:20D320003802002038B5FEF7C1FAF8B90546FFF74FFF0446D0B1FFF73FFFF9F755FF68B952
:20D340000E4DD5F82831A3B16B6CA34209D00120FFF73EFF38B10446204638BD074BC3F874
:20D360002851204638BD6B6C002BFAD10024204638BDC5F8284100F0D9FAE5E7C4290020CB
:20D38000024B03491868FAF76FBA00BF380200203DD1000030B5144D144995F85520144B2F
:20D3A00080249440A1FB0424A20983B02A665B689847104A2B6E12680092E40981B20E48AC
:20D3C00004FB01F1A0FB012104EBD1315A1A2A6601240A4AA5F8564005F1A4000023F9F751
:20D3E000A5F803B030BD00BFC4290020D34D62105C340100C029002001800080FDD4000026
:20D4000000B50D4B83B05B6898470C4B0C491B68009380B2A1FB0031490A01EB8101A0EB1D
:20D42000C11081B2074A084801F5A0710023F9F77DF803B05DF804FB5C340100C029002017
:20D44000CDCCCCCC9DD40000A82A002008B5054BD3F80401FFF7A4FE18B1BDE80840FFF717
:20D460009BBB08BDC429002010B50B4C012384F85A30FFF7C5FF94F9582094F85830207ECD
:20D480000133002AB4BFDBB203F07F0384F85830BDE81040FFF7C8BCC429002010B50B4C1D
:20D4A00094F85A30207E013384F85A30FFF7BCFC94F85A30042B03D8BDE81040FFF7A0BF66
:20D4C000BDE810400248FEF7E3BB00BFC4290020D83301000348002290F85C1100F5967045
:20D4E000FFF70EBDC4290020024B1B7B03B97047FEF758BBC4290020FEF7E4BB10B582B068
:20D50000FEF7CEFB68B3184C94F8563073B9637C217C94F855200B449A42BCBF013284F8BE
:20D52000552002B0BDE81040FFF734BFFEF7BEF928B9A37C1BB194F857209A4206D2B4F80B
:20D540004E30A4F850300020FFF726FB074B216E1B680093064A0748002384F85630F8F750
:20D56000E5FF02B010BD00BFC4290020C0290020FDD40000682A002000B50E4B83B05B68EC
:20D5800098470D4B0D491B680093C0F30723A1FB033180B24FF4345303FB110189B2084AA2
:20D5A000084801F5B4510023F8F7C0FF03B05DF804FB00BF5C340100C02900200B5BB005D4
:20D5C000EDD80000CC2A002000B50F4883B0F9F70FF8B0B10D4B5B6898470D4B0D491B68AE
:20D5E000009380B2A1FB0031C90AC1EB0111A0EB012081B2084A044801F5F0610023F8F732
:20D6000095FF03B05DF804FB401B00205C340100C0290020898888881DD6000008B5FEF794
:20D6200045F950B9094B1A7B42B15A6C32B1B3F84E204FF6FF739A4200D008BD0020FFF7C7
:20D640008FFABDE80840FFF7BFBF00BFC429002010B5124C237B43B9FFF7B6FFFEF732FB8A
:20D66000BDE810400E48F8F787BF3C20FEF7D0FA3C2004F09BF8237B002BEDD0636C002BAC
:20D68000EAD0B4F84E204FF6FF739A42E4D0FEF719FBBDE810400248F8F76EBFC4290020FE
:20D6A000601B002010B5FEF7FBFA48B1094C94F8553013B1627C9A4202D200F0F7F900B1DE
:20D6C00010BD637C84F8570084F85530BDE81040FFF760BEC429002030B50A4D2B7B83B09F
:20D6E0000BB903B030BD084B084A1B68009300230446194605F1C400C5F80441F8F716FF7F
:20D7000003B030BDC4290020C02900204DD4000010B50C4C237B82B08BB1A37B7BB10A4B6A
:20D720005B689847094B0A4A1B680093C0F3080000F58071002304F1E400F8F7F7FE02B056
:20D7400010BD00BFC42900205C340100C029002069D4000070B50E4C227B82B00AB902B096
:20D7600070BD03460D469A6859680068DB68A4F85C5104F596740FC4064E074A3368009380
:20D78000002320461946F8F7D1FE02B070BD00BFC4290020C0290020D5D40000144B1A7B92
:20D7A00002B97047197EFF29FBD010B55C8B114B82B001FB04F15B68CC0198470E4B80B248
:20D7C000A3FB00231B0BC3EB0313A0EB432080B200F5F050094B0A4A1B680093844288BF7E
:20D7E000241A214607480023F8F7A0FE02B010BDC42900205C34010089888888C02900203E
:20D8000069D40000A82A00202DE9F041344CF6F7A9FE237B002B3AD0D4F8285115B1284632
:20D82000BDE8F0810746606C18B1FFF727FD002853D02C4B2C4E5B68984700EB800303EB9C
:20D84000031303EB032300EB430080B245F25553984230681FD9FAF75DF80446B8B14FF6B7
:20D86000FF7706E021463068FAF720F804460028D5D02046FFF702FD0028F3D12046FFF78A
:20D8800083FC0DB1B842EDD207462546EAE700252846BDE8F081FAF73DF804460028F6D002
:20D8A0004FF0000806E021463068F9F7FFFF04460028B4D02046FFF7E1FC0028F3D12046CD
:20D8C000FFF77AFC0028EED0036815B1FA1A4245E9D9A7EB03082546E5E7656C9FE700BF7E
:20D8E000C42900205C3401003802002038B5FFF78BFF0546FFF754FC30B104462846FFF7A3
:20D900005BFC2046FFF748F9034B1B7B1BB1BDE83840FFF731BE38BDC4290020024B1B7B7C
:20D920000BB1FFF729BE7047C429002010B50A4C237B82B06BB1094B5B689847084B094AE7
:20D940001B680093C0F30801002304F58470F8F7EDFD02B010BD00BFC42900205C34010030
:20D96000C0290020EDD8000010B5084C237B03B910BD04F18400F8F73BFE0028F8D104F112
:20D980008400BDE81040F8F719BE00BFC429002010B50C4C237B82B00BB902B010BD04F157
:20D9A0008400F8F725FE0028F7D0074B074A1B68009304F1840000234FF41641F8F7B6FD51
:20D9C00002B010BDC4290020C0290020E9D4000000B5084B084A1B68084883B04FF4F05111
:20D9E00000930023F8F7A2FD03B05DF804EBFFF7EBBD00BFC029002051D60000601B0020C4
:20DA000010B50F4C2046F8F7D9FD04F12000F8F7D5FD04F14000F8F7D1FD04F16000F8F7AF
:20DA2000CDFD04F18000F8F7C9FD04F1A400F8F7C5FD04F1D800BDE81040F8F7BFBD00BFBC
:20DA4000282A00200848037B03B9704700B5074B074A1B6883B06430009300231946F8F76D
:20DA600065FD03B05DF804FBC4290020C0290020F9D40000044B187B20B193F85C00003888
:20DA800018BF0120704700BFC4290020054B187B30B193F85C00A0F10200B0FA80F040096A
:20DAA000704700BFC4290020704700BF014B1878704700BF7328002010B50023C0E900339C
:20DAC000C0E902330A7D07320446D20804F0FCFF20460249BDE8104003F0F6B9B42C00204D
:20DAE00008B50E48002340F2FF214FF4D05243808380C3800381438183810180C28103F02D
:20DB000079F8FEF78FFAFFF73BFCFFF761FFFFF719FABDE8084003F039BE00BF242B002085
:20DB200010B50A4C237B012B00D010BDFFF724FB0028FAD0D4F82831984204BF0023C4F8BB
:20DB40002831BDE81040FFF77DBF00BFC4290020024688B10B4669B110B4084C03CC106036
:20DB6000516053F80C1F5B68D360916001205DF8044B704708467047704700BFE029002077
:20DB8000704700BF7F2801DD7F290EDD884206DC13DA081A7028D4BF002001207047401ABF
:20DBA0000F28CCBF00200120704701F58071081A1028D4BF0020012070470020704700BF49
:20DBC0002DE9F843194E377B17B196F840700FBB3E46174C4FF0000804F1540594F82030B3
:20DBE0001BB194F82130012B05D01C34A542F5D14046BDE8F883237C04F11009FE2B3A4682
:20DC00004946304609D06EB104F050FF0028ECD1C846EAE7FF082C36DBE7637C802BE4D097
:20DC2000002EF1D104F11009C846DEE7C42900203C2B002000B585B001466846FFF73CFF6F
:20DC4000684602F091FF08B103F08AF8034B002283F8402005B05DF804FB00BFC429002046
:20DC600078B370B54B1E7F2B84B00C4606D812F04001154605D1084604B070BD002004B066
:20DC800070BD134B0026E21DD2080146C3E90066C3E90266184604F017FF4FF0FF33A0F123
:20DCA0002C020146684682F8404082F84150D363FFF702FF684602F057FF18B1012004B07B
:20DCC00070BD704701460122684602F0BBFFF5E7F029002010B4164A164B17490020106012
:20DCE00083B012680192019AD3F8102522F00F0242F00802C3F81025D3F8082542F00302CB
:20DD0000C3F80825D3F804254FF4803422F003024FF48070C3F80425C3F80443C1F88001C6
:20DD2000086001221A6003B05DF8044B704700BF408100400080004000E100E0034A044BF3
:20DD400001211160D3F84405704700BF4480004000800040064B1A6802B97047002282B049
:20DD60001A601B680193019B02B000F003B800BF40810040054B186838B110B400241C603C
:20DD8000D0E901215DF8044B10477047801B00202DE9F0410488752C064607D07C2C37D0F5
:20DDA000A4B1002303800320BDE8F081DFF8D0802E4D98F800202E4F00233B602B6012B352
:20DDC0002C4CE256002A41DB2B6832E02A4F274DFDF788FB294B3A6818702C60002A43D0DD
:20DDE0002346244C984604F8038000219368802098472B6801332B6057F82320002AF2D181
:20DE0000DBB21F4A1370752333800120BDE8F0811A4B1B788B4216D1144D164CDFF86080E1
:20DE2000134F2B683A68E15C01F07F010132E1543A6098F80020013393422B60C1DB3B6818
:20DE4000002BB9D1DFE70120BDE8F0810A4A0B4952F8232009780020FDF7D6FB0028E0D19C
:20DE60007C23338001209FE71346CAE7881B0020841B0020B8280020BC010020D532002019
:20DE80007428002070B50488672C06461BD0792C33D05CB300230380032070BD1E4C1F49CC
:20DEA00023681F4A0978581C002520602846D554FDF7AAFB1B4B2A4618688521FDF7A4FB15
:20DEC00030B300232360184C134D06E00A28E5D00D28E3D02B687E2B15DD2046FDF75AFC62
:20DEE000431CF3D167233380012070BDFDF7FAFA0A4A094B10701C60E5E7852901D001207C
:20DF000070BD054CDDE706495A1CC8542A60E4E779233380012070BD0C1C0020D63200207C
:20DF20008C1B0020C0290020101C0020044B054A1A607F22002104489A809971FDF7DCBAF1
:20DF4000101C0020181C00205C020020F0B4134C2378E3B9124E13493368134F134D0A68DE
:20DF6000386803EBC30CC1F800C02968104482EA522208443A600E4A00EBF32333601060C4
:20DF800001310123296080B22370F0BC7047084A002350882370F0BC704700BF75280020BB
:20DFA000A01C00209C1C0020981C0020A41C0020A81C002070B5094B094E0A4C0A4D0B4A43
:20DFC000186031600023012123602B7011601824FFF7BCFF013CFBD170BD00BF9C1C0020AA
:20DFE000A01C0020981C002075280020A41C0020014B024A1A607047AC1C00200100FD0025
:20E0000010B51A4C0220A179FDF764F9A379112B17D0062B07D03A2B1DD0BDE81040002199
:20E020000120FDF757B9124B1B8828331A191B5B51889942BDE8104028BF19460120FDF7B3
:20E0400049B9618D238D9942BDE8104028BF19460120FDF73FB9064B28341B88195B49BA36
:20E06000BDE8104089B20120FDF734B9BC2C00205228002070B414780D7A84F00204A54234
:20E08000064624D00B891BB94B89B3F57F4F0FD01F4A146801F1080303CB04F1080313608C
:20E0A000012202FA06F320606160D8B270BC70478B89FE2BECD1164CC989236823F8021B29
:20E0C000022202FA06F02360C0B270BC7047487A53789842D6D1887A93789842D2D1C87A78
:20E0E000D3789842CED1087B13799842CAD1487B53799842C6D1887B93799842C2D1D37910
:20E10000CA7B9A42BED1032202FA06F0C0B2CDE7682300200F4B1A78012A19D110B45988C1
:20E120000288914203D000205DF8044B704742889988914200F10200F5D1D98830F8022F03
:20E140009142F0D1428819899142ECD11846EBE700207047AC1C002038B5154A154C164B32
:20E1600024781B68156815492A460144181904F0ABFC601980B2FCF7F1FFFDF7A5FAA8B1AA
:20E180000F4B00219B6804460E48984704F0CCFA2046FDF7D7FA2046FDF7BEFA0A4B1B68B3
:20E1A000012B03D0032B01DC012038BD002038BD742300207728002078230020BC2C0020F1
:20E1C000A0310100CDE100006C23002070B5124B1B680C46154613B19B68084698470F4B10
:20E1E0000D201C60FDF78AF80D490646F9F7FCF800B170BD2A4621463046F9F709F8094B0A
:20E20000304621462A465B6C984729462046BDE8704002F07FBB00BFB81C00206C23002053
:20E22000E4310100F03301002DE9F0410F468046FCF7AEFF134B1978461A731E6D2B08D84A
:20E24000114800230446A57871343DB101330C2BF9D14FF0FF363046BDE8F081C3EBC3049E
:20E260000A4A03EB0413C418126800F8038003331144184432466770A67004F025FC30469D
:20E28000BDE8F08177280020BC1C0020782300202DE9F04707461446002A3BD1644EB14623
:20E2A0008846B9F80A3092464FF0FF3523BB6B1C2ED009F1B009D4B16A1C15D0B02404FB81
:20E2C00005F406EB04090C20A9F80A80A9F80870FDF714F801464846F9F780F804F1100095
:20E2E0003044402102F0F4F92846BDE8F087B9F80A300124002BDAD009F1100002F0FEF908
:20E30000002861D1691CD4D1B9F80A30002BD0D165B2CEE7464E3389834208D0B6F8B83073
:20E32000BB4224D04FF0FF352846BDE8F0877389002BF3D00C20FCF7E1FF01463046F9F759
:20E3400053F80028EAD00025EFB238462146FFF76BFF00281ADB0028E4DDB02303FB056643
:20E360006DB2B3891844B0812846BDE8F087B6F8BA30002BD6D00C20FCF7C0FF01462D4828
:20E38000F9F732F801250028CCD0DDE7738963B3002D48D0284802F0B1F90028C2D0274B26
:20E3A000002103F24C5071819A781AB11A780AB99A70013171338342F6D10029B2D0214609
:20E3C0003846FFF731FFC6E71C4BA9F80AA003F24C51E0B29A7822B11A78824208BF83F899
:20E3E00002A071338B42F5D161E7B6F8BA30002B98D0002D96D1124802F080F9002891D0EF
:20E400000E4B0021A6F8BA108C4603F24C509A782AB11A78012A04BF83F802C00131713337
:20E420008342F4D1C9E7B6F8BA30002BE3D179E708220020B822002018220020BC1C002035
:20E44000C82200202DE9F84315090F2D02F00F0408BF10250F2C06461F462DD0A04619B16D
:20E460002A46304604F030FB05EB08020F2A04DD5CB9D5B90120BDE8F883C2F110020021B9
:20E48000701904F049FB002CF3D01A4ADFF868901768D9F80030DB1B03EB0807FCF778FEBD
:20E4A00087420EDD0020BDE8F8833046394602F00BFD0120BDE8F8831024A0460029CFD155
:20E4C000E3E7D9F80070C8F1100030443946224604F0FAFA022C05D03C44C9F80040012080
:20E4E000BDE8F8830A2DF7D8FF22FE23F2723373F2E700BF78230020682300202DE9F04F57
:20E500003A4928220A703A4A002387B013700446FCF772FEFCF728FE364B374A1B68106098
:20E520000BB1FFF76DFD042003F0F8FE01460520FCF7D0FE3149324E002C18BF21460D20F4
:20E54000FCF7D4FE2F4B9B69984700280446306011DD274B284A1B78D2F800B0DFF8B0A091
:20E5600002330BEB030505F126010BEB00029142CAF8005003D3002007B0BDE8F08F00227B
:20E580000BF803202048FFF7C5FD03461F481F46FFF7C0FD8046002F00F0FF816B1CCAF8BF
:20E5A000003080230193DFF86C9099F8011099F800200B0943EA0213D8B2C3F3850343EA83
:20E5C000801311F00F0F58B202F00F02DBB223D1B9F802C0BCF1000F1ED121F00F010A436F
:20E5E00040F0E0817823049327E000BF7828002077280020B81C002078230020E43101004E
:20E6000070230020A0310100C42C0020D42C002068230020BC2C002021F00F0C52EA0C021C
:20E6200000F0AB81DAF80020D9F80010116002F8043B60210491CAF8002099F80630112B46
:20E6400000F0B981002B00F0B6813C2B00F0B381A3F12B02012A40F2AE81DAF8002002F87A
:20E66000013BCAF8002099F80730402B00F0CE82FF2B00F0C682012B00F0BE82DAF8002059
:20E6800002F8013BCAF80020B9F80830002B40F00382B9F80C10B9F80A30B9F80E200B43B4
:20E6A000B9F810101343B9F812200B43B9F814101343B9F816200B4313439BB2002B40F0A4
:20E6C0000D82019B43F04003019399F81830FF2B00F02B82B8F1000F00F0698298F8012021
:20E6E0002B7813432B700D20FCF708FEBB4902460020FFF7BFFC019F0743FFB247F004036A
:20E700000593B74B3468DAF80050D3F800B0B54B0193019B1E78112EA8464FF000075CD0C1
:20E720004EB13C2E00F04C812B2E00F054812C2E40F09180022607F1280149444A780B78DF
:20E740000191D200112B02F1080200F04081002B00F03D813C2B00F03A812B3B012B40F2BC
:20E7600036816B1C0BEB04008342BFF404AFCAF800309D188542BFF4FEAE1846CDE9021241
:20E7800004F0A2F9039A0299CAF800500346D0B2A0F1020C83F801C0934B93F800C00B784E
:20E7A0001744914A6044112B107000F00E81002B00F00B813C2B00F008812B3B012B8CBFE0
:20E7C0000023012343EA460363F01F0388F80030019B1E78112EA846A2D128376A1C39F86F
:20E7E0000710CAF800200B0A43EA01239BB223F00F024FF2B00609EB0701B24290B24A884E
:20E8000000F0FE80120292B2B2F5704F00F0178103F47F43B3F5704F00F0FF802B46F02232
:20E8200003F8052B0BEB04029342BFF4A4AE59F80700C5F80100CAF8003003F1020842454A
:20E840007FF699AE6848C9880278198002F10803CAF800800370654D049A2B78644E0BF88D
:20E860000320614A5B441178059A5A703388A8EB0B085FFA88F85A1A02EB0800A04285F837
:20E88000008040F3EF80A4EB0805043D25F00705053C521B121B002ACCBF02F1FF37032775
:20E8A00024F00708C4BF97FBF8F70437FCF706FFB842FFF460AE002DFFF65DAE484A4D4BAC
:20E8C000D2F80090494AB3F800A092F800B0DFF82CC1494F0AF101021A8049465A46002380
:20E8E00009F10400CCF8003004F0FCF833883F4A89F803A01B0A63F03F0389F800303388B0
:20E9000089F80130384B3D604FEA1A2A0BF1040B187889F802A082F800B0FFF71DFC002889
:20E920003FF429AE33882E492F4D09683A682D782E481B0A63F01F030B7033884B7015440D
:20E940003388ADB205229D42027009D3A0E03A6833881544ADB2AB4240F29A80204A116898
:20E960005B1BEA089C42B8BF43460A7128463B60FFF7F2FB0028EAD1FDE5DAF8003020F013
:20E980003F0001431970B9F80220A3F801200333CAF80030682304934FE600287FF4FEAD17
:20E9A000019000E6DAF8002002F8013B70230493CAF8002041E6049B43F00403049352E6DD
:20E9C00007F1280149440326B8E60123FAE62B460BEB0400CDE60126ADE600BFD42C002007
:20E9E00078230020C22C00207828002077280020AC2C00204C280020742300206C230020DD
:20EA0000130A43EA02239BB223F00F02824276D003F47F43B3F5704F11D02B46F22203F88B
:20EA2000042B0BEB04029342BFF4A5AD39F80700CAF80030000A687048886880FDE62B46B9
:20EA4000F12203F8042B0BEB04029342BFF493AD39F80700A5F801004888CAF80030000A13
:20EA6000E870EAE68B428CB2FFF485AD49440BEB080004F029F83088001B404480B2FCF722
:20EA80006DFB864B86489B680021984703F04CFE012007B0BDE8F08F17BB48F2FE02934252
:20EAA0000BD1B9F81A30B9F81C10B9F81E200B4313439BB2002B00F0AE807A4FDAF800E0FE
:20EAC0000FCF0EF11007CEF80000CEF80410CEF80820CEF80C30CAF80070F6E5002FECD0BA
:20EAE00078782B78704A6F4943EA00132B700420FFF7C0FA60F03F00C3B20193E5E52B468F
:20EB0000F32203F8022B0BEB04029342BFF433AD39F807604888CAF80030360A000A00EBC5
:20EB2000061000F5AA60687087E699F81930019A022B42F008020592B9F81A2075D04ABBD1
:20EB4000B9F81C1031BBB9F81E20B9F82000B9F82210024392B211431AD199F82420002A82
:20EB600000F0898099F82220A2B9DAF800504F4901982A4640F0090002F8013B0B68C5F80C
:20EB800001300B79059006351371CAF80050BEE5002AE7D0464DDAF800600FCD06F1100529
:20EBA00030607160B260F360CAF80050AFE5B9F8182048F2FE039A4215D1B9F81A30B9F857
:20EBC0001C10B9F81E200B4313439BB25BB90D20FCF794FB364902464046FFF74BFA019B42
:20EBE0000343DBB28CE5324DDAF80060019F05970FCD06F11005D3E7049B43F001030493D5
:20EC000042E5049B43F0030304933DE5049B43F00203049338E5244A22490420FFF72AFA9A
:20EC2000019F0743FBB201934FE5002AB2D1B9F81C10B9F81E20B9F82050B9F822000A43BB
:20EC40002A43B9F8245002432A4392B2002A7FF479AF99F82620002A7FF475AFDAF80050AD
:20EC600099F8273005F8013B019BCAF8005043F00B0305934BE5DAF8005001980D492A463B
:20EC800040F00A0002F8013B059008888B78A5F8010004359370CAF8005038E5A031010001
:20ECA000CDE10000C42C0020B42C0020DF2C0020D42C0020E12C00202DE9F04F0C2091B05C
:20ECC000814F824CDFF81C82FCF718FB4FF0000BF8F702FB87F800B084F800B0FCF744FA59
:20ECE000C8F80000FCF754FA10B911B0BDE8F08F03F03AFA0420FCF7F3FA0146062003F0DA
:20ED000017FB0320FCF7ECFA0146072003F010FBD8F800301A8852BAC2F3072101F0F80104
:20ED2000C02992B200F0A680E02967D158881D792378C2F30A0940BA053380B22A46494613
:20ED40002370FFF7A5FAB0F1FF3F8246CDD0604ACDF808B0B02303FB00234FF4A06C9E89B6
:20ED60000123CDE9003C4E4534BF00260126FCF70FFA23788342B8D8FCF70AFA23783F7875
:20ED8000544AC41A07EBC5052544B5F5A06F146000F2F981BBF1000F0BD00199E2198A4242
:20EDA000A3DCD8F800100BEB07001944224603F08BFEB9F1000F00F0FB81029B3BB1444A7A
:20EDC000B02303FB0A233A1992B29A811A83002E40F06482009B002B87D13C441FFA84F96E
:20EDE0003D4C3E4A2368A2F8009023B1FFF708F923685B68984701F01FFB76E7DA46D946AE
:20EE0000CDF800B04FF4A062DFF8DCB0019222783348995C01F0F0050026F02D067047D082
:20EE200001F0E000602861D041297FF45EAF511C53FA81F303F1200C59461E685D68986826
:20EE4000D3F80CE0C1F80CE0103363450E604D60886001F11001F0D118685B684B6008604E
:20EE60003B782833293200263B70009B2270354602937CE758882378C2F30A0940BA043344
:20EE800080B25A4649462370FFF702FAB0F1FF3F82463FF42AAF0E49D8F80030B02202FBB3
:20EEA000001202F11A0B94210122CDE90021AEE70132D2B201F00F0511F00E0F2270057003
:20EEC0007FF413AF995CABE778280020772800200822002074230020B81C0020AC2C00200A
:20EEE0007628002078230020BC2C0020FCF750F922780290531C8342BFF6F7AED8F80010BB
:20EF000088188B5C90F901504678039502F1020EBC4A01EB0E00002D1060BCBF013010607E
:20EF2000D80600F14D81B74A10681A07A0EB010500F19081029A0335AA427FF7D6AE054602
:20EF400030F801CFAF4A80788BF80300ABF801C015F8040B9BF801C01560850805F0300542
:20EF600045EA80150CF00F0CC0F3830040F0600045EA0C0C8BF800008BF801C013F00402D9
:20EF800005920CD19F4A1068029A451AAA427FF7ACAE9C4A10F8015B8BF80650106013F04F
:20EFA000030300F04A819848C35C8BF807307506C6F3011340F1B281039A002AB6BF11F8E6
:20EFC0000E2000221209002B40F02A810BF1080519468E4A0691D25C04920C20FCF78EF97F
:20EFE000049A069903462846FFF72CFA00283FF47CAE16F0080306F0030200F0A0817007E8
:20F000001FD4531E40F2FF21012BADF83C100DD87C48D8F800100368029D591A8D427FF7D2
:20F0200064AE13F8011B8DF83D100360784900238A5C0BF118000FA9FFF704FA00283FF47D
:20F0400054AE3B786F4A2833D2F800C0D8F800203B70029B0492ACEB020293427FF745AEB6
:20F06000059B002B00F014820BF10603059300220BF12803CDF82CB0CDE90C9A0892664616
:20F080009B465AE05F49049BB51C0D600299EA1A9142737809937FF728AE2A46594B12F86D
:20F0A000016B1A60049B0A921146A1EB030A06F1020C069B06F1010E19F0040F4FEADC0959
:20F0C0003344D64409F1FF3A324606935FFA8AFA7FF40BAE079D4F4B5B5D059DCDF814B031
:20F0E0002B70019B069D9D423FF7FFAD5FEAEC0C00F01282099B8BF80030029B8BF801A098
:20F100007345FFF6F2AD03F0DFFC4FEAC909089B0A993A785FFA89F94B44DBB20893394BBC
:20F120000E441E60039B0AF1010A91440BEBCA0B87F80090002B00F0F3810B9B3278049930
:20F14000ABEB03030233069302F0F00C02F00103751C0393BCF1E00FC2F342030BF10200A6
:20F16000A5EB01014FEA5209079340F0A681254A1560029A8A427FF7B8AD039B002B81D037
:20F180000023099389E72449244B5FFA8AF0B02202FB00120024548103F24C519A781AB148
:20F1A0001A78824208BF9C7071338B42F6D19CE5009B002B3FF411AE002E7FF411AE94E5DC
:20F1C00013F0080563D10F4A1068029AA0EB010C62457FF78AAD90F800C00A4ACCF3830CA8
:20F1E0004CF0600C8BF800C010F801CB10604FEA9C0000F0300040EA8C10ABF802508BF8AD
:20F200000100BBE668230020883401008C340100943401007034010008220020BC1C002073
:20F22000C549087801287FF460AD487890427FF45CAD02310BF10805CBE6C04A029D136878
:20F24000581A85427FF751AD13F8010B8BF807001360ACE6029A02354FF0600CAA428BF86E
:20F2600000C07FF742AD90F800C0B44A4FEA9C0505F030050CF00F0C45EA0C0C8BF801C07D
:20F28000B0F80150ABF802500330106076E660250020ABF80050ABF802006FE6DFF8BC82DA
:20F2A000B02303FB0AF308EB03025589B2F818B0A2F80C905D4568D3B5F5A06F65D81A33E2
:20F2C00008EB03015A469E489E4E03F0FDFB9C4BA5EB0B0203EB0B00002103F01DFCF51E1D
:20F2E00006F24C5B02E07136B34574D016F8012C002AF8D016F8033C9A45F4D116F8023C40
:20F300008F4802EBC301B1F5A06F4FEAC3033146184400F2258103F0D7FBE4E78A4A0C20B6
:20F32000D25C0492FBF7EAFF049A884903460BF10800FFF787F800287FF45BAED5E4710728
:20F3400038D50399002906DA2178D8F800300B449B7803F00F03784D297801297FF4C5AC87
:20F36000697899427FF4C1AC794B0D209A5C0392FBF7C4FF039A0346A91C0BF11800FFF70B
:20F3800061F800287FF45DAEAFE4B0235FFA8AF003FB008A6F4B0024AAF80A4003F24C5151
:20F3A0009A781AB11A78824208BF9C7071339942F6D19AE4644B0D209A5C0392FBF79EFF8D
:20F3C000039A624903460BF11800FFF73BF800287FF437AE89E45FFA8AF1B02303FB018A42
:20F3E00000205D4AAAF80A00AB781BB12B788B4208BFA8707135AA42F6D1009B002B3FF40A
:20F40000ECACEDE40299013399427FF76EAC9CF801301B09A3F575639BB21B0243F0F00360
:20F4200033809CF8013003F00F03A3F575639BB21B0243F0F0037380404B0CF102051D6050
:20F4400053070CD43D49049A0B6802989A1A013290427FF74AAC33F8022BF2800B60FBF7F5
:20F4600097FE364AD8F8001012680346B9F1000F00F0AF80089AA9F128039B1A9BB21A0277
:20F4800012B21B0A3978134301F10802B3803A702A4BD8F800201B689B1A2370B9F1000FBA
:20F4A00071D0A9F128031A1200268BF80530009B8BF804203546029359E4049B0299B44679
:20F4C000ACEB030399425E46DDE90C9ADDF82CB07FF70BAC02F0F802F02AD9D10199A6EBEB
:20F4E0000B0207328A42BFF600AC059911220A709CF8002002F0F301F03903293FF6F5AB8A
:20F5000001A050F821F000BF11F60000E5F50000A7F5000005F400008BF801C0FFF7E5BBE2
:20F52000049B029ADDF82CB0F31A9A42DDE90C9AAEDCFFF7DABB00BFAC1C00206823002023
:20F54000BC2C0020BF1C002090340100743401008C340100BC1C00200822002008220020ED
:20F56000B02303FB0A823249002353815FFA8AF0AA781AB12A78824208BFAB707135A94223
:20F58000F6D1FFF7B2BBFBF703FE21783A78431A1344283B5BBAABF80430009B02934E463C
:20F5A0004D46FFF7E4BB0299033399427FF79DAB9CF80130A3F580539BB21B0243F0F003F9
:20F5C0003380BCF8023073801A4B0CF104051D6036E7521AC2F1080213449BB21A0212B2ED
:20F5E0001B0A4FE70299033399427FF77EABBCF8013033809CF80330A3F580539BB21B0231
:20F6000043F0F00373800B4B0CF104051D6017E70299043399427FF768ABBCF8013033802C
:20F62000BCF803307380034B0CF105051D6007E7082200206823002038B54368934294BF7B
:20F6400003F1FF35154604462A46006803F03CFAD4E900322B44521BC4E90032002038BD1D
:20F660000CB410B586B008AA029052F8043B094C019208460390194604A802ABCDE9044384
:20F6800000F0BCF8029B00221A7006B0BDE8104002B0704739F60000074B82B001AA9A422F
:20F6A000019304D9CD2103F8011B9342FBD10348002102B0FBF720BFD83200206C0200208C
:20F6C00038B5124C124D03F02FF82378CD2B08D0AC4202D30EE0AC4212D014F8013FCD2B36
:20F6E000F9D1AC4202D30BE0AC4209D014F8013FCD2BF9D003F018F8AC4203D2281B38BDC0
:20F7000003F012F84FF0FF3038BD00BFD83200200000042070B50388044633B1972B0DD1FE
:20F72000154BDB6873B1012070BD13484FF4A061F7F754F897232380012070BD002303808A
:20F74000032070BDFFF7BCFF0C4E0D4BF61AB04205460DD90B4B1B68002B09DD0A4A0B4931
:20F760000B48FBF723FE0B4832462946FBF71EFE0148F7F73DF8DDE77C23002000000420C8
:20F78000D83200209401002098340100143201008C2B0100A034010010B50446F4F7FEFEF3
:20F7A000D4E900321344C01A6FF0004398422CBF0020012010BD00BF102A2DE9F04114461A
:20F7C00006460D460DD90C4F01E0102C0CD93368286810223946103C98470028F5D0BDE8AE
:20F7E000F0811046002AFAD03368286802492246BDE8F041184700BF103501000B78002B88
:20F8000000F0DF842DE9F04F91B0904600228A468146009204E01AF8013F002B00F0D68037
:20F82000252BF8D1514500F00381AAEB0104D9E9003022469847002840F05881009A9AF875
:20F84000003022440092002B00F0C3809AF801300AF10104002B00F0BC800021A3F1200231
:20F86000102A0AD8DFE802F0AF0909AC09090909090909A909A60909A100A3F13102082A03
:20F8800040F2BD802A2B00F0C88000262E2B00F0AB804FF0FF3B6C2B00F09F80682B00F030
:20F8A000CA807A2B03D1637841F060010134782B00F2EA80DFE813F08D00E800E800E800D5
:20F8C000E800E800E800E800E800E800E800E800E800E800E800E800E800E800E800E800A8
:20F8E000E800E800E800E800E800E800E800E800E800E800E800E800E800E800E800E80088
:20F90000E800C401E800E800E800E800E800E800E800E800E800E800E800E800E800E8008A
:20F92000E800E800E800E800E800E800E800E800E800E800E800E800E800BD01E800E80071
:20F94000E800B601AF01A801E800E800E800E800E800E800E800E800E800E800E800E800CF
:20F96000E800E800E800E800A101E800E800E800E800E800E800E800E8009A01E8009301EE
:20F980001F015B0169016201E8001F01E800E800E800E80085017E017701E800E8007001B8
:20F9A000E8005401E800E8004D0141F0100114F8013F53E741F00101F9E741F00601F6E7FC
:20F9C00041F00801F3E741F00201F0E78A457FF42CAF009811B0BDE8F08F63786C2B31D0FB
:20F9E000013441F0600162E76378A3F13000092804F101022BD92A2B3AD0144649E700261C
:20FA000006EB860603EB460614F8013FA3F13002092AA6F13006F3D938E7D8F80060637827
:20FA2000002E08F10408B8BF41F0010101342DE79AF8003007E76378682B20D0013441F02C
:20FA4000400134E7A37841F0800102342FE74FF0000B0BEB8B0B03EB4B0B12F8013F2F2B73
:20FA6000ABF1300B40F29282392BF2D9144612E7A378D8F800B0023408F104080BE7A37804
:20FA800041F02001023412E701F4E0630F46B3F5A06F04F1010A39D000F29181B3F5407F2D
:20FAA00000F09C81B3F5806F40F0D180D8F80050019508F10408002D40F02082C44B0193C4
:20FAC0000625BBF1000F02DB5D4528BF5D46AE428CBF761B0026F80740F12382D9E900307E
:20FAE00001992A469847002800F0B9814FF0FF3011B0BDE8F08F01F4E06343F48073B3F56E
:20FB0000A06F41F4245704F1010AC5D1012ED8F800308DF82830354638BF0125FA0705F1F5
:20FB2000FF3508F1040840F11C82D9E9003001220AA998470028D9D12A4609F10401484647
:20FB4000FFF73AFE009B01330028CFD1EB1800933FE001F4E06343F4807341F4C85796E7F8
:20FB600001F4E06343F4807341F410678FE701F4E06343F4007341F4024788E701F4E063FA
:20FB800043F4007341F4813781E701F4E06343F4007341F400777AE701F4E06343F4806325
:20FBA00041F4806773E701F4E06343F4407341F440776CE701F4E06343F4807341F48857F8
:20FBC00065E704F1010AD8F80030009A1A6008F104086378002B3FF4FCAE514620E601F44B
:20FBE000E06343F4A06341F4A06750E701F4E06343F4007341F4C13749E701F4E06343F467
:20FC0000807341F4B24742E701F4E06343F4007341F4A1373BE701F4E06343F4007341F472
:20FC2000844734E701F4E06343F4007341F442472DE701F4E06343F4007341F4E13726E7EE
:20FC400001F4E06343F4C06341F4C0671FE7B3F5807FBED1BBF1000FABBF27F01007012303
:20FC6000CDF804B0019317F40053069307F0E00300F01D81402B00F07C8200F20B81002B16
:20FC800000F05A82202B40F09E8298F9002008F10408D317002A73F10001C0F21D82CDE9C7
:20FCA000022307F4C053B3F5805F00F08C81B3F5C05F00F0E781B3F5006F00F0AD81002316
:20FCC00005939B460DF13E030493019B9B4534BFA3EB0B03002341F60802019307EA0201DE
:20FCE00041F208039942019B00F0138191425B4404D1DDE902120A4340F058810025079593
:20FD0000069A7AB1059A002A40F04C8107F00602022A00F054812F49062A079A04BF0A4606
:20FD2000012507922B449E428CBFF31A0023029317F00103059307D1FE0640F1F381DDE9BB
:20FD400001210A44CDE901233DB1D9E9003007992A46984700287FF4C9AE009B019F5B449E
:20FD6000102F009340F2B2811B4ED9E9003010223146103F984700287FF4B8AE102FF4D80E
:20FD8000D9F800301449D9F804003A46984700287FF4ACAED9E9003004995A469847009B33
:20FDA0001D4400287FF4A2AE019B2B449B46059B002B40F0ED80029B5B44009309E7B3F53C
:20FDC000C06F5BD0B3F5E06F3FF4FDAE01E700BF04350100FC34010020350100D8F80010AC
:20FDE000C948CA4D17F4804F08F104080A464FF0000314BF8346AB4600296AD00DF13B0E33
:20FE00007146100902F00F0C40EA03701D0902462B461BF80C0001F8010D52EA0300F0D163
:20FE2000BEEB010557D003357823AE4201F8013C4FF030024FF0230301F8022C01F8033CBE
:20FE4000A1F1030B8CBF761B0026F9077ED5D9E9003059462A46984700287FF447AE3246C5
:20FE600009F104014846FFF7A7FC009B2B441D4600287FF43BAE73190093AAE6D9E90030CA
:20FE8000A3490122984700287FF430AE009B013300939EE6602B00F04F81802B40F09381DB
:20FEA00008F1070828F00708F8E80223F2E6402B00F0578115D8002B00F04481202B40F0BB
:20FEC000998198F800200023CDE9022308F10408E7E60DF13B01302301F8013C0425013962
:20FEE000A2E7602B00F02E81802B40F0838108F1070828F00708F8E80223D0E62B78002BB8
:20FF000000F0488115F8013F002BFBD1019BED1AD7E5012B38BF01230025019307955B444A
:20FF2000EEE6324609F104014846FFF745FC00287FF4DCAD0199D9E900302A46984700288A
:20FF40007FF4D4AD009B2B441D4694E7324609F104014846FFF730FC00287FF4C7AD5946F0
:20FF6000E9E72A4609F104014846FFF725FC00287FF4BCADD9E9003001220AA99847009B57
:20FF8000013300287FF4B2AD2B44DFE514468EE4029A09F104014846FFF70EFC00283FF4B0
:20FFA0000AAFA3E55B4A07920125BBE65A495B4A17F4804F18BF0A4607920225A0E6584ACA
:20FFC00007920125AEE6DDE9022313433FF477AEDDE902231846002315460593DDE90223EB
:20FFE0000DF13E0107918C464FEAD20B4BEA437B02F007014FEAD30E30315A4673460CF87F
:020000040001F9
:20000000011D52EA0301EFD1079BCDF810C0CDE90250A3EB0C0B58E6DDE90223134300F06F
:20002000C88000230593DDE902120DF13E03CDE9086407938B46154604971C4658462946B2
:200040000A22002302F0B6FB303204F8012D584629460A22002302F0ADFB2F465E46002FE4
:2000600008BF0A2E83460D46E8D2079B049F089E04942246A3EB020B099C26E6002200232F
:20008000CDE9022317F4804365D10593DDE902231E4DDDE90201014300F085800DF13E0055
:2000A0000790110902F00F0E41EA03714FEA131C0A46634615F80E1000F8011D52EA0301FF
:2000C000EFD1079B0490A3EB000BFEE5019B002B3FF460AE1F4653E6524207F4C05163EB1A
:2000E0004303B1F5805FCDE9022355D0B1F5C05F45D00123B1F5006F059394D00DF13E03E7
:2001000004934FF0000BE0E5DC340100C83401000C350100F8340100F0340100F43401006E
:2001200000350100029A09F104014846FFF744FB00283FF409AED9E4D8F8002008F1040867
:20014000D317A7E5D8F8003000221946CDE9021208F10408A5E50021DDE90223324D05912E
:2001600097E7B8F800200023CDE9022308F1040897E5B8F9002008F10408D3178AE57B0404
:2001800005D50121DDE90223274D059186E7012305937BE7019DB9E6DDE902231846012339
:2001A000154605931AE70DF13E034FF0000B04938BE54FF0000B0DF13E03CDF814B0049312
:2001C00083E51846704707F4C053B3F5805F06D0B3F5C05F3FF452AFB3F5006F13D000231F
:2001E00005939B4600230022CDE902230DF13E0304936AE507F4C053B3F5805F08D0069B33
:2002000005939B46EEE74FF0000BCDF814B0E9E70699059100230022CDE902230DF13E0359
:200220008B46049351E500BFDC34010010B44FF080414FF080520020C1F80C015E4BC1F833
:200240001001C1F83805D2F80414C3F82015D2F80814C3F82415D2F80C14C3F82815D2F83F
:200260001014C3F82C15D2F81414C3F83015D2F81814C3F83415D2F81C14C3F84015D2F89E
:200280002014C3F84415D2F82414C3F84815D2F82814C3F84C15D2F82C14C3F85015D2F8E6
:2002A0003014C3F85415D2F83414C3F86015D2F83814C3F86415D2F83C04C3F86805D2F84E
:2002C00040043E49C3F86C050968D2F84424C3F87025082924D04FF08043D3F80024D20745
:2002E00044BF6FF00102C3F80024354AD2F8883043F47003C2F88830BFF34F8FBFF36F8F5D
:200300004FF01023D3F80022002A23DBD3F80432002B1FDB2B4B2C4A1A605DF8044B70476F
:200320002A4B1B68002BD6D129482A4A2A4C04602A492B4BFB20C2F818050A681B682948F3
:2003400022F00F0203F00F0313434FF400720B600260C0E7244A0123C2F80435D2F8003473
:20036000002BFBD04FF0102312211F4AC3F80012D2F80034002BFBD04FF0102312211A4AAF
:20038000C3F80412D2F80034002BFBD000231649C2F80435D1F80034002BFBD0BFF34F8FA0
:2003A0000749124BCA6802F4E0621343CB60BFF34F8F00BFFDE700BF00C000403001001072
:2003C00000ED00E07C0200200090D003340100108C56004000F0004048810300E40E0040BA
:2003E000580200104096024000E001400400FA0510B5014682B004460120F7F701FC38B9D2
:20040000064BDB680193204602B0BDE81040184701F0AAFE002002B010BD00BF78340100A4
:2004200010B5144601F06CFB18B1024BC4611B68836110BDC0290020002108B50846F7F7B3
:20044000DFFB18B1BDE8084001F08EBE024602210348FBF7FBF8BDE8084001F085BE00BF54
:200460008002002070B5384D2B8888B0002B36D0B3F5A06F31D8354C608B238BA28BE18BA1
:2004800003431343228C608C0B431343A18CE28C03430B4313439BB2FBB12D4E736B9847CC
:2004A000D8B1237EFF2B1CD004F1180000F05CFB20B12B889BB100F04DF810E0336C04A868
:2004C000984780B104AC204600F0F0F9054648B3284600F0E5F9FFF78BFF01F045FE08B02F
:2004E00070BD0020F7E704F1180000F01FFBB8B904F1180000F01EFA054658B100F018FADE
:2005000004460028DFD12846F36C9847284600F013FAE2E700F074FA04460028DDD0D2E7A3
:200520001834D0E702A8214600F0D8FC092301952A46009302A92046012300F055F9054660
:200540000028C5D1C9E700BFAC2C0020BC2C0020F033010008B5012001F026FB034B1B8869
:2005600003B908BDBDE80840FFF77CBFAC2C002038B50388044623B340F2353083420FD110
:2005800087293BD010D801292ED0022903D1234B1B88002B3ED140F235332380012038BDF3
:2005A00000232380032038BD8829F4D11C4B9A42F1D1D368002BEED100F0D6FBFFF752FFB5
:2005C000E9E7FAF78FFF174B0246402116481A70F6F704F901F03CFA144B5B68984740F295
:2005E000353323800120DAE7002AD4D0104B05201A6001F0D9FAFFF735FFCCE70D4B002528
:2006000003F5807099698A4208BF1D8220338342F8D1C0E7FFF79EFFBDE700BFAC2C002048
:200620009C2C0020D73200208C230020F0330100C0310020D0310020074B1B6843B1283360
:20064000186820B105495A680978FAF7FFBF7047034B1B681833F3E7C8310020D73200201A
:20066000C0310020802802D1024B00221A600120704700BF04C500400120704730B5134C49
:200680000123236083B0FDF759FB6FF003031D1A03E0FDF753FBC54203D5D4F80031002B70
:2006A000F7D00A4B0022C3F80021D3F80825D3F80835920544BF6FEA83536FEA9353034ACB
:2006C000019301235360019803B030BD00C0004010B541600446F3F745FF206010BD00BF8C
:2006E00010B50446F3F73EFFD4E90021C2F101031844884284BF5218226010BD10B50446FE
:20070000F3F730FFD4E90032C3F10103184482422CBF0020012010BD30B4144B1448154DFF
:200720004FF0A04100220324C3F80025C1F874474FF00054C1F80845C1F87C271F241D2186
:20074000C3F8245582B0C3F86C25C3F81445C3F80C15026001680191019C074A0420012166
:20076000C3F80005116002B030BC7047002000401C21004000E0D70108200040074B084953
:20078000084A0020186082B01B680193019BD1F818051368C0B202B0184700BF082100407E
:2007A000002000409C23002050B110B5054B04469B6C984721460448BDE81040F7F7A6B9BF
:2007C000704700BFF03301009002002008B5F6F7E9FDBDE8084002490248F7F745B800BF11
:2007E000A907010090020020F8B505469DF818200B481E46079BF7F71BF9044668B1094BBF
:20080000D5F800C06F68A968EA689B6CC0F800C047608160C260467498472046F8BD00BF75
:2008200090020020F0330100002834D02DE9F041884688B061B307461848F7F799F80646DD
:2008400030BB3D682868EB686968AA6803AC0FC428462B8A2380FFF7A7FFC8B1052300932A
:200860009DF81C209DF81D300196414603A8FFF7BBFF0546386058B103AC0FCC2860696085
:20088000AA60EB6023882B82304608B0BDE8F0814FF0FF30F9E74FF0FF3070479002002042
:2008A00001460148F7F796B99002002070B5B8B105460D48F7F72EF8044688B10A4E03E0B9
:2008C000F6F7F4FF044658B129461022204602F0EDF8034621463046002BF1D1204670BD61
:2008E0000024204670BD00BF9002002001460148F7F73EB89002002008B5FFF7D7FF28B148
:200900000146BDE808400248F7F764B908BD00BF90020020704700BF08B50348F6F7C6FEE9
:20092000024B00221A6008BDA0020020C02400200020704700207047704700BF0C4B1B6845
:20094000A3B1984210B5044602D105E0A34203D01B68002BFAD110BD21460548F6F798FD6E
:2009600021460448BDE81040F6F7CEBE704700BFC0240020A002002038B5054670B1084B6E
:200980001C6814B908E0246834B110222946201D02F08CF80028F6D1204638BD0446FBE7E3
:2009A000C024002070B5C0B10E460546FFF7E4FF0446A8B128686968AA68EB68251D0FC5A6
:2009C0001EB901232377204670BDA661F3F7E6FD002360612377204670BD0024204670BD53
:2009E0000548F6F775FE04460028F6D001460348F6F730FDDEE700BFA0020020C02400201C
:200A000038B5084B1C685CB1251D2846FFF74EFF08B1437C13B92468002CF5D1284638BDED
:200A20002546FBE7C024002038B50A4D2C6824B1237F1BB12468002CFAD138BD04F11400C9
:200A4000FEF7AAFE0028F5D02046FFF777FF2C68EDE700BFC02400202DE9F04702FB0106BE
:200A6000B0429DF820A0DDF8249016D20446174698464FEADA0A05E002F018F8A8B13C445C
:200A8000B4420AD2257C204652464146002DF3D1C9F800403C44B442F4D3D9F80030002B03
:200AA00014BF01200220BDE8F087C9F80040BDE8F08700BF004870470825002080B32DE993
:200AC000F041DFF8648082B0CDE900184FF0000C0D4617461E46044603461C221148C8F8E1
:200AE00000C00321FFF7B8FF012803D0002002B0BDE8F081D8F800C08CF810002068E3688A
:200B00006168A26864460FC4D8F80000089B4361099B45748774C674836102B0BDE8F08130
:200B200000207047482C002030250020F8B50C4B0C4E1C460546336003F15407237C2046E3
:200B4000294623B1627CD20801F0B0FF28B11C34BC423460F2D10020F8BD0120F8BD00BF12
:200B6000482C002030250020A0B130B583B00A4C01948022034600250092084825601C2263
:200B80000321FFF769FF10B9206803B030BD002003B030BD00207047282500204C2B002047
:200BA000F0B4124B124F05461A463B60184603F15404002148F2FE0608E0437CAB420AD016
:200BC0001C30A0424FF001010CD00246037C002BF6D06B1CF1D10388B342F1D121B13A601B
:200BE000F0BC704738600020F0BC70474C2B00202825002000B370B582B0104D01958023D3
:200C000000930446034600260D482E6012220721FFF722FF012802D0002002B070BD2B68A5
:200C2000187420686668A168E268186028685E609960DA6002B070BD002070472C2500205F
:200C4000C42B0020002847D02DE9F04782B0234E01968023009388460346914604464FF012
:200C6000000A1F48C6F800A01C220321FFF7F4FE0128054603D0002002B0BDE8F087376887
:200C8000387420686168A268E3680FC7376887F81290B8F1000F16D1FD7412480122FF23BD
:200CA0007A740373637B4373E389C38140F2FF2100224FF0807380E80E00FFF79BFF306848
:200CC00002B0BDE8F08787F813A0C7F81880F3F765FC78613768E0E70020704728250020EF
:200CE0004C2B002018250020A0B130B583B00A4C0194802203460025009208482560122201
:200D00000721FFF7A9FE10B9206803B030BD002003B030BD002070472C250020C42B002006
:200D200038B50D4BFF221A73427B5A7304464FF0807140F2FF2000251860E289996018460C
:200D40005D60DA81FFF7D0FF044B186000B105740023237438BD00BF182500202C25002089
:200D600008B1FFF7DDBF704738B5124B124C1846236003F1540504E020681C30A842206079
:200D800010D2037C002BF7D0C37C002BF4D11430FEF702FD0028EFD020680028EDD0FFF74F
:200DA000BFFFE9E7FFF740FEBDE838400348F5F71FBD00BF4C2B0020282500209C2C002096
:200DC0002DE9F04F0B8848F2FE094B4505463BD00B78FF2B38D03A483A4E0023024630604A
:200DE00000F154089A4603E01C324245326022D0107C0028F8D0507C0128F5D1108848452E
:200E0000F2D001F1FF3C571E00201CF801BF17F8014FA34500F1080E3FD15FFA8EF080289D
:200E2000F3D1504528BF134602F11C0228BF824642453260DCD12BB31C460FCC2860696027
:200E4000AA60EB60BDE8F08F1D4B1E4E1946336003F15404002048F2FE0705E01C33A3428F
:200E60004FF001000DD019461A7C002AF6D05A7C012AF3D11A88BA42F0D10028DCD03160E7
:200E8000DAE7336000232B806B80AB80EB802B816B81AB81EB81BDE8F08F00F1080E8BEADF
:200EA00004045FFA8EFE670014F0800F00F1010CFCB2B6D15FFA8CF08645F4D1B1E700BF5C
:200EC0004C2B0020282500200B684A688360037AC26083F002030372704700BF51F8083F74
:200EE0004A6803600378426083F0020303707047F8B5094B094E5F687568B8470446B847DA
:200F000023029CB2736814FA80F06D08B0FBF3F403FB14002844F8BD5C3401003C2B0020B3
:200F2000F0B53C4A548813889088D1881589234303430B4354899089D1892B43234303439C
:200F40000B439BB283B023B9C2E90133FD21D3601160314E314CFFF739FCFFF7DDFC5422DA
:200F600000212F4801F0D8FD30464FF48472002101F0D2FD2B492C4B4FF4A0604EF660228F
:200F80004027306072601C20102286F806711A700870FFF7ADFF002539464FF47A77CDE9F3
:200FA0000055F76048F2FE072B46B0602A4686F80751C4E900752046FFF780FD1B4B18689E
:200FC000596804F1080303C3237A2946012283F002032046237240F2FF26FFF733FE4FF02B
:200FE0008073E360C4E9015520462660FFF702FE4FF00073C4E90065C4E902532046FFF7B4
:20100000F9FD0B484FF4F05103B0BDE8F040F5F7E5BB00BF082500203C2B002018250020FF
:20102000482C0020452C0020442C0020B42C00209C2C00202DE9F047DFF8548008F1080317
:201040000FCB84B06E4686E80F0098F8077000F021FD0E4B1C689CB1DFF838A0DFF83890C4
:2010600065683946304645B1BAF80030B9F800202C3B2C329BB24244A8472468002CEFD106
:2010800001F072F804B0BDE8F08700BF34250020BC2C0020AC2C002052280020F8B51C4F3B
:2010A0001C4A3B7E92F80621FA71FF2B22D007F1080696E80F00184D07F1180485E80F0051
:2010C00094E80F0086E80F0095E80F0084E80F00124C00F0DFFC23882833FA1881200021FE
:2010E000F852518000F0B0FC23880D4A1344C0435880F8BD07F1080494E80F0007F11805AC
:2011000085E80F0029462046FFF75AFEE0E700BFBC2C00203C2B00203C2500205228002000
:20112000E42C002008B5094B1B6863B11A7A8242FAD15A7A914201D0FF2AF5D15B6813B1C6
:201140009847002008BD012008BD00BF3825002001460148F6F750B9382500202DE9F84F49
:20116000494B1B783A2B05460E46174600F08480464C62892389A1891343E2890B43218AE6
:201180001343628A0B43A18A1343E28A0B4313439BB2002B42D0237AFF2B3FD03C4BDFF870
:2011A00004A11B6BDFF8F0B0DFF8F090984704F11808BAF800C098E80F000CF1300C1FFAEF
:2011C0008CFCBCF5A06F28BF4FF4A06C8BE80F000023ACF13002214604F13000AAF800C02F
:2011E000A9F8003001F07EFC04F108030FCBDFF8B8E09BF800C09EF806E184F807E088E8C7
:201200000F004FF0600E3A23BCF1FF0FC4F800E0A37107D1042D01D1022E03D0BDE8F84F80
:2012200000F0A2BF1B481C4900F12408FFF7C8FDB9F800B00BF128033846E5541C44A8F185
:201240000405667000F082FFBAF8001048F80B00283989B2A8F12C0000F0CAFFB9F8003036
:201260002B4400225A8000F0EFFBB9F800302B44C0435880BDE8F88F084A094B1288D35669
:20128000002BFFF675AFC9E77A280020BC2C0020F0330100C42C00203C2500205228002041
:2012A000E42C0020AC2C00203C2B00202DE9F8439EB21D4B1D4C93F80631E3710546331D5C
:2012C00060208846206099B220463A231746A37100F08EFF2DB328686968AA68EB68DFF8C7
:2012E000549004F118050FC504F10800A5F11001FFF766FDB9F8003028331A19002103F89C
:2013000004805770518000F09FFBB9F80030084A1D442C36C04368801680BDE8F843FFF7DA
:20132000A1B8BDE8F88300BF3C2B0020BC2C0020AC2C00205228002008B505480549F6F70F
:201340005BF8BDE8084002480349F6F755B800BF38250020B8020020AC0200202DE9F04F84
:201360009C4E9D4FB6F800C039880CF140028A4285B003D8994CE379FF2B04D000F0F4FE2C
:2013800005B0BDE8F08F0CF12C0020440379FF2BF4D004F1280363445B78002BEED1DFF822
:2013A00054A28F4DCAF800300CF1420E14238E452B8071DADFF8409204F1080B04F12C0842
:2013C00012E02B88B6F800C039880CEB030242440CF12C00527803EBC2039BB2C21802F1F7
:2013E000020E8E452B8056DA63442C33E01840780028C3D0E35C012BE3D102F109038B42D3
:20140000BCDA61892389A0890B43E1890343208A0B43618A0343A08A0B43E18A03430B43D9
:2014200022449BB2CAF80020002BA7D052F8020F516802AB03C35846FFF738FA0246C9F81F
:20144000000098B1FFF72CFA0146002896D0DAF800000822023001F029FB80B9D9F80030D5
:201460005A7C002AADD102225A74AAE705230190009302A902235846FFF7B6F9A1E702A9D9
:201480004846FFF7D1F90028FFF678AFD9F8003002225A7495E720440430FFF765FB514DBF
:2014A000286000283FF46AAF62892389A1891343E2890B43218A1343628A0B43A18A1343A4
:2014C000E28A0B4313439BB2002B3FF457AF464F3846FFF749FB00287FF450AF228B40F285
:2014E000FF239A420CD1A28B638BE18B1343228C0B4313439BB21BB9638CB3F5807F57D004
:20150000DFF8F8804046FFF72FFB2B6883427FF435AF97E80F0088E80F003388434418338D
:201520000FCB87E80F0000F01FFE60232B482360282100F05DFE328829682C4F02F1280058
:2015400002F12C034FF63A7E4FF0880CE025A4F806E024F800C0E55440322344D1F800C09B
:20156000D1F80480D1F808E0C96819612518A018C3F804C0C3F80880C3F80CE0022100231E
:20158000D7F800E07F68A1544170C0F802E0C0F80670C0F80A30C3816B8000F055FA33882C
:2015A000134A1344C2435A80502000F015FEE7E694F82430FF2BA3D197E80F0007F1100C38
:2015C0008CE80F0033883B4428330FCB87E80F00A9E700BF52280020AC2C0020BC2C0020B2
:2015E0004E2800204C250020C42C0020B42C0020E42C00205425002050250020D42C002036
:201600000148FFF7A5BD00BFC402002010B5084B84B09B690C4601466846984721466846F9
:20162000102201F043FAB0FA80F0400904B010BDF033010070B50B4B1C6844B106460D46AF
:2016400015B1A368B34205D02468002CF8D10024204670BD29462046FFF7D8FF0028F3D02A
:20166000204670BD5825002030B5114B87B005465B69019102A8984701992846FFF7DAFFC1
:2016800002A904462846FFF7D5FF5CB184420CD01023646934B1A04207D0013BF9D118466C
:2016A00007B030BD204607B030BD012007B030BDF033010070B515460646FFF7BBFF30B136
:2016C0000446406918B115B183689E4200D070BD2946FFF79BFF0028F9D063683C2B84BF5B
:2016E0003C23636070BD00BF2DE9F8439146064698460F46FFF79EFF494604463046FFF75D
:2017000099FF0546B9F1000F00D068B3E4B1C4E901863A46394652F8083F52682261E36069
:201720003046FFF7A1FF18B965612046BDE8F8833046394666696561FFF796FF0028F4D17E
:2017400066612046BDE8F8830D48F5F7C1FF0446A0B10023436101460A48F5F74DFE0A4AB5
:20176000136801331360D2E7024649464FF0FF333046FFF7B9FF05460028C7D10024D4E738
:20178000D002002058250020EC26002010B5044B044800241C60F5F789FF034B1C6010BD7D
:2017A000EC260020D0020020582500202DE9F047184F3D6895B1DFF86080DFF860900646FF
:2017C000BA462C462D68636853B15A1C04D0B3428CBF9B1B00236360002DF2D1BDE8F08701
:2017E0003B6813B905E01B681BB15A69A242FAD1F2E721465046F5F74BFE21464046F5F7F0
:2018000083FFD9F80030013BC9F80030002DD8D1E4E700BF58250020D0020020EC260020F7
:20182000F0B50B4E346883B084B10A4D0A4F0194214630462468F5F72BFE01993846F5F7DF
:2018400063FF2B68013B2B60002CF0D103B0F0BD58250020EC260020D002002038B511B10F
:20186000B2F59A6F03DD094C0023238038BD084D064C28600748228001F034F9042000F076
:2018800093F9FEF7EFFD0023238038BDCC310020C0310020EC2C00202DE9F04184B0BDF88A
:2018A00028E0E3B104461D4694460F460FC86E4686E80F0028686968AA68EB68B4F81280A4
:2018C00025460FC5624639462046A4F812E0FFF7C5FF96E80F0084E80F00A4F8128004B00A
:2018E000BDE8F081013AF0B48E18B1421DD2CF43F51925F001030D1D1D448A1C12F8024CA9
:2019000012F8013C03EB04239BB2184480B2834288BF013002F1020288BF80B2AA42EDD139
:20192000F31923F00103023319448E4201D0F0BC7047337800EB032080B2B0EB032F3CBF3B
:20194000013080B2F0BC704770B5134D82B00646284600F051FC114B1C88031B9BB2ADF803
:201960000630BDF8063016FA83F005F10801202280B2FFF7B7FFBDF8062004F1280129443E
:2019800092B2FFF7AFFF18B140BA80B202B070BD4FF6FF7002B070BDBC2C00205228002056
:2019A0002DE9F0414678C478F6000836231D9E4200F102021FDB0221DFF88880074602341E
:2019C0000D461378012B0AD0632B1FD0DBB103F0C003802B2FD0C02B21D0402B1CD02C4417
:2019E000A5B26B1CB342294627DA7A19547802346319B342E5DD124B04200221D21AFFF756
:201A0000ADFB022009E00135ADB2EAE7D8F83830384698470028E2D10120BDE8F081084BB3
:201A2000197EFF29F8D0D21A02210420FFF796FB0220BDE8F081024BF5E70020EDE700BF51
:201A4000BC2C0020F03301003A20FFF77DBF00BF08B500F079FCFFF763FAFFF76DFCFFF745
:201A6000CFFD0A4B0A4900224FF4806008801A821A86A3F85020A3F87020A3F89020A3F8CD
:201A8000B020A3F8D020A3F8F02008BDD03100205028002070B5164B1C8804B3154E3288C4
:201AA00004F1270393421DDA134D144B04F12801283A1B78AB71121B294405F1280001F0A4
:201AC00011F8604200B200F069FB044640B131882839284689B200F08BFB204670BD012429
:201AE000204670BD002400F03FFB204670BD00BF52280020AC2C0020BC2C00207A28002057
:201B00002DE9F041DFF89C80234CB8F8007084460137BFB2B7F5FA4F28BF4FF480571F4A2A
:201B20003D0A45EA0725ADB2964613461E8AAE4203F12003ECD09C42F8D1A8F8007000232A
:201B4000168A203236B10133082BF9D100263046BDE8F0810EEB43165C0135827182BCF1C3
:201B6000000F12D0DCF80000DCF80410DCF80820DCF80C3035460FC5094A0EEB040392F880
:201B800006211A753046BDE8F0814EF804C0C6E901CCC6F80CC0EFE7D0320020D0310020DA
:201BA0003C2B0020502800202DE9F04F042885B037D09E4D9E4C9F4F2F600528276017D05C
:201BC0009D4E3388272B07D917F83C3C03F0F003602BA7F13C0B75D0DFF87C82974F00F066
:201BE000C3FA00233B7088F8003005B0BDE8F08F934B1B681B8A002BEED092488E49DFF85A
:201C00005C92DFF8548200230C3F08222F60276003600B80A9F8003088F80020FEF70CFD1E
:201C200003E0DFF83892DFF83082B9F80030002BD4D0DFF820B2804A834C03F1080158460A
:201C4000303389B2138000F0D3FA7D4B21881B68B9F800201D7D8BF8075028310BEB01000D
:201C6000083252BA112600258BF80660C58082801A8A6025ABF800502BF801205A8A42808C
:201C80000FCB0BF1180585E80F0029460BF10800FFF796F8654B0BF13C0230461A60FFF70E
:201CA00053FE2388C043283380B25B4400286ED0D8800023ABF80230002388F8003005B0BB
:201CC000BDE8F08F584600F097FA3388834283D3584600F091FA283081B2B1F5A06F3180E1
:201CE0003FF67AAF594A00235846137000F0BEFA00283FF471AF9BF80830DFF84C81A7F175
:201D00001409A0EB0900FF2BA8F800003FF464AF31880DF10F020123584600F073FA18B152
:201D20009DF80F30002B78D04948FEF71DFF002800F09680414F318846484FF0000C012346
:201D40000DF10F0287F800C000F05CFA8246002845D09DF80F30062B43D0112B00F0028123
:201D60003A2B00F0E380002B00F0D4802B3BDAB2112A36D8112B34D8DFE803F0181533336C
:201D8000333333333333333333333333153C4FF6FF72DA808DE71846FFF7D6FD4FF6FF732C
:201DA000984200F0EA80DFF8B08018E73B785A0717D49AF8032043F004033B70002A40F0F6
:201DC00067813188AAEB0B03C91A504689B200230DF10F0200F016FA82460028B9D14FF020
:201DE000000AAAEB0B0201210420FFF7B7F9DFF8688061E73B78980740F194805906F0D48A
:201E000043F040033B705046FFF7CAFD0128CAD00228D6D1DFF840804EE7FFF7C1FD012811
:201E20003FF4DAAE02287FF47FAFF3E7C4310020B02C0020F82C0020AC2C00207928002034
:201E4000C0310020C8310020522800207A280020D42C0020BC2C0020BC310020CC310020AA
:201E6000B148FEF741FF00287FF464AF9BF81830FF2B3FF4B1AEBBF81830BBF8082048F2DF
:201E8000FE018B4200F0BF808A4200F0CD80BBF80A10BBF80C000A43BBF80E100243BBF89C
:201EA00010000A43BBF812100243BBF814000A43BBF8161002430A4392B2002A3FF48CAE51
:201EC000BBF81A20BBF81C10BBF81E0013430B43BBF82020BBF8221003431343BBF8242056
:201EE0000B4313439BB22BB9BBF82630B3F5807F3FF472AE3388B3F5A06F00F2C0809BF8D3
:201F00000730012B40F2B380013BDFF834828BF80730D1E63B78DA073FF563AF43F00103AE
:201F20003B704EE743F002033B706CE71846FFF70BFD4FF6FF7398427FF435AFB8F8003067
:201F400028330BEB03021BF803005178FFF7EAF8012800F0E5803388DFF8E481002B7FF461
:201F6000ABAE3CE60193FFF795FDB8F80020019B4A44D288002A7FF40EAFB8F800302833E1
:201F80009B44BBF802A0BAF1000F3FF40CAF674FDFF8B08107F58079C8F8007004E0203747
:201FA0004F45C8F800705AD03B8A002BF7D09A45F5D17B8A5E48394610221BB1BBF800C03C
:201FC0009C45ECD13B682BB97B681BB9BB680BB9FB681BB100F06AFD0028E0D13388554A85
:201FE000DFF86491DFF85881303B338000231360A9F800300222504B88F800202B60236073
:20200000FEF71AFB11E69A427FF4E6AD4648FEF78DFD024600287FF4DFAD02210120FFF727
:202020009DF8DFF81C8147E6BBF81A40BBF81C10BBF81E20BBF8200023430B431343BBF8FD
:202040002210BBF8242003430B4313439BB2002BDCD1BBF82630B3F5807FD7D1BCE500222D
:2020600004210120FFF77AF8DFF8D48024E6002211460320FFF772F8DFF8C4801CE64FF421
:20208000A06200210220FFF769F8DFF8B48013E62A4BDB6B984700283FF4A3AE3388B3F5F7
:2020A000A06FECD89BF80730012BE0D9013B1E488BF80730FEF758FD00287FF492AE1A48BB
:2020C000FEF712FE00287FF48CAE9BF81830FF2B3FF487AEBBF81830BBF81A2013439BB22E
:2020E000002B7FF497AEBBF81E10BBF81C30BBF82020BBF822000B431343BBF82410BBF817
:20210000262003430B439BB252EA03013FF469AE002B7FF47FAEB2F5807F7FF47BAE60E6BB
:2021200000F022F817E700BFD42C0020D0310020C42C0020C8310020EC2C0020F033010012
:20214000BC310020C0310020CC310020054A030C02EA00225BBAC0F307209BB2104343EA1C
:202160000040704700FFFF0030B4074B074C084D0FCB84E80F000749074A00230B80137065
:202180002B8030BC704700BF00270020F0260020AC2C0020522800207A2800200C490B8879
:2021A0001A18B2F5A06F11D810B40A4C2288C24208D480B2024418440880228001205DF836
:2021C000044B704700205DF8044B704700207047AC2C002052280020B0F5A06F98BF034ABD
:2021E00003469ABF1380012000207047AC2C002049BA8180704700BF0379407900EB0320FD
:2022000080B27047BBB1837913702823994219DB1278062A184417D0112A1BD03A2A1FD05A
:202220009A1C8A420ED84278D200083213449942B8BF00207047037813704378DB00083321
:202240009942E5DA00207047142213449942B8BF00207047082213449942B8BF00207047AD
:20226000042213449942B8BF00207047F8B5012307461546FFF7C6FFD0B10E46044609E07C
:20228000BCF1110F12D0BCF13A0F0FD0FFF7BAFF044668B195F800C0E11B711ABCF1060F12
:2022A00020464FF000032A4689B2E9D12046F8BD00242046F8BD00BFF0B585B00123019267
:2022C0000DF10F02019D0746FFF79CFF04460E4668B91BE0BCF1060F1AD0BCF1110F17D059
:2022E000BCF13A0F14D0FFF78DFF044670B19DF80FC0E11B711AAC4520464FF000030DF195
:202300000F0289B2E6D1204605B0F0BD9DF80FC0AC4518BF0024204605B0F0BD07289ABF52
:20232000024B33F810000020704700BFF0260020072803469DBF034A012022F813100020AA
:20234000704700BFF0260020054B00224FF6FF71C3E901221A60DA601A811980704700BF7D
:20236000002700202DE9F04F0E4687B0002972D0002A74D013888146002B44D00024DFF8C1
:20238000F4A0DFF8F4B0551CA046022709E0B8F1000F20DB53D008F10108102F17D002378E
:2023A000023515F8012C2B7803EB02239BB2002BEDD0B8F1000F0EDD4FF0FF38311B09EB68
:2023C00004005246FDF74CF90444A642E5D8204607B0BDE8F08F022F09D1311B09EB0400AB
:2023E0005246FDF73DF90444A642D8D8EFE7311B09EB04005A460593FDF732F90444A6429A
:20240000059BDBD8E3E75388002BB7D19388002BB4D1D388002BB1D11389002BAED154891B
:202420004FF6FF739C42A9D1D57B947B537B0093CDE90145137B0C4AFDF712F9C8E7311BF3
:2024400009EB0400094AFDF70BF90444A642BED94FF00108A1E7084607B0BDE8F08F044A2B
:20246000FDF7FEF80E20B3E76C350100803501005C350100883501008435010041B94FF00F
:20248000A04303214FF40022C3F84C17C3F80C25704700BF30B40A4B0A4D1D604FF0805232
:2024A0000949146952695C6102FB04F20024C3E90244491B59601A6130BC0448EFF7FEBA5E
:2024C0002027002000100000FC3501008C3501002DE9F047032908D8DFE801F009342A0217
:2024E0001B491C4A00230B701370BDE8F0871A4F1A4EDFF86CA08846814606E040223146CD
:202500005046F0F79FFF0028EFD14846F0F796FF3B680546002BF1D00028EFD0444600E083
:202520003B68305D0134E4B29847A542F8D8E5E740220A490A48F0F785FF064B01221A70CE
:20254000BDE8F087024B00221A70BDE8F08700BF7D2800207C28002038270020C427002078
:20256000B0350100083808B5062805D8DFE800F00E161F040404050008BD0F490F4A0023C9
:202580000B701370BDE80840EFF774BAF7F77AFD0028F1D1BDE80840EFF76ABA0649074A56
:2025A00000230B701370BDE80840EFF779BABDE80840EFF761BA00BF7D2800207C280020BE
:2025C00008B5F1F7BBFD0948EFF7AEF900B108BD0748EFF773FA0028F9D1EFF731FA00287D
:2025E000F5D1044A044B1070187008BDD4350100B03501007C2800207B280020124B1B7844
:202600000BB32DE9F041114D2B78D3B9104E3378BBB10123DFF840800E4F2B7032784146CF
:202620003846F0F7E7FE044600F07EF8002CF5D12B7823B100F078F82B78002BFAD100231B
:202640003370BDE8F08170477C2800207D2800207B280020B035010004280020114B1B789D
:20266000ABB1114B1A783F2A0DD810B419781A780E4C0132D2B21A701B786054402B0DD0B1
:202680005DF8044B70471B78402B05D0704703F0FF02054B1A707047FFF7B0BF5DF8044BC7
:2026A000FFF7ACBF7C2800207B280020042800204FF0A0434FF49A510022C3F80815C3F8E1
:2026C0000C25704700B5104B93E8070085B001AB83E807000D491846F8F766FC48B90C48D3
:2026E000F8F79CFC60B90B4B01221A7005B05DF804FBEFF755F80648F8F790FC0028F2D048
:20270000EFF74EF8EFE700BFE0350100B12601007E2800207F280020024B1B7803B970472A
:20272000F8F76EBC7F280020034B1B7803B97047024B1878F8F798BC7F2800207E280020B8
:2027400008B5074B044613B10021AFF30080054B1868836A03B19847204600F029F800BF93
:2027600000000000EC35010070B50D4D0D4C641BA4100026A64209D10B4D0C4C00F0EEF9BD
:20278000641BA4100026A64205D170BD55F8043B98470136EEE755F8043B98470136F2E703
:2027A00050030020500300205003002054030020FEE700BF53B94AB9002908BF00281CBFA3
:2027C0004FF0FF314FF0FF3000F06EB9ADF1080C6DE904CE00F006F8DDF804E0DDE9022399
:2027E00004B070472DE9F047089D04468C46002B40F083808A42174647D9B2FA82F242B1A6
:20280000C2F1200024FA00F09140974040EA010C94404FEA1748230CBCFBF8F61FFA87FE1A
:2028200008FB16C143EA014306FB0EF1994209D9FB1806F1FF3080F01981994240F21681A9
:20284000023E3B445B1AA4B2B3FBF8F008FB103344EA034400FB0EFEA64509D93C1900F183
:20286000FF3380F00581A64540F2028102383C4440EA0640A4EB0E0400261DB1D44000239A
:20288000C5E900433146BDE8F08702B9FFDEB2FA82F2002A50D1CB1B4FEA174E1FFA87F895
:2028A0000126B3FBFEFC210C0EFB1C3341EA034108FB0CF38B4207D979180CF1FF3002D215
:2028C0008B4200F2E9808446C91AA3B2B1FBFEF00EFB101143EA014408FB00F8A04507D9D8
:2028E0003C1900F1FF3302D2A04500F2D9801846A4EB080440EA0C40BFE78B4209D9002D6B
:2029000000F0B1800026C5E9000130463146BDE8F087B3FA83F6002E4AD18B4202D38242E3
:2029200000F2B880841A61EB030101208C46002DA8D0C5E9004CA5E7C2F1200320FA03F678
:20294000974001FA02F04FEA174ED9403043030CB1FBFEF61FFA87F80EFB161143EA0143A1
:2029600006FB08F1994204FA02F409D9FB1806F1FF3C80F08D80994240F28A80023E3B4414
:202980005B1A81B2B3FBFEF00EFB103341EA034100FB08F38B4207D9791800F1FF3C73D293
:2029A0008B4271D902383944CB1A40EA064678E7C6F1200C03FA06F422FA0CF31C4320FA21
:2029C0000CF701FA06F34FEA144E21FA0CF11F433B0CB1FBFEF91FFA84F80EFB191143EA0C
:2029E000014109FB08FA8A4502FA06F200FA06F308D9611809F1FF3048D28A4546D9A9F1B4
:202A000002092144A1EB0A01BFB2B1FBFEF00EFB101147EA014700FB08F8B84507D9E71929
:202A200000F1FF312ED2B8452CD90238274440EA0940A7EB0807A0FB02894F45C646494665
:202A40001AD317D05DB1B3EB0E0267EB010707FA0CFCF2404CEA0202F740C5E900270026E5
:202A60003146BDE8F0872E4628460BE70646E9E61846FDE64345E5D2B8EB020E69EB040148
:202A80000138DFE70846D2E760468DE78146B9E7664675E730464AE7ACF1020C394413E7DE
:202AA00002383C4424E700BF704700BF30B501390024A24201D1002005E0035D01340D5D1F
:202AC000AB42F6D0581B30BD0A44914200F1FF3300D1704710B511F8014B03F8014F9142DF
:202AE000F9D110BD884210B501EB020402D98442234607D8431EA14208D011F8012B03F889
:202B0000012FF8E7024401468A4200D110BD13F8014D02F8014DF7E702440346934200D1FB
:202B2000704703F8011BF9E7034613F8012B002AFBD1181A0138704710B56AB10139841899
:202B400010F8013B11F8012F934203D1A04201D0002BF5D1981A10BD1046FCE7F8B500BF87
:202B6000F8BC08BC9E467047F8B500BFF8BC08BC9E4670474163747561746F72204E6F643F
:202B800065000000494E464F000000005B252D34733A20252D3130735D2000005B41435420
:202BA0005541544F525D205761746368646F672074696D65722072657365740061637475AB
:202BC00061746F72206E6F6465207374617274696E670000616C61726D0000005B414354AD
:202BE0005541544F525D20646F75626C65207072657373206576656E74206465746563742A
:202C000065642C207368757474696E67206F6666206D616E75616C2070756D70000000004E
:202C20005B4143545541544F525D2070756D70206D616E75616C6C79207368757420646F3D
:202C4000776E00005B4143545541544F525D646F75626C65207072657373206576656E746A
:202C60002064657465637465642C207368757474696E67206F6666206D616E75616C2070A7
:202C8000756D70005B4143545541544F525D20616C61726D206D616E75616C6C792064652E
:202CA0006163746976617465640000005741524E000000005B4143545541544F525D205795
:202CC00041544348444F472054494D454F55543A204E6F207369676E616C2066726F6D200A
:202CE000636C69656E742120416C61726D2061637469766174656421000000005B414354FE
:202D00005541544F525D20616C61726D2061637469766174656400005B4143545541544F5D
:202D2000525D20616C61726D206465616374697661746564000000004F4E00004F464600A1
:202D40007B22616C61726D223A20222573227D007B2270756D70223A20222573227D0000C0
:202D60005B4143545541544F525D2070756D70206163746976617465640000005B4143544E
:202D80005541544F525D2070756D70206465616374697661746564007469746C653D2250FA
:202DA000756D70223B72743D22436F6E74726F6C220000007469746C653D22416C61726DAE
:202DC000223B72743D22436F6E74726F6C2200006C656420626C696E6B00000008000020C1
:202DE0003C0000200000000001000001010101003D18000008000000090000000A00000002
:202E00008500000080000000810000000D0000000E0000000300000003000000B13000002A
:202E200031240000000000000000000000000000A4090020502E010001000203008000006B
:202E40000F000000090200000001048032000000DD3600000000000000000000000000008E
:202E600000000000120100020000004015190F520001010203010000DD3400000000000055
:202E8000E1340000B009002075400000493C00000000000000000000000000002530346819
:202EA000582530386C58000000000403090400004E6F726469632053656D69636F6E64752F
:202EC00063746F72000000006E524635322055534220434443206F6E20436F6E74696B69EB
:202EE0002D4E470044656661756C7420636F6E66696775726174696F6E0000005573657214
:202F000020310000A82E0100B02E0100C82E010080280020E42E0100FC2E010000010203A7
:202F200004050000427574746F6E2031000000000600010800010901010C000142757474F4
:202F40006F6E2048414C2070726F636573730000FF0006000000000000B000400B0003007D
:202F6000426C6F636B4F75744F6653636F7065004E6F426C6F636B31537570706F727400A9
:202F80004E6F46726565547261427566666572002E77656C6C2D6B6E6F776E2F636F72655D
:202FA00000000000546F6F4D616E794F6273657276657273000000002573000063743D34AF
:202FC00030000000636F61702074696D65722070726F6365737300006D4F0000214F000092
:202FE000154F0000436F415020456E67696E650053657269616C697A656420686561646591
:2030000072206578636565647320434F41505F4D41585F4845414445525F53495A45000013
:20302000436F41502076657273696F6E206D75737420626520310000546F6B656E204C6534
:203040006E677468206D757374206E6F74206265206D6F7265207468616E20380000000088
:2030600054686973206973206120636F6E73747261696E6564207365727665722028436FD0
:203080006E74696B692D4E4729000000556E737570706F7274656420637269746963616C12
:2030A000206F7074696F6E004D61696E000000005374617274696E6720436F6E74696B6995
:2030C0002D4E472D72656C656173652F76352E312D38312D676164306430373338312D64D0
:2030E00069727479000000002D20526F7574696E673A2025730A00002D204E65743A2025E4
:20310000730A00002D204D41433A2025730A00002D203830322E31352E342050414E4944AF
:203120003A203078253034780A0000002D203830322E31352E342044656661756C7420633D
:2031400068616E6E656C3A2025750A004E6F64652049443A2025750A000000004C696E6B3C
:203160002D6C6179657220616464726573733A200000000054656E746174697665206C69FC
:203180006E6B2D6C6F63616C204950763620616464726573733A200043534D410000000035
:2031A000983101005D640000A9630000AD630000516300005D630000696300004374696D9B
:2031C00065722070726F6365737300004576656E742074696D657200656E00005D6E000018
:2031E000A16C00000000000000000000284E554C4C204C4C206164647229000025303278C4
:20320000000000006E52463532383430204945454500000045525200546F6F206C6F6E6782
:203220003A2025752062797465732C206D61782025750A0054583A20746F6F206C6F6E67D5
:2032400020282575206279746573290A000000006E52463532383430204945454520524619
:203260002064726976657200B18300008D800000BD8200009D830000357F00006981000064
:203280001D7E00003D84000041810000357C0000597C0000C5810000857E0000857D00003F
:2032A0000000000002030405060708090B00000008010C011001140118011C01200124011F
:2032C0002C0100000C0D0E0F10111213140000003001340138013C014001440148014C0139
:2032E00050010000DD90000011910000BD980000CD990000119A0000559A0000999A0000E6
:2033000045990000899900000199000091930000419800006DA40000D59B0000DD9A00001E
:20332000599B00004D9C0000C99C0000459D00005D970000D997000015910000D5910000F9
:20334000C9A50000C19600004A6F696E000000004C6F63616C20726570616972000000008A
:20336000506F69736F6E20726F757465730000005369676E69666963616E742072616E6BD8
:203380002075706461746500476F7420706172656E7400004865617264206F6C6420766578
:2033A0007273696F6E2066726F6D20726F6F74004D756C7469636173742044495300000074
:2033C000526561636861626C65000000496E697420726F6F7400000044414F206D617820A4
:2033E0007274780052504C204C69746500000000E4330100E1DA000015B800002DB800004E
:20340000ADB800007DBB000051DB000001BC000075DA00008DDA00007DBC000091BC0000EA
:2034200089C3000045C40000F9C2000001C1000091C0000021DB0000A9DA000081DB00008E
:20344000ADDA000053656E736F72730053657269616C20647269766572000000B5DF000058
:203460004DDF0000736963736C6F7770616E0000002B2C3CFE80000064340100F1DF000063
:20348000B9EC0000FDE40000000140FF008882800F2822200F252321537461636B000000F5
:2034A000436865636B206661696C65643A2025752076732E2025750A00000000537461632F
:2034C0006B20636865636B003031323334353637383961626364656600000000303132333B
:2034E0003435363738394142434445460000000030580000307800002D0000002B00000068
:2035000020000000286E756C6C29000025000000202020202020202020202020202020205A
:20352000303030303030303030303030303030305443502F495020737461636B00000000A6
:2035400054656D706572617475726500403501007D0601006506010079060100284E554CE0
:203560004C20495020616464722900003A3A464646463A25752E25752E25752E25750000AA
:203580003A3A00003A0000002578000010270020882E0100010200000F00000000000000C0
:2035A00010010000DC020020202700207D2401003C2700201C2E0100020001060102048293
:2035C000810100000000010181000000D12401004E030020000000006525010000000000F4
:2035E00001000000D007000006000000EC02002000000000E4DCFE7F0100000000000000A1
:20360000742B0100FD13000000000000000000000000000000000000B42D010059160000A9
:2036200000000000A9150000000000000000000000000000D02D0100551300000000000066
:20364000000000000000000000000000982D0100A916000000000000F916000000000000D6
:2036600000000000000000002D180000000000000000000000000000000000000000000005
:2036800000000000000000000000000000000000000000000000000000000000000000002A
:2036A000000000000000000000000000242F01000100000001010600000000007800002015
:2036C00000000000000000003C2F0100394200000000000060000300940B00205803002066
:2036E000000000000000000000000000BC2F0100554D00000000000000000000000000003C
:203700000000000000000000C42F0100011200000000000008010400B40B00208004002012
:2037200000000000E42F010061520000000000004C3201000C000800300C0020D00B0020D8
:2037400038000200AC0C00203C0C00200C000800100D0020B00C002000000000BC310100D4
:20376000996400000000000000000000CC310100A966000000000000000000000C00000033
:2037800000000000280D0020030000000C001000DC0F00201C0F00200000000050320100DC
:2037A0001D8000000000000000001A01021402144C3501000000000099B300000000000057
:2037C000040008005015002030150020AA000800A81A00205815002000000000F9C6000013
:2037E0009B0300000000000039C700009B0200000000000069C800009B01000000000000C1
:20380000FDCA00009B00000075CF000085CF000041D0000059D0000099CF000011D000002B
:2038200085D0000079CF0000010000003C020020000000000800000000000000C01A00208A
:20384000000000004434010091DD000000000000000000004C34010085DE0000000000009D
:2038600000000000BC34010015F70000000000000090D0030000000030350100710501000B
:2038800000000000000000001200000000000000A02300202000020004250020C4240020C0
:2038A000000000003510010081FF0000000000009D10010080FF0000000000005D130100A4
:2038C00087FF000018001000DC2600205C250020436F6E74696B692D4E47204446550000E5
:2038E0000000000000000000000000000000000000000000000000000000000000000000C8
:203900000000000000000000000000000000000000000000000000000000000000000000A7
:20392000000000000000000000000000000000000000000000000000000000000000000087
:0C394000CDAB1000BD1200009912000079
:0400000500006E6D1C
:00000001FF
