:020000040000FA
:2010000000000420B96C0000E16C0000E36C0000E56C0000E76C0000E96C000000000000F2
:20102000000000000000000000000000EB6C0000ED6C000000000000EF6C0000F16C000048
:20104000B18C0000B1820000C9050100F36C0000F36C0000F36C00004D890000F36C0000FF
:20106000A1DB0000F36C0000F36C0000C18D0000F36C0000C18C0000F36C0000F36C00007E
:20108000CDAD0000F36C0000F36C0000F36C0000F36C0000F36C0000F36C0000F36C00003D
:2010A000F36C0000F36C0000F36C0000F36C0000F36C0000F36C00000000000000000000F6
:2010C000F36C0000F36C0000F36C0000F36C0000F36C0000F36C0000F36C0000B1A5000021
:2010E000F36C0000F36C0000F36C00000000000000000000F36C000000000000F36C000015
:201100000000000000000000000000000000000000000000000000000000000000000000CF
:201120000000000000000000000000000000000000000000000000000000000000000000AF
:2011400000000000000000000000000000000000000000000000000000000000000000008F
:2011600000000000000000000000000000000000000000000000000000000000000000006F
:2011800000000000000000000000000000000000000000000000000000000000000000004F
:2011A00000000000000000000000000000000000000000000000000000000000000000002F
:2011C00000000000000000000000000000000000000000000000000000000000000000000F
:2011E0000000000000000000000000000000000000000000000000000000000000000000EF
:20120000D0B5038804463BB15C2B0DD188290FD082290DD00120D0BD80211D4805F004FA64
:201220005C2323800120D0BD002303800320D0BD03F066FEE8B903F047FE02460B4652EA83
:20124000030116D010A7D7E90067D90141EA5261D0018F4208BF86420FD3002908BFB0F566
:201260007A7F0DD34FF47A72002311F0C9F90146D3E708480AF01CF9D2E74FF4F051CCE730
:201280000121CAE7AFF30080E7337500000000006C0B00201001002010B5054C237833B965
:2012A000044B13B10448AFF300800123237010BDA0080020000000000433010008B5034B1E
:2012C0001BB103490348AFF3008008BD00000000A408002004330100A3F5803A704700BFF8
:2012E000174B002B08BF134B9D46FFF7F5FF00218B460F461348144A121A11F033FB0E4BBB
:20130000002B00D098470D4B002B00D098470020002104000D000D48002802D00C48AFF32A
:20132000008011F047F92000290004F05BFC11F02DF900BF0000080000000000000000006A
:201340000000042058030020A8320020000000000000000038B504460088722817D0782814
:2013600006D018B100232380032038BD05F05CFD0D4D2B781BB978232380012038BD0B482A
:20138000402105F051F972232380012038BD074BD86808B1012038BD034D2B78002BEAD026
:2013A00005F06EFDE5E700BF25280020BC08002010B5038804462BB1852B16D0002303803F
:2013C000032010BD0B4A0C490C4809F015FF0C4809F012FF042005F079FD0A490A4803F08D
:2013E00073FA0A490A4803F06FFA85232380012010BD00BFC0290100D0290100D8290100A1
:20140000E8290100002A010018000020082A01004C00002030B583B000240D4601A90194EA
:2014200004F0CAFBA04223DD019B1B78312B06D0302B1DD11B4B1A7802BB03B030BD194BAE
:201440001A78002AF9D1012204201A7005F078FD022005F03BFD144A1449154809F0CCFEA1
:2014600014480AF035F82846442104F043FBE4E72846802104F03EFB03B030BD02201C708F
:2014800005F05EFD042005F021FD074A0749084809F0B2FE08480AF01BF82846442104F007
:2014A00029FBCAE724280020C0290100D0290100D8290100102A01002C2A010070B50D48F9
:2014C0000D4B06780D488AB0002E08BF03460C46154620210A4A02A80DF0E8FF00210190E7
:2014E000204604F019FB019A2946204604F070FB0AB070BD242800204C2A0100502A01006A
:20150000542A010070B50D480D4B06780D488AB0002E08BF03460C46154620210A4A02A843
:201520000DF0C4FF00210190204604F0F5FA019A2946204604F04CFB0AB070BD25280020F1
:201540004C2A0100502A0100642A010030B583B000240D4601A9019404F02EFBA04220DD40
:20156000019B1B78312B06D0302B1AD1184B1A78EAB903B030BD164B1A78002AF9D1012282
:2015800014481A7009F094FF134A1449144809F033FE144809F09CFF2846442104F0AAFA3E
:2015A000E7E72846802104F0A5FA03B030BD20461C7005F039FC084A0849094809F01CFEF8
:2015C000094809F085FF2846442104F093FAD0E7252800203C000020C0290100D029010085
:2015E000D8290100742A0100902A010000B585B00346002101AA44F20100CDE901110393FB
:2016000000F004F805B05DF804FB00BF72B6094B1B68DB0700D500BEBFF34F8F0649074B71
:20162000CA6802F4E0621343CB60BFF34F8F00BFFDE700BFF0ED00E000ED00E00400FA0540
:201640000378052B02D0094B1B681847084BD3F88424D3F8803413F0FF0FF4D1054BD2B2E8
:20166000052A08BF1846014B1B681847CC08002000700240142B0100014B02481B6818478A
:20168000CC080020182B0100012803D0022809D020B17047054B06481B681847034B054870
:2016A0001B681847014B04481B681847CC0800200C2B0100082B0100102B01002DE9F04FDD
:2016C00087B0002504460F4690469946029500E001356268012356682146002202A8B047D7
:2016E0000028F5D18DF80600049065B3824683460AE09DF806306668023B7668B0479DF80A
:2017000006309B445D451ED962680123566821460DF1060204A8B04762680123566821464C
:201720000DF1070204A8B0479DF80730BB424FF00002214604A8DCD1D04508D00AF1010A42
:201740005FFA8AFAD5E7052007B0BDE8F08F109A9DF80630136089F8003089F8017061689C
:20176000023B4D6809F102022146A847002007B0BDE8F08FF0B5054683B03B4808F044FA4C
:20178000044610B1204603B0F0BD384A3849394B14700C604822214637481C6011F0E2F85A
:2017A00036482146482211F0DDF8002D54D095E80700334B83E80700002847D0002006F0EA
:2017C00071FE08B1852844D12E4D2B7A002B49D0013BDBB205F10C024FF0030E6E68274F52
:2017E000DFF894C01EFB032E05F109046378EBB1A278611C1144013B51FA83F1224408E0C5
:2018000003F00F0307EBC30391421D60306858600CD012F8013B1806F2D503F00F030CEB68
:20182000C30391421D6030685860F2D103347445DCD10B238DF804301248336801A998477D
:20184000044600289ED008F021FA9BE70E4A1A60B4E7FFF7CBFEB7E7094B0B4A5D601D7254
:201860001A60ABE76E68E4E74116000027280020680900206C090020D80800202009002086
:20188000CC080020442B0100511C000010B508F017FB68B108F01CFB044648B9064806F0F1
:2018A00015FE034628B1FFF7A1FE2346184610BD0823184610BD00BF042B010008F0F0B9E4
:2018C00009F0EEB84FF0804303E0D3F83824D10707D5D3F838249207F7D5024B02481B6803
:2018E00018477047CC0800201C2B010000B5054B83B082221B688DF8042001A8984703B053
:201900005DF804FBCC0800202DE9F043057A83B0002D5ED005F1FF3E5FFA8EF300F10C021D
:201920004FF0030E00F10901334FDFF8D4C01EFB032E0C4666780022964204EB020319D01E
:2019400094F8028013F9089013F80830B9F1000F0BDB03F00F0307EBC3031B680132002B55
:20196000EAD0112003B0BDE8F08303F00F030CEBC303F2E70334A645DCD100261E4FDFF8DD
:2019800080C0324602EB42020A445378EBB1002423460CE003F00F0307EBC303186045684E
:2019A0002D685D6055780134E3B29D420CD99578134413F905E05B5DBEF1000FEADA03F0F8
:2019C0000F030CEBC303E9E7057A0136F2B29542D8D80A4A13681BB11A681368002BFBD1F8
:2019E000106043680B228DF804201B6801A9984703B0BDE8F08300BF200900206809002086
:201A0000D8080020024B1878003818BF0120704726280020030710B5044604D52046BDE897
:201A2000104008F0D5BE08F0EDFB204608F028FF2046BDE8104008F0CBBE00BF09F00EB90B
:201A4000014B1868704700BF68090020F0B40E4B1F688FB13E7A96B100231C463A4602E009
:201A6000DCB2A6420BD9557A854203F1010302F10302F5D101B10C703846F0BC70473B680E
:201A80001F68002FE6D1F7E768090020436811461B68184700F00F03082B0AD802064CBF5C
:201AA000054A064A02EBC303186810B143681B6818471020704700BFD80800202009002017
:201AC00038B5094B1C6864B1054602E023681C683CB1636829461B68204698470628F5D00E
:201AE00038BD062038BD00BF6809002038B50D46044608F059FA18B1054B1B78022B01D007
:201B0000082038BD29462046BDE8384008F05CBA2728002038B50D46044608F045FA18B1AF
:201B2000054B1B78022B01D0082038BD29462046BDE8384008F0DABA27280020F8B5436862
:201B40009B6805460C4616461BB19847062800D0F8BDEEB92B7AA3421CD9093504EB440490
:201B60002C44677897B133463A469A420BD9A378A2190136D05CFFF74DFFF3B2BB4205D221
:201B800062789A42F3D800231B78FFDE0020F8BD0720F8BD7378FFDE70B54368DB6805465A
:201BA0000C4603B198472B7AA3421AD9093504EB44042C4466789EB100252B4632469342CE
:201BC0000BD2A37862190135D05C09F047F8EBB29E4205D962789342F3D300231B78FFDE95
:201BE00070BD00235B78FFDE43681B6903B118471846704770B50A4B1D687DB12E7A4EB1BA
:201C000000242146013400222846FFF797FFE1B2B142F7D32B681D68002DEFD170BD00BFA7
:201C20006809002070B5094B1D6875B12E7A46B10024214601342846FFF7AEFFE1B2B142F9
:201C4000F8D32B681D68002DF0D170BD6809002070B503780446852B00F2BF80DFE813F060
:201C60000002B201BE003A026602E300EA00BD00040117012A01BD00BD00BD00BD003D0149
:201C8000BD00BD00BD00BD00BD00BD00BD00BD00BD00BD00BD00BD00BD00BD00BD00BD0074
:201CA000BD00BD00BD00BD00BD00BD00BD00BD00BD00BD00BD00BD00BD00BD00BD00BD0054
:201CC000BD00BD00BD00BD00BD00BD00BD00BD00BD00BD00BD00BD00BD00BD00BD00BD0034
:201CE000BD00BD00BD00BD00BD00BD00BD00BD00BD00BD00BD00BD00BD00BD00BD00BD0014
:201D0000BD00BD00BD00BD00BD00BD00BD00BD00BD00BD00BD00BD00BD00BD00BD00BD00F3
:201D2000BD00BD00BD00BD00BD00BD00BD00BD00BD00BD00BD00BD00BD00BD00BD00BD00D3
:201D4000BD00BD00BD00BD00BD00BD00BD00BD00BD00BD00BD00BD00BD00BD00BD00BD00B3
:201D60005101860060011C02E301E3008C4B8D49D3E9000290478C4B1C684CB1894D63680A
:201D800020461B682946984723681C68002CF6D1864C63680BB10D209847FFF743FF01F07C
:201DA00075FB834B1B68002B00F0FD810120814D08F054F82A78931EDBB2062B00F21582FC
:201DC0007D49CB5C13B106F053FB2A78022A40F00C8208F0BFF801232B7070BD754D2A7883
:201DE000931EDBB2062B00F2CD817349CB5C13B106F03EFB2A78022A40F0C48108F0AAF881
:201E00006A4B5B6803222A700BB102209847664B1D6845B16B6828461B68214698472B6805
:201E20001D68002DF6D15E4B2146D3E90002BDE87040104790F902308278002BB4BF5F4BB2
:201E4000574B02F00F0203EBC203D3E90002214690470028C1D0A0780207BED00307BCD42C
:201E6000BDE8704008F0A0B9504B5B680BB1082098474D4B1D68002DAFD06B6828461B680E
:201E8000214698472B681D68002DF6D1A5E7474B5B680BB109209847434B1D68002D9CD09F
:201EA0006B6828461B68214698472B681D68002DF6D192E73D4B5B680BB10A2098473A4BFE
:201EC0001D68002D89D06B6828461B68214698472B681D68002DF6D17FE7344B5B680BB17D
:201EE0000F209847304B1D68002D3FF476AF6B6828461B68214698472B681D68002DF6D139
:201F00006BE72C4C2378062B00F04F8103F0FD03052B7FF462AF08F027F80223237070BDC8
:201F2000244DFFF77FFE08F0AFFD2A78931EDBB2062B31D82049CB5C13B106F099FA2A7880
:201F4000022A29D108F006F8174B1C6800232B704CB11B4E636820461B68314698472368C6
:201F60001C68002CF6D10E4B1549D3E9000290470E4B5B680BB10E2098472B78023BDBB24C
:201F8000062B3FF62AAF0C4AD35C002B3FF425AFBDE8704006F06CBA082AD5D1D2E700BF8A
:201FA00020090020202B010068090020CC0800206C09002027280020FC2A0100D8080020DC
:201FC000242B01009C4DFFF72DFE01F055FA2A78931EDBB2062B00F2D9809849CB5C002BD8
:201FE00000F0D480022A03D0082A01D007F0BCFF934B5B6802222A700BB101209847914BF2
:202000002146D3E9000290478F4B1D68002D3FF4E4AE6B6828461B68214698472B681D6851
:20202000002DF6D170BD844D2B78032B00F0C68007F058FF00283FF4D0AE2A78931EDBB2A0
:20204000062B40F2EB80814806F0E4F92A78022A01D0082A01D107F07DFF06232B7070BD0F
:20206000754B1B78032B00F0A580082B00F0A280734B5B680BB100209847754B1D68002DD7
:202080003FF4ABAE6B6828461B68214698472B685D68002DF6D170BD674D2B78032B7FF439
:2020A0009CAE08F02DFD00283FF497AE2A78931EDBB2062B00F2BB806049CB5C13B106F04C
:2020C000D7F92A78022A40F0B28007F043FF04232B7070BD584D2A78082A5CD0931EDBB2F5
:2020E000062B00F286805549CB5C002B00F08180022A00F0878005232B70514B5B680BB1D5
:20210000032098474F4B2146D3E9000290474E4B1D68002D3FF461AE6B6828461B6821466F
:2021200098472B681D68002DF6D170BD444B5B680BB103209847434B4649D3E900029047C5
:20214000414B1C684CB1434D636820461B682946984723681C68002CF6D1374D2B78062B86
:202160001ED0082B0BD09A1ED2B2062A4DD833498A5C002A49D0022B01D007F0F5FE022320
:202180002B7070BD082A7FF43BAE37E62F4806F041F92A7826E702232B7007F0EFFEACE73F
:2021A00007232B7070BD207A01E607F0DDFE0823237070BD2848FFF74BFD59E708F0A0FC6D
:2021C00000283FF435AF2A78931EDBB2062B2BD81A49CB5C13B106F04BF92A78022A23D162
:2021E00007F0B8FE04232B7022E7082A7FF4F3ADEFE5164806F00EF92B78022B02D0082B1E
:202200007FF479AF07F0A6FE75E7104806F002F92B78022BB3D0082BB1D0AEE70749CB5CD0
:20222000002B7FF414AF0EE7082ADBD1D8E7082A7FF44DAF49E700BF27280020FC2A010085
:20224000CC0800202009002068090020700000206C0900202C2B0100282B01004360CA6909
:202260009A4205D38A6902600B67CB610020704701F1280202608B6700207047F0B5046888
:202280000E7A002C00F07284A4F212347C2C00F2C1827C2C00F2BE82DFE814F074020003CD
:2022A000DE02CF02C7022A0307032303BC02BC02BC02BC02BC02BC026702D702BC02BC0215
:2022C000BC02BC02CC010F03E602BC02BC02BC02F401EE038C03BC02BC02BC02BC02FF0015
:2022E000CB034803BC02BC02BC02BC02BC02BC026402BC02BC02BC02BC0219019B039303A5
:20230000AC035703BC02BC02C3038403B40339035F03BC02BC024103DB015003ED00BC02FC
:20232000BC023203DB00F503BD00BC03BC02BC02BC02BC02BC02BC02BC02BC02BC02BC02EF
:20234000BC02BC02BC02BC02BC02BC02BC02BC02BC02C900D303BC02BC02BC026703BC02CE
:20236000BC02BC02BC02AC00BC02BC02BC02BC02AC00BC02BC02BC02BC02BC02BC027D00E2
:20238000C002BC02BC02BC02BC02B800BC02BC02BC02BC02B80001240025002A00F0CD8367
:2023A00007795755A3424FF00005057140F27C83171901343D70B04D0F7D2D682D78AF425B
:2023C00000F0B0838F7DAF4209D10025A342057140F24D85254601340AB107795755DFF821
:2023E000A0C2A64F9CF800503F780135EDB28CF800507BE1012500240AB107791755402491
:20240000AB42047140F289836C1CC6E701240025002AE2D1E3E701240025002A40F031849D
:202420008D7D0571A34240F262830134FFE001250024002A00F03D8307791755AB424FF0D0
:202440000504047140F27E83274602EB050C6C1CFDE201250024002A40F011840624AB42A9
:20246000047140F23F8301350C7D0471AB4240F291836C1CD4E701250024002A40F003841E
:202480000524AB42047140F228836C1C2425A342057140F27583651CE0E701240025002AC2
:2024A00000F0FA83077957554FF0000CA34280F804C040F29084651C0027AB4202F804C07E
:2024C000077140F2F383541901352770F3E001250024002A00F0EF8307791755AB424FF0E1
:2024E0002404047140F2C183274605F1010C002463455755047140F2A98325460CF101079E
:202500001024BB4202F80C50047140F29083254607F1010C01246345D555047140F2788371
:2025200025460CEB04070524BB4202F80C50047140F25D83254607F1010C24246345D555A1
:20254000047140F24A8325460CF101070124BB4202F80C50047140F23683254607EB040C52
:2025600003246345D555047140F228830CF1010702F80C40BB4291F816C080F804C040F2FB
:2025800018837C1C0425A34202F807C0057140F20B8302EB040C2F4601342425A3428CF8AA
:2025A0000070057140F2FB822F46651C1755AB424FF00204047140F29F82274602EB050CBF
:2025C0006C1C0225A3428CF80070057140F2DD822F46651C1755AB424FF00504047140F22E
:2025E0007C82274602EB050C6C1C2425A3428CF80070057140F2C4822F46651C1755AB428B
:202600004FF00604047140F26D82571901353C700F7D0771AB4240F2BD826C1C5755A3420E
:202620008D7D057140F26382171901343D70124D2D6851E001270024002A00F04082057926
:2026400015559F424FF00004047180F0F5827D1C39E101250024002A40F017830224AB428C
:20266000047140F249826C1C0225A342057140F28C82651C04E700BF70090020282800206A
:202680002A28002001240025002A00F09883077957559C424FF00205057180F05883671CB5
:2026A0001555BB424C7E047140F2E48202EB070C7D1C8CF800400024AB42047140F2218224
:2026C0006C1C0AB107795755C64D91F814C02D682F78BC4500F01A82DFF810E3DFF810C3DE
:2026E0006F788EF8007000258CF80050BD423FD3BD4F3D780135EDB23D70AE4240F2CA8143
:202700000925A342057140F25583651C002A00F0128307791755AB424FF00404047140F22F
:20272000B682274602EB050C6C1C8CF800700F7AAD4D2D78AF4240F2AC8305EB450501F1D4
:202740000907DFF8A0C217F805E080F804E03D449C42CCF8005080F07E82671C002A7FF4DD
:202760006EAFACE101240025ABE701250024CDE70725A342057140F29281651C002A7FF4EB
:202780005BAE96E1002A00F0EB8204791470012B4FF00B04047140F2238302250127D455F2
:2027A000AB420F7D077140F25B8205F1010C022463455755047140F2448225460CF10107BF
:2027C0000224BB4202F80C50047140F22B82254607F1010C02246345D555047140F2138288
:2027E0000CF1010702F80C40BB4291F819C080F804C040F2F7817C1C0025A34202F807C0E6
:20280000057140F2E581171901343D70764F00253D7072E7002303601846F0BD002A00F0FD
:20282000F282057917460124C4E5002A00F0F28205794FF0010C0027CCE7002A00F0EC82C1
:20284000057901274FF0000CBAE7002A00F0FF8207799446012468E7002A00F0D78207798A
:202860004FF0010C0025A2E75E4C002A00F0E68207792468944601258CF8007024780F7D0A
:20288000A74200F0B9818F7DA7427FF414AF0A249D42047180F0F5826C1C00E6002A00F009
:2028A000D28204790125002779E7002A00F0B08290F804C0012400279EE7002A00F0C182D4
:2028C000047901250027DFF81CC1D455DCF80040AB426778077140F2A08102EB050C013572
:2028E000CAE7002A00F0B1820579174601248CE7002A00F08482047901274FF0000C71E7FF
:20290000002A00F0A7820779944601246DE6002A00F08E82047901274FF0000C28E6002A50
:2029200000F0A18207799446012436E6002A00F000821446077927700125BCE6002A00F0FA
:202940008E820779944601243BE6002A00F07282057901274FF0000CE5E5002A00F0608202
:2029600090F804C0012400270CE61E4C0125276800241AB190F804C002F804C03C780F7D75
:20298000A74200F0E9808F7DA7427FF438AD0224AB42047140F270822C460135002A7FF4B7
:2029A0002CAD2CE5002A00F04782057901274FF0000CCBE5002A00F0BC81047994460125D5
:2029C00077E6002A00F01682057901274FF0000C96E5002A00F0458207794FF0010C0025AA
:2029E00085E500BF7009002029280020282800202A280020002A00F0308205794FF0010C2C
:202A0000002787E5002A00F00F8205794FF0010C0027A5E5002A00F0F4810579174601246E
:202A200004E6002A00F0218205794FF0010C002783E5002A00F0F68190F804C0012500246F
:202A40003AE5002A00F0EA810779944601248CF80070C14FC14D3F682D7897F801C0AC45B4
:202A600040F2148297F802C03D44A34215F80C5005716CD9651C7CE7002A00F0D7810579DF
:202A8000012700240CE6002A00F0B681047917460125BCE540F2993303600120F0BD40F2A5
:202AA0006D3303600120F0BD4FF4617303600120F0BD0524AB42047144D96C1CC9E79F423C
:202AC000027180F0B9807D1CA34C2468AB426778077140F2A2800135D0E640F25533036025
:202AE0000120F0BD40F2573303600120F0BD40F2593303600120F0BD40F2513303600120F2
:202B0000F0BD4FF44F7303600120F0BD0525A342057140F21781651CDBE440F283330360F8
:202B20000120F0BD0D6AA3422D7805713FF652AC40F2893303600120F0BDA3420271B3D91A
:202B4000013438E440F26E3303600120F0BD40F2723303600120F0BD0324AB4204713FF65A
:202B60001BAF40F2773303600120F0BD08240471002B7FF407AE40F2123303600120F0BDE2
:202B800040F2563303600120F0BD40F2523303600120F0BD4FF4567303600120F0BD4FF4E1
:202BA000547303600120F0BD40F24F3303600120F0BD4FF4537303600120F0BD40F24B334E
:202BC00003600120F0BD40F24A3303600120F0BD40F2193303600120F0BD40F24933036024
:202BE0000120F0BD4FF4467303600120F0BD4FF4527303600120F0BD02249D42047180F0B7
:202C0000F4806C1C40E540F2173303600120F0BD40F2453303600120F0BD4FF44A730360A8
:202C20000120F0BD40F2163303600120F0BD4FF4517303600120F0BD40F2273303600120D2
:202C4000F0BD40F2153303600120F0BD40F2433303600120F0BD40F2263303600120F0BD87
:202C60004FF4457303600120F0BD40F2423303600120F0BD40F22E3303600120F0BD07790C
:202C8000BCE40779CAE40779A4E407798EE440F2213303600120F0BDA342027140F29B8010
:202CA000013400259C420571C0F0938040F2353303600120F0BD2424AB420471D5D96C1CF8
:202CC00000259C420571C1D2013410259C420571ADD2013401259C42057199D22C440525F7
:202CE0009C42057183D2013424259C420571BFF474AF013401259C420571BFF464AF2C449E
:202D000003259C420571BFF459AF01348D7D05719C42BFF44EAF01340425A34205717FF60B
:202D200043AF01342425A34205717FF638AF651C94E40125BFE40424AB420471A7D90F7A17
:202D40006C1CF5E440F2413303600120F0BD40F22D3303600120F0BD700900202A2800206D
:202D60000B24012B04713BD902240D7D05719C42BFF476AF01340225A34205717FF661AF57
:202D8000013402259C420571BFF44CAF01340225A34205717FF637AF01344D7E05719C426F
:202DA000BFF420AF013400259C420571BFF410AF01342BE54FF4487303600120F0BD0225D6
:202DC0009C420571C3D201344D7E05719C42BFF451AF651C6FE44FF44D7303600120F0BDFB
:202DE00040F2133303600120F0BD4FF44B7303600120F0BD012468E70125FFF735BB012453
:202E0000CBE7012413E40124FFF7D5BA0124B2E70124C8E70124BAE70124B2E7012418E601
:202E2000012479E701243CE7012469E70124CBE701246BE7012452E701245BE7246801258B
:202E40001CE5012540E601248FE70124DEE4374601246DE40124FFF719BB01243AE7012456
:202E600002E401242CE701245CE701243CE740F28E3303600120F0BD4FF45F7303600120C7
:202E8000F0BD40F2333303600120F0BD00231B78FFDE024A002313601B78FFDE700900203E
:202EA00070B90B681A7B202A01D0062070471A4652F80E1F9961918892799A779983704710
:202EC000032070474360CA699A4210D38A6910B40260C8690C6FC01A1C441A44C8610038C5
:202EE0000C6718BF01205DF8044B8A61704701F12802026000208B67704700BF2DE9F047CE
:202F00000B7888B00D4606460E2B14D8DFE803F008180808130D281313181308080808008F
:202F20000024204608B0BDE8F0874B78DA0930D15B09012B4CD00624204608B0BDE8F0877C
:202F40000368002403F134022046C3E91E44C3E920445A671C845C62DC6208B0BDE8F08703
:202F6000027A8B78002A00F06581817A0930002900F05E81F17A415C9942D1D01B061ED40F
:202F8000EF7807F0FD03012BCAD0002F65D00324C7E713F0600FC3F3411200F09180012A2D
:202FA000C9D18B78212BC6D1B1F80720072AC2D10168681C183100F073FA0446B1E7EC7824
:202FC000002C00F09D80032C14BF03240024A8E78B780768202B00F09B80222BABD1B1F8A2
:202FE0000730002BA7D1B1F8035097F820303D8405F0010203F001039342154690D0C369B0
:203000001BB1C2F10301C9B29847002D88D1337A012B40F20B81737B06F10C04002B00F0A6
:203020000381B37BE05C07F095FD337A012B40F2FD80737B012B40F2F780B37B23442C46C7
:20304000587807F087FD07F13403C7E91E55C7E920557D62FD627B6763E73568012A05F186
:203060000C0140F2DF80727B012A06F10C0340F2D7800691B27B704905911344AC6A93F800
:203080000180002C60D1EA6FEB6AAC67C5E91F42002B00F0B480296B1846002205F1240302
:2030A00083E803004046EA6205A9FEF733FD0446F369002B3FF435AF30460021984730E788
:2030C00003F01F03012B7FF436AF8C78062C7FF432AF05A8039200F0D5FC03AA009207463E
:2030E000EA78297930463B46FEF7E8FA05283FF418AF039A3946681C00F0D2F9044610E73B
:20310000F369002B3FF40CAF30460121984708E7B1F80720072A7FF40EAF3B73B1F8073015
:20312000DBB27B7300200E37CDE90573079000F08BFF002005A9FEF7D9FC0446002867D02F
:20314000002000F089FFECE6D5F88490686A4C4528BF4C4605F1340A224651460FF0DAFB41
:20316000E86FEA6AEF67A9EB04030AEB04010444C5E91D13C5F88040002A43D005F12C07B0
:2031800097E8030005F12404002284E80300EA62002B3BD091461BE0696F686A0FF0BAFB4C
:2031A000D5E91D32A96AC5F880100B44521AC5E91D32F36913B1002130469847EB6A13B339
:2031C00097E8030084E80300AB6FC5F82C90EBB1AA6A9342E0D2696F686A1A460FF09AFB96
:2031E000D5E90932A96FE967521A0B44C5E9093253B1404605A9FEF78DFC044658E7002368
:203200006B6255E700236B62002451E76B6AEFE70A4B049603A9039300F020FC04468FE7B1
:203220003B78FFDE7B78FFDE2B78FFDE6B78FFDE0B78FFDE5378FFDEC52E0000A12E000024
:2032400010B503681C8CE40784B015D50B46017A012916D9417B00F10C0481B1817B605C01
:2032600091060CBF0124002401A9CDE901320394FEF73CFC04B010BD082004B010BD0B789F
:20328000FFDE00235B78FFDE0368D3F880007047F0B50468238CDB0783B022D505460020DA
:2032A00016460F4600F0D0FEA26F42B9636AE3B11124002000F0D0FE204603B0F0BD964281
:2032C00028BF1646616F324638460FF023FBD4E91D239B1B3244C4E91D23C4F880600024F2
:2032E000E7E70824204603B0F0BDC4E909762A7A012A12D9697B012905F10C020FD9AB7B08
:203300000849009113440C34587801946946FEF701FC041E08BF9224CBE75B78FFDE1B789A
:20332000FFDE00BF5D220000002070472DE9F04F4B6885B0CDE900020C46002B71D006F0F2
:203340002FFFE568019B9D4228BF1D468146002D7CD04FF0000A5646D3464FF00108D4E9EA
:203360000113AB421F4628BF2F46E9B13A4609EB06000FF0CFFAD4E90223D21BDB1BC4E93D
:203380000223C4F804B0ED1B3E442AB3002B08BF4FF00008002DE2D1009BC3F800905E6074
:2033A000404605B0BDE8F08FABB120463B4650F8101B4A68D2F804A009EB0602D047D4E908
:2033C0000223D21BDB1BC4E90223ED1B3E445AB14FF0010ADAE7E368BAF1000F04D15BB985
:2033E0009846002DBBD1D7E722681268126822604FF0010A002BF3D02168F1B1CDF808B098
:2034000003E0A36821680133A3604B6800225F6802A80123B8470028F3D12061002D9ED18C
:20342000BAE70B681B681B68002B88D18B68002B85D1036043609846B2E76160002EABD093
:20344000019BB34288BF4FF00008A5E72E464FF00108A1E7054B0528187004D0044A1378CB
:2034600023F0020313700348FEF7F2BB2B2800202C280020542B010008B50020FEF7CAFAC7
:20348000BDE808408020FEF7C5BA00BF08B50020FEF7D4FABDE808408020FEF7CFBA00BF02
:2034A00070B5C38893421E4628BF1646934284B00D4612D8002400200394CDE9015600F002
:2034C000C3FD01A98020FEF711FB044688B1002000F0C2FD204604B070BD8020144606F058
:2034E00053FDB4FBF0F202FB1044B4FA84F46409E1E706F02FFF80280BD1094A094B92E876
:20350000030083E80300002000F0A6FD204604B070BD002000F0A0FD1024204604B070BD18
:203520008C2B0100980900202DE9F04F0B780E2B89B018D8F3B1013B0D2B1BD8DFE803F013
:203540001F0E281A354C1A1A1A1A0E666F07B24B1B78012B02D00120FFF77CFF002420467F
:2035600009B0BDE8F08F852B04D1AB4B1B78032B00F040810624204609B0BDE8F08FA64B23
:203580001B78032BF6D00320FFF764FF0624E6E7A24804F0C3FE0028E0D0A14B01221A6031
:2035A000BFF36F8FBFF34F8FD8E705230DF115008DF8143006F036FE9DF81530994E0022FB
:2035C00003F01F043260032C00F2B980DFE814F0E800B90099008D00C87803280D46C9D000
:2035E000904E3368002B00F003810022716832609847044600287ED13368002B00F005814A
:20360000AB78002BAAD106F02FFEA8E7824B1B78002BA3D00020FFF71DFF00249FE74FF016
:203620008043D3F8383413F0010F7B4B1B7806D0022B93D00220FFF70DFF00248FE7012BD4
:2036400089D18BE7BDF81B30002B00F0D880092B28BF09239946FEF7F3F90546002800F0C1
:20366000DB81BB464FF0090ACDF80CB04FF0000801E008F101086A680123576829460022AA
:2036800003A8B8470028F4D12A682B7A15681C44C244E4B2002DE7D1634D644928464A46A3
:2036A0000FF038F92C71A5F802A0FEF7ABF918B1EB7943F02003EB71FEF7C2F95C4BBDF87A
:2036C0001B2018600020C3E90159DA6000F0BCFC58498020FEF71EFA0446002800F09F815F
:2036E000002000F0B9FC062C05D105A8FEF7E8F90446002C73D006F023FE204609B0BDE8E6
:20370000F08F9DF81900020707D005A9FEF7C2F906280446EDD19DF8153013F0600F0ED1DD
:203720009DF816303C4A9DF819401278012B00F0B980032B00F0A680002B00F0C68006248C
:20374000D9E79DF8190003A9FEF780F90546002859D09DF80C1005AAFEF798F906280446E7
:20376000C7D19DF8152012F0600FC4D12A4B9DF80C101B78D20940F014819DF816200B2A88
:20378000B9D1052B40F0B280BDF81730FF2B00F2FC809DF817202846FEF7D0F90446A8E7A8
:2037A00013F0600FC3F341179FD1DB0948D19DF81630032B00F09C80092B00F0A880012B8F
:2037C00093D1BDF81730012B8FD1FEF71BF9002800F0D980184A137823F002031370336860
:2037E0006BB106F0B7FD044600287FF4B7AE0AE70E2480E70420FFF72DFE0624AFE606F035
:2038000095FD0024ABE6102475E70C4B1B68082B33D006F08BFDA2E62B280020A00900207F
:203820005C70024098090020A4090020582B010080090020942B01002C280020300100104A
:203840009DF81620062A00F08780082A73D0002A7FF44BAF7B497C4B09781A80890744BF31
:2038600002221A7078490DF115000222FFF718FE0446062C7FF43DAF37E7744B1B68002B30
:20388000C7D16BE625073FF55AAFBDF81730002B7FF455AF052A01D0200727D1204606F0BD
:2038A00083FC9CE721073FF54AAFBDF81730002B7FF445AF052A01D0230717D1204606F0B5
:2038C000A1FC204606F0DCFF89E7052A01D027070CD1204606F074FC5B49034602220DF1BE
:2038E00015000B80FFF7DCFD044602E7082402E7BDF81730012B7FF4F8AEFEF783F8002838
:2039000041D0504A137843F00203137067E7504C2378043B012BE9D89DF81730BBB3012B8F
:2039200033D1FEF767F92378052B3FF458AF0520FFF790FD53E7464A1278052A47D0042AB9
:203940007FF4D3AE404B1F703F490DF115000122FFF7A6FD04468CE79DF81830022B3FF408
:2039600071AE032B36D0012B7FF4BFAEBDF81B30002B3FF444AF37490DF115001222FFF7DA
:203980008FFD044675E70F24B5E60724B3E6FEF749F92378042B3FF422AF0420FFF75AFDED
:2039A0001DE79DF816705FB30A2F7FF4A4AE052B9CD128460192FEF717F92349019A0346E5
:2039C0000B700DF11500FFF76BFD044691E61E4A1370B9E7BDF81B30002B3FF410AFBDF8DD
:2039E00019109DF8170000F01DFB014600283FF47CAE0A780DF11500FFF752FD044638E7DB
:203A0000052B7FF473AF10490DF1150002220F80FFF746FD04466CE64FF0090A3CE606F083
:203A200099FC802808D10C4B93E8030086E80300204600F011FBD2E6204600F00DFB10247E
:203A400059E600BF2C280020A4090020340100102B280020782B01008C2B010038B50546DB
:203A60000C4606F077FCA84207D194E80300044A82E803000023184638BD1023184638BD93
:203A80009809002008B1402303600148704700BFA4090020F0B40D7A0DB101F10905046805
:203AA000002C59D06FF4AB763444142C00F24A81142C00F24781DFE814F05400E700EE00CA
:203AC000F500FC000301090110011701450145011E0125012C0145013B00330127003901AA
:203AE00015003F0101250024002A40F0DB818A8AAB424FEA1222027140F2338140F26D13F8
:203B000003600120F0BC704701250024002A40F0CD814A8AAB424FEA1222027140F2268152
:203B20006C1C8A8A0271A34240F27B81651CDEE701250024002A40F0B7810A8AAB424FEA87
:203B40001222027140F217816C1C4A8A0271A34240F26C81651CDCE709240471002B00F020
:203B6000F680002A00F0A48104791470012B4FF00404047140F2F0800227012694559F42EB
:203B80002D78057180F089817E1C0024B342D555047140F27D812546771C0024BB42955505
:203BA000047140F2708125467E1CFF24B342D555047140F263812546771C0124BB42955591
:203BC000047140F2568125463E190124B342D555047140F249812546371900249F42955546
:203BE000047180F03C8125467E1C09249E42D555047180F02F812546771C21249F42955544
:203C0000047180F0228126467C1C09259C42D655057180F015811619013435700E7C06715B
:203C2000A34240F20881651C16550E8A9D424FEA1626067180F09F8057196C1C3E708E7C56
:203C400006719C4280F0F280651C16554E8A9D424FEA1626067180F0898057196C1C3E707F
:203C60000E7D0671A34240F2DC80651C1655898A9D424FEA1121017173D22A44117040F2AE
:203C80006D13036001203DE7002A00F0B38004790127002672E7002A00F0A58005790126A7
:203CA000002772E7002A00F0978005790127002673E7002A00F0898005790126002774E7E3
:203CC000002A5DD005790127002676E7002A00F09E8005790126002777E7002A00F09580D3
:203CE00005790127002678E7002A00F08C8005790126002779E7002A00F083800579012784
:203D000000267AE7002A00F08A800679012400277BE7002A00F081800579164601247CE74E
:203D2000002A78D006791746012487E7002A70D006791746012492E7002A3FF4DFAE01795A
:203D400011709CE7002303601846F0BC704740F2571303600120F8E74FF4AC730360012033
:203D6000F3E740F26B1303600120EEE740F2691303600120E9E740F2671303600120E4E763
:203D800001240122A342027173D914440122A342027169D9144400229C4202715FD20134F1
:203DA00009229C42027155D2013421229C4202714BD2013409229C42027141D201340A8AED
:203DC0000271A34237D9651CB7E60124FF229C42027153D20134D4E701240022A342027112
:203DE00051D90134F2E701240022A34202714FD90134F2E701242A780271A3424DD901343C
:203E0000F2E70124D1E70124CAE70124C3E70124BCE7012485E6012497E60124CFE701244D
:203E2000C8E74FF4B573036001208EE74FF4B4730360012089E74FF4B3730360012084E7B9
:203E40004FF4B273036001207FE740F26313036001207AE74FF4B1730360012075E740F20A
:203E60005F130360012070E74FF4AF73036001206BE740F25D130360012066E74FF4AE73E3
:203E80000360012061E740F25B13036001205CE74FF4AD730360012057E740F259130360C9
:203EA000012052E70679E1E60679BDE60679CCE60422012B02717FF64FAF02249BE700BF70
:203EC0000B780E2B0BD8DFE803F0080808080A0C080A0A0A0A080808080000207047062006
:203EE0007047F0B54B78DA0985B00C46064611D15B09012B02D0062005B0F0BD8C78002CF1
:203F0000F9D102681373036A002B3AD0214698472046F1E713F0600FC3F3411215D0012A36
:203F2000E9D18B78072B07D0082BE4D1F268481CB169FFF7B5FADFE7B1F80720182ADAD1D3
:203F4000C169601CFFF7ACFAD6E703F01F03012BD1D18D78062DCED103A80292FFF792FDE4
:203F600002AA00920746E278217930463B46FDF7A5FB0528BFD0029A3946601CFFF790FA64
:203F8000BAE71846B8E700BF70B54FF0805286B0D2F8A830D2F8A42000926FEA83436FEA1E
:203FA00093430B4A0B4E9BB202A80D210BF07EFA02AD002404E015F8013B06F8013B013476
:203FC00002A80EF0D7FC8442F5D306B070BD00BFB02B01005028002038B5114B53F82040CE
:203FE00023780BB9A01C38BD0020FFF74BFD217891B12246C4F101055319DCB2234620F8DA
:20400000141012F8011F0029F6D101335B00DBB243F44073038038BD40F20233FAE700BFDD
:20402000182C010040B1052808D8054A105C28B1044B53F820300BB1FFF7CEBF00207047A9
:20404000302C0100182C010072B6024A1368013313607047E4090020034A1368013B1360ED
:2040600003B962B6704700BFE409002010B50446006830B1002107F065F954F8040F002894
:20408000F8D110BD2DE9F043038883B0044643B1B3F5867F0CD1822910D0012003B0BDE8B7
:2040A000F0834FF486730120238003B0BDE8F08300230380032003B0BDE8F08302F0ACFE92
:2040C000BFF35F8F19491A4B0E6800220A601F781A70FFB2BFF35F8F164D02F0A1FE286881
:2040E0000028DED0DFF85090DFF8508003E055F8040F0028D5D090F84A3026FA03F3DA0783
:20410000F5D590F8493047FA03F3DB07EFD502F095F90028EBD02B68D9F800200092184620
:204120004246022102F028F9E1E700BFF80900202D280020C800002090290020DD410000C5
:2041400010B50C4A90F84B30126882B001330092044680F84B30084A03468021203002F014
:204160000BF9064B19782246002002B0BDE8104007F070B99029002041410000A1320020BC
:2041800010B4094A094C13681943116021780346012202FA03F30B43DBB2237004485DF865
:2041A000044B07F085B900BFF80900202D280020D000002010B5044690F84A1090F8490074
:2041C00002F0ECFD10B994F8480010BD01280ABF94F84800002080F0010010BD70B582B01F
:2041E000044602F02BF908B902B070BD04F12006304602F023F905462046FFF7DBFF012876
:204200000FD00028F0D1002DEED1304602F0FCF80D4B22462846197802B0BDE8704007F0D1
:2042200019B9002DE0D0094B094A1B68009300253046234684F84B507E2102F09DF8054B81
:2042400028462246E7E700BFA03200209029002041410000A2320020F8B507F069F8304B3A
:20426000304C187007F064F82F4B304F187007F05FF82F4922682F4B08700025FF21397234
:204280007B60FD60002A42D02B4E09E091F84A00F9683A72834054F8042F0B43FB60B2B318
:2042A00092F84A3092F84910526C03F01F0343EA41131F2BC6BF03F01F0331464FF0A04148
:2042C00003F5E07342F08C0241F82350236893F84A1093F8490002F01FFD226892F84A3047
:2042E00092F8490003F01F0343EA4010012104F087FA2168387A91F8492082424FF001038E
:20430000C4D0FF28C2D054F8042F002AC8D10B48002107F017F8BDE8F840044802F052BD6A
:20432000A2320020C8000020A0320020E8090020A13200208141000000030050D0000020A6
:2043400030B5174B83B000221A6004F019F800BB002004F031F8134B134A93E80300FF25ED
:204360000090ADF80410062400231048ADF8005069468DF802408DF8043004F0B7FC58B973
:2043800001210A4804F006FD084804F0F7FC03B030BDFDF72BF9DBE7FDF728F9F0E700BF56
:2043A000FC090020642C0100DD4300006C2C0100014B1868704700BFFC09002008B5064A1A
:2043C00013680133136002F043F900B908BDBDE8084002F023B900BFFC090020042800D074
:2043E0007047FFF7EBBF00BF014B1868C0097047FC09002010B5846882B01CB194F90830C1
:20440000002B01DB02B010BD236A002BFAD01A68002AF7D00749097831B11B6A23B1019084
:204420009847236A01981A68002302B0BDE8104000F036BD2E2800202DE9F047124C82B0F5
:204440002468DDF828A08CB106460F4691469846656843464A463946304625B1CDF800A08A
:20446000A847054638B92468002CF1D10025284602B0BDE8F087B379012BF8D13A4631461E
:20448000002000F01DFBF2E7000A00202DE9F04F2DED028BB34CB44E8BB005462046029571
:2044A000884601F03BF9C4F8A0500346307008BBA279013A032A62D9636823F07F4323F040
:2044C000FF03002B4FD06379032B00F02881208900F0E0FD074600284DD0D0E90F9700F096
:2044E000D5FDB9F1000F00F091809E493846C847337843B30027C22B2BD0DFF8889238469D
:2045000000F0C4FD3278C32A69D0BF2A84BFA022327002212389934800F078FFD9F8001098
:20452000039108460EF026FA039902468D4801F04FFB41468B4800F077FF414682B2029872
:2045400000F034FE337818460BB0BDEC028BBDE8F08F384600F09AFD337818460BB0BDECA9
:20456000028BBDE8F08FC3232089337000F092FD07460028B1D13378002BE4D0BBE7039023
:204580000299208900F0FEFC0746002842D0039B62790893CDE906338023ADF8163062BBB8
:2045A000238972484522022100F030FFA27A002A40F0B08007AB00936A480DF11603002216
:2045C00006A901F0C3FA70B9089B002B2ADADFF8B491674BC9F80030822333708FE70022E4
:2045E0003270032196E7BDF81620079B0893802A28BF8022ADF81620E7E700F0FFFE452220
:2046000003460121594800F001FFCFE73378002B99D06FE7DFF86C91564BC9F80030A32327
:2046200033706CE7BDF8163050494E4808AD07F18402009508EE903A08EE102AFFF7FCFEB2
:20464000034600284DD14748099309A901F06CFA494BD3F800908246B9F1000F67D0099B4C
:2046600003979B46029B4D4699460AE006DD2A7AD10603D51BF800202F2A08D02D68002D6A
:2046800052D06F6838460EF075F98245EED10246594638460EF076F90028EFD1A279039F3A
:2046A0004B460293511E0123012AA94603FA01F300F0C1809A0740F1A980D9F814A0BAF1DA
:2046C000000F00F0A38008AB2849009318EE102A18EE903A2348D04799F80830590600F156
:2046E000C0803378002B7FF406AFA37D1A0759D5DFF8789099F90630002B53DB99F8163036
:204700001B074FD4DFF87C901C4BC9F80030A1233370F4E61A49154801F0F2F94AE7218961
:20472000029800F0ADF9D2E6039FCDF808900F48842101F0DFF90D48842101F0DBF9337863
:20474000002B7FF4D8AE094807F1460100F06CFE80B2A7F84400B8B9C123DFF828903370AF
:20476000CDE600BF080A002030280020B40A0020742C0100942C0100040A0020842C0100FE
:20478000130A00203C0100203378002B7FF4B3AE384600F011FC337818460BB0BDEC028B60
:2047A000BDE8F08F637D089AD91115D1002ACAD0DFF80891013218BF01224846802301F000
:2047C000DDF9B9F8A420D9F8A810802A28BF8022484601F0FDF9B2E7079B9A4232D0013211
:2047E000069944D0BDF81630DFF8D0900122334801F0C4F9BDF81620B9F8A43093429ED9CC
:20480000D9F8A8102D4801F0E3F998E75D0705D5D9F818A0BAF1000F7FF455AF180705D55D
:20482000D9F81CA0BAF1000F7FF44DAF8521234801F060F97FE7D5F810A0BAF1000F7FF457
:2048400042AF37E7DFF87490B9F8A400824219D382231B4989F8063048460F2201F0B8F948
:204860006DE7164A1749484600F02AF939E7DFF84C90BDF81630B9F8A4209A4294BF0022EF
:204880000122B4E7BDF816300699821A9A4294BF00220122484601F071F90798B9F8A430A3
:2048A000BDF81620D9F8A8101B1A9A42014428BF1A46484601F08CF941E700BFB40A00201E
:2048C000742C0100080A002010B50446416001460C4802F0B7FC94F90830002B00DB10BD7D
:2048E000206A0028FBD0036A002BF8D00268002AF5D0054BC0E903340830BDE81040002302
:2049000000F0CEBA040A0020F543000038B50A4A137803B138BD094C094D236009490A4872
:204920002B6001241470FFF7CFFF00F039FCBDE8384000F057BD00BF2E280020000A0020DA
:20494000040A0020A42C0100EC000020014B1868704700BF040A002000B10068704700BF4D
:2049600000B583B001460190044802F0F3FD0199034803B05DF804EB02F0B0BCE00000200F
:20498000600B002070B50D4B1C68A4B10546002601E024686CB1294604F1180000F0EAFBEA
:2049A0000028F6D02046FFF7DBFF24680136002CF1D1304670BD2646304670BD600B0020E5
:2049C0002DE9F041164B1C682CB305460F4616464FF0000801E02468D4B1294604F118001B
:2049E00000F0C8FB0028F6D094F82C30B342F2D13246394604F12D000DF07EFF0028EAD100
:204A00002046FFF7ADFF246808F10108002CE4D14046BDE8F081A0464046BDE8F08100BF42
:204A2000600B00202DE9F041144B1C680CB306460F464FF00008251D314604F1180016B18D
:204A400000F098FB78B1BD42284607D00DF092FF3946024628460DF04FFF20B92046FFF723
:204A60007FFF08F101082468002CE4D14046BDE8F081A0464046BDE8F08100BF600B0020E1
:204A8000F8B50E4B1C68ACB105460E460027294604F1180000F06EFB10B1E38EB34204D099
:204AA0002468002CF3D13846F8BD2046FFF758FF0137F5E727463846F8BD00BF600B002096
:204AC0008B79012B00D070472DE9F04792F90630002B82B0154650DBCB7C5B060C464CD513
:204AE000D1F8A070002F48D04B6E4BB1012B44D18A7A38460B3102B0BDE8F047FFF760BF3F
:204B0000096E0191384694F80AA0D4F85C80FFF789FF204802F002FD064688B3B8F1120F08
:204B2000C146C4BF4FF01308C146B144424601994FF0000804300DF0EDFE394606F1180082
:204B400089F8048000F006FB524604F10B0186F82CA006F12D000DF0DDFE0F48A6F83680D5
:204B6000314602F06FFBB16B4B1CB363284600F0E5FFB36B23F07F43B36302B0BDE8F087B0
:204B80000649A32328461022AB7102B0BDE8F04701F01EB8E0000020600B0020B82C01007F
:204BA0002DE9F04F2DED028B83B008EE101ADDF8389001929846FFF7C9FE002800F0B6808D
:204BC0000025D9F800B006462C46A34508D8454512D2019B4FF03C025A55D9F800B00135BC
:204BE000631C5B4508D3454506D2019B4FF02F025A55D9F800B00135D6F804A050460DF0E2
:204C0000B9FE023427185F4558D801D145456DD3D6F80CB07C1CBBF1000F17D09BF8003071
:204C2000A3B1D9F800A0A24509D8454507D2019A3B235355D6F80CB0D9F800A00135584614
:204C40000DF098FE02373C18544512D8454504D9D9F80030621B9A4271D83046FFF77CFEC1
:204C60000646002847D0DCB9D9F800B0A345B7D8ADE70198384AAAEB070308F10101002BA8
:204C8000ACBF5B440BF10003491B28440AF00EFC0544454553D83046FFF75EFE0646B8B3BA
:204CA000D9F800B0A34507D8454505D2019A2C235355D9F800B00135013486E70198264A57
:204CC000ABEB040B08F10101BBF1000FACBF0AEB0B030AF10003491B28440AF0E7FB054418
:204CE000454508D2D9F800309F4291D3019A3E23535501358CE715BB5CB9BEB1D9F8003068
:204D00004344C9F8003003B0BDEC028BBDE8F08FADB9822118EE100A00F0ECFE18EE100AEB
:204D20000E490F2200F054FF002EE7D14FF0FF33C9F8003003B0BDEC028BBDE8F08F0199B9
:204D400018EE100A2A4600F043FF18EE100A282100F0E2FED1E700BFCC2C0100742C010047
:204D6000014806F0A5BB00BF100100202DE93048FFF71EFB0E4B1A68821A04D10D4BD3E9A7
:204D80000001BDE830880B4C18604FF47A71A2FB01BCD4E900254FEADB1040EA4C608018EA
:204DA0004FEADC1145EB0101C4E90001BDE83088680B0020780400200148002106F0C2BA85
:204DC00010010020074B0848084A1B6810B4002101240470116013B15DF8044B18475DF820
:204DE000044B7047EC2C01002F2800207C0B00202DE9F0471E4B1B7882B0054643B3DFF8E3
:204E000074A029465046DAF8007002F067FADAF8001019B3D5E90489002603E00C680E461A
:204E2000F4B12146D1E90423994508BF9045F5D22A461048314602F075FADAF80050AF4291
:204E400009D00D4B9B68019302B0BDE8F0471847FFF7B8FFD3E702B0BDE8F087002DEED07D
:204E60002A46044802F05EFADAF80050E7E700BF2F2800207C0B0020EC2C0100064B10B530
:204E80005B6804469847C4E9040121460348BDE8104002F023BA00BFEC2C01007C0B00207F
:204EA000084970B5496805461E4614468847241846EB0101C5E904412846BDE87040FFF7D8
:204EC00097BF00BFEC2C010038B50B4B1C687CB10A4B5B689847D4E90445A94208BFA0421F
:204EE00002D30020014638BD201A65EB010138BD4EF66020002138BD7C0B0020EC2C010066
:204F0000F8B5134F134E7C68A04735683DB102460B46D5E904018B4208BF824201D2002024
:204F2000F8BD2946304602F0D9F96B680BB128469847BB6898473368002BF0D0D3E9046788
:204F4000A047B94208BFB0422CBF01200020F8BDEC2C01007C0B002000B583B001460830AE
:204F60000191FFF78BFF0199044802F0B7F90199034803B05DF804EB02F0ECBA800B002078
:204F80002001002070B5064609480D4602F0C6FA044658B10023868080F8243029462630FC
:204FA00000F0D8F80348214602F04CF9204670BD20010020800B00202DE9F04190F8463084
:204FC00013F0300F0446C3F3011527D190F82430042B0FD9D0E90F672630FFF7D3FC2046DE
:204FE000FFF7BAFF002E3ED0294638463346BDE8F0411847B0F8442000F14601263000F0A1
:20500000D5F894F82430ABB1226A5200226204F108000023BDE8F041FFF742BFB0F844202C
:2050200000F14601263000F0C1F82046BDE8F041FFF792BF0D4B0E4A5B68E260246198479D
:205040000C4A80B2A2FB0032920A40F2DD5303FB120202F6B832226204F108000023BDE8BE
:20506000F041FFF71DBFBDE8F08100BF7031010079500000B76FA5AE806830B190F82430CF
:20508000013380F82430FFF797BF704708B1FFF763BF7047044B02E09A88824202D01B6819
:2050A000002BF9D118467047800B0020F8B50288044662B140F2DD139A4217D11D4B1B78C6
:2050C0008B4217D040F2DD1323800120F8BD114610460BF0CBF8184B186038B343F21633D2
:2050E000038240F2DD1323800120EFE7002303800320F8BD114B1B789B07E3D5104E114FEA
:20510000114DB7F800C0114F96E80F00203685E80F003CF806C00E4E3A883168A5F810C0E5
:2051200000232846AB74FFF7B1F9CBE720800220F8BD00BFA73200209C0B00208C3100209A
:20514000942C002022280020880B00207C2C0020943100208B684A6830B40C68CD68C5604E
:205160000460426083600B8A03828B7C837430BC704700BF38B5102205460C460DF0BCFB5C
:2051800058B92A8A238A9A4200D038BDA87CA37CC01AB0FA80F0400938BD002038BD00BFB3
:2051A0000148002106F0CEB82C01002070B582B0B8B11446028848F2FE039A420E46054662
:2051C00003D00A4B5B6A984758B1094A2B8A10680093314622462B460CF084FA204602B005
:2051E00070BD4FF0FF34204602B070BD043101009C0B00200C2830B440D9B0F5867F94BFA0
:205200006FF02F046FF01F040C2935D9B1F5867F94BF0D230E232343B0F5867F137016D956
:205220006FF4867543191B0A0D385370907002230320B1F5867F15D96FF486740C19D51837
:20524000240A0D391454A970D81C30BC70470C280FD90D38B1F5867F50704FF001034FF074
:205260000200E9D80C29F0D90D39115430BC0130704701200023DCE74BB2CCE703015CB225
:20528000C2E700BF2DE9F0411E0C13F07F474FEA06461C4615460B4614BF01210021CEB144
:2052A000013124F0FF080231C01A2A46FFF7A2FFCFB1230E2B54421C1EB3230CAB540230CE
:2052C000B8F1000F02D0230A2B5401302C540130BDE8F08134F0FF08E5D14CB9BDE8F041E4
:2052E000C01AFFF787BF6EB1230C2B540130EAE70131C01AFFF77EFF002FDAD1002CE7D08D
:20530000E4E71046B8F1000FDDD1002CE0D0DDE7F8B50E689DF818700C461D4616B9026040
:205320002360F8BD03689F550B6801330B600068114618442A460DF0FBFA23682B442360CA
:20534000F8BD00BFF8B5069D401A29461F46FFF751FF3946044610182A460DF0DBFA2819A1
:20536000F8BD00BF2DE9F04F83B092460C9A9DF834400194013200249846834699460092A6
:20538000274625468E4604E0009B01349C42274623D818F807C0019B08EB0706A6EB090654
:2053A0009C450AEB0502ABEB0E00314602D00C9BBB42E9D1FFF71EFF054449460AEB0500E0
:2053C00032460DF0A7FA0134009B08EB040901349C423544DE462746DBD9284603B0BDE850
:2053E000F08F00BF08B5034B5B689847024B188008BD00BF7031010014280020024B18886E
:20540000013080B21880704714280020F8B504460F4616461D46AC2200210DF0A3FA677112
:20542000A6712581F8BD00BFF0B501220023016002710B7002680F461378017943EA81137C
:2054400013700268437911781B0103F030030B4313700268837A117803F00F030B43137041
:20546000036882795A70038902681B0A937003680289DA70837983B00446002B00F0408149
:205480000368827A1D1D62B16FF00301C91A00F10B0313F8012B05F8012BA67A6A18964239
:2054A000F7D8E37C9807C3F340010CD594F86A3000932A4604F16B0300210120FFF742FF42
:2054C000E37C054401211A0709D5236C0093636C2A460320FFF736FFE37C05440321DE06A4
:2054E0000BD594F8243000932A4604F125030420FFF728FFE37C05440421980607D5002321
:205500002A460520FFF7BEFEE37C054405215A0607D5636E2A460620FFF7B4FEE37C054483
:205520000621DB0907D02A46B4F850300720FFF7A9FE07210544237DDE070BD5A36C2F22F3
:20554000CDE900320820E36C2A46FFF70BFF237D0544082118070BD5E36D2F22CDE90032E2
:205560000B20236E2A46FFF7FDFE237D05440B21DA0607D5A38B2A460C20FFF783FE237D5C
:2055800005440C215E0607D5236A2A460E20FFF779FE237D05440E21DB090CD0D4F8943055
:2055A0002622CDE900320F202A46D4F89830FFF7D9FE0F210544637D980708D5B4F86830A2
:2055C0002A461120FFF75EFE637D05441121DA060BD5636D2622CDE900321420A36D2A4609
:2055E000FFF7C0FE637D05441421DB091AD0636F94F878201B01002A40F08580B4F87A2014
:2056000000201209461C52088446B0B2FAD118B10CF00F0C43EA0C032A461720FFF732FEB3
:2056200017210544A37D1E071BD5D4F8803094F884201B01002A69D1B4F8862000201209FB
:20564000461C52088446B0B2FAD118B10CF00F0C43EA0C032A461B20FFF714FEA37D05445F
:205660001B21D80607D52A46D4F88C301C20FFF709FE1C210544E37D1A0709D5236B0093FD
:20568000636B2A462320FFF75DFEE37D05442321DB0908D0A36B00932A46E36B2720FFF7F3
:2056A00051FE27210544A37EDB0611D42368EB1A3E2B18DCB4F8A420E2B9D4F8A810284639
:2056C0000DF036F9B4F8A400ED1B284403B0F0BDD4F890302A463C20FFF7D4FD2368054487
:2056E000EB1A3E2BE6DD0B4B0B4A002020601A6003B0F0BDFF2305F8013BB4F8A420DCE7C6
:20570000042003B0F0BD43F0080377E743F0080392E700BF3C010020042D0100032A40F205
:20572000CE802DE9F04704460D4682B0002191460430A8220DF016F9256095F800804FEA32
:20574000981884F804802B78C3F3011363712A7802F00F02A2726B78A371A978EB78B8F17B
:20576000010F43EA0123238179D1082A00F2A980291D8F1805EB090A574573D804F10B00B6
:205780000DF0C8F800265745C4F81360C4F8176080F0A2803B7803F0F002F02A00F08481EF
:2057A00018090D2803F00F0360D00E286DD0791C0D2B63D00E2B72D0CF18BA4552D306441B
:2057C0003C2E4FD804EBD60C06F007029CF8130008FA02F20243701E8CF8132002463B2A94
:2057E00074D8DFE812F07B0073008600890094009700A400B30073007300BD00C700730038
:20580000D500E2007300EC0073007300FB007300730005017300730073002401450173006E
:20582000730073007300730073006700730073007300670073007300730073007300730050
:20584000730073007300730073007300730073007300730073007300730073005301A04BBF
:20586000A04A1A60802002B0BDE8F087B91C8A45F8D378780D2B00F10D009BD14F1CBA45EB
:20588000F0D30B7839460D3396E7F91C8A45E9D3B8787A7800F20D1000EB022088E78F1C8E
:2058A000BA45DFD34B780A7803F20D1303EB0223394681E78A4B8C4A1A60A520D3E780209F
:2058C0007047874B894A1A608020CCE7F30700F10281BA453FF65EAF0020C4E7082B28BF0B
:2058E00008231A4684F86A3004F16B000DF012F8EFE7C4E91031ECE7082B28BF08231A4664
:2059000084F8243004F125000DF004F8E1E784F89C80DEE74BB1013BC8180139002311F801
:20592000012F884242EA0323F9D16366D1E753B1013BC8180139002311F8012F884242EA24
:205940000323F9D19BB2A4F85030C2E72F200A46009004F1480104F14C00FFF7D9FCB8E72D
:205960002F200A46009004F15C0104F16000FFF7CFFCAEE753B1013BC8180139002311F875
:20598000012F884242EA0323F9D19BB2A383A0E74BB1013BC8180139002311F8012F88427F
:2059A00042EA0323F9D1236293E726200A46009004F1940104F19800FFF7AAFC89E753B17F
:2059C000013BC8180139002311F8012F884242EA0323F9D19BB2A4F868307AE726200A46B7
:2059E000009004F1540104F15800FFF791FC70E7002B6CD0013B0B440020013911F8012F21
:205A00008B4242EA0020F9D100F00703102120F00F02994089B202FA03F3C0F3C0020009D3
:205A200084F87820A4F87A10E367606751E7002B49D0013B0B440020013911F8012F8B42B4
:205A400042EA0020F9D100F00703102120F00F02994089B202FA03F3C0F3C002000984F8E4
:205A60008420A4F88610C4F88830C4F8800030E74BB1013BC8180139002311F8012F884211
:205A800042EA0323F9D1C4F88C3022E74BB1013BC8180139002311F8012F884242EA03239F
:205AA000F9D1C4F8903014E701377D1BA9EB0505ADB2802D88BF80250020C4F8A870A4F8AF
:205AC000A4507855CFE6184610211A46C7E7184610211A46A4E7024B054A1A608220C2E6D9
:205AE0003C010020342D0100742D01004C2D0100A02D0100FF299ABF817101200020704792
:205B000010B5082A28BF0822144682720B300CF001FF204610BD00BF037D818343F010033C
:205B200003750120704700BF037DC3F3C0021B0702D5036E0B60C26D10467047C37C416667
:205B400043F04003C3740120704700BF30B40446407DC0110FD009B1656F0D6012B194F81C
:205B60007810117013B1B4F87A201A80029B13B1029AE36F136030BC704700BF10B4A3F1FC
:205B80001004B4F5FE6F02D8B1F5801F03D300205DF8044B7047447D4167003A64F07F01F4
:205BA00018BF012280F87820A0F87A3041755DF8044B0120704700BF11B1D0F8A8300B60DB
:205BC000D0F8A83013B1B0F8A4007047184670470346802A28BF80221046A3F8A420C3F85D
:205BE000A81070472DE9F04105F0BEFAFEF7A8FB07F096FF05F0C8FB00216648664FDFF80B
:205C0000EC81664D664C674E05F09CFB00F0AAFB0CF07EFC09F066FC05F0AEFA05F066FC17
:205C2000614B1B68984705F0CBFC7B689847D8F804309847A979EB79226803EB0123022AA7
:205C4000338023DC594B29686A6819605A605848002105F077FB4FF0FF300AF0C7FE236878
:205C6000022B05467FDC05F0A5FAFEF74FFE5148FEF7FCF90CF076FC05F08CFB04460CF0C8
:205C800079FC002CF8D105F09BFAF5E74A4A4B494B4805F0B1FA4B4805F01AFC2368022B83
:205CA000D0DD454A4549464805F0A6FA464B4748196805F0A1FA2368022BC3DD3E4A3F495E
:205CC0003F4805F099FAD8F80010414805F094FA2368022BB6DD384A3849394805F08CFA7F
:205CE00039683C4805F088FA2368022BAADD324A3249334805F080FA37484AF6CD3105F036
:205D00007BFA2368022B9DDD2B4A2C492C4805F073FA32481A2105F06FFA2368022B91DDE3
:205D2000254A2649264805F067FA31882C4805F063FA2368022B85DD1F4A2049204805F0F9
:205D40005BFA284805F058FA2368022B7FF77AAF284601F03BFB2368022B7FF773AF0A20D1
:205D600005F0B4FB6EE7144A1449154805F044FA1D4805F041FA2368022B7FF774AF28468B
:205D800001F014FB2368022B7FF76DAF0A2005F09DFB68E774010020B42E01008028002073
:205DA00094010020162800207C2F0100842C002080020020F02A0100BC2D0100D0290100B3
:205DC000D8290100C42D010004310100FC2D01000C2E0100182E0100242E0100402E01002B
:205DE000602E0100702E0100882E01008C31010030B590F82D50012D83B0044613D91F253B
:205E00000B4B5B6898470B4B0B4A1B68009380B22346B0FBF5F105FB110104F10C0000F09A
:205E2000ABFA03B030BDE91C01258D40013DE7E77031010090290020BD5E00002DE9F04736
:205E40000D468B6892F82C708146506BD3E90068144601F043FA686805F084FBA9681348F8
:205E600001F078FB1248294601F074FB636B1B6873B10023A3852046FFF7BAFF36B13A4659
:205E8000494640463346BDE8F0471847BDE8F08704F10C0000F0B8FA2146064801F01EFABC
:205EA0002146054801F056FBE8E700BF4001002058010020080C00204C01002000B32DE91A
:205EC000F047436B1D6882B00446B5B1686805F05FFB63490C2005F02FF90121072005F024
:205EE0001FF9604B5B68984700280ADAAB6823B1052022462946FFF7A1FF02B0BDE8F087EA
:205F0000704705F067F8DFF8608190F80290D8F8047005F05FF8064605F066F801463046B8
:205F2000B84705F019F9D8F818600746B04770BB002F50D1D8F81CA0D04740BBD8F808706E
:205F400005F052F8B84700285CD002281FD0AB68002BD2D00420CCE707F016FE6FF028034A
:205F60001E1A03E007F010FEC64202D5D0470028F8D0D04700285DD0D8F81030032101A8D2
:205F80009847032803D19DF806304B452AD0AA68002AB2D094F82D300133DBB2052B84F8BA
:205FA0002D3094F82C3006D90133DBB2002184F82C3084F82D10127A9A4205D8224629462E
:205FC0000120FFF73BFF98E72046FFF711FF686805F0C2FA91E7D8F8086005F005F8B0476B
:205FE0000028B2D1AB68002B87D094F82C3000200133294684F82C3084F82D002246FFF7D7
:206000001DFF7AE707F0C0FD6FF018073F1A03E007F0BAFDC74202D5D0470028F8D0B04709
:20602000002899D1D047002896D1D8F814309847002891D0A96800293FF45FAF94F82C3049
:206040000133DBB2002284F82C3084F82D200A7A9A42B9D8224629460220FFF7EFFE4CE7BC
:2060600080280020EC2E01007C2F01002DE9F04105460D200F4605F067F8064601F0DAF919
:2060800001210B2005F04CF8374B1C6814B914E0246894B13146201D01F0CCF80028F7D08A
:2060A000606B01F035F907281EDDDDB138462B460122BDE8F041062118472C4801F02EFA43
:2060C00004460028F1D03146201D01F0ADF8002304F13002C4E90C322348A385214601F023
:2060E000B1F8DDE7BDE8F081214801F017FA064660B3204801F012FAB06018B305F00AFA1A
:206100007060D8B10520D6F8088005F00FF8C8E9005710F0FF0006BF082388F8083088F880
:206120000800606B314601F08DF8636B1B689E42D8D12046BDE8F041FFF75ABEB1680D480D
:2061400001F008FA0A48314601F004FA606B01F0DFF80028A9D12146034801F0BFF821469E
:20616000024801F0F7F9A0E7080C00204C010020580100204001002008B5054801F0BCF942
:20618000044801F0B9F9BDE80840034801F0B4B958010020400100204C010020014B1B6A62
:2061A000184700BF7C2F0100014B5B6A184700BF7C2F010010B50D4B82B01B6898470C4B32
:2061C00004469B6A01A91920984701280BD0002C0198B8BF15248028D4BFC4EB0000C4F196
:2061E000800002B010BD002002B010BDEC2E01007C2F0100FFF73ABF00B583B004F0EEFE83
:20620000032804D0244B9B689847002802DA03B05DF804FB0D2004F097FF204901F00AF810
:2062200018B904F099FF0028F1D00C2004F08CFF1A4900F0FFFF0028E9D101F005F990B10A
:20624000072004F073FF0028E1D00223ADF8043004F0C0FE124B8278DB688DF806200321BF
:2062600001A89847D3E701F015F9072004F05EFF18B90C4B9B689847C9E70223ADF80430AD
:2062800004F0A8FE064B8278DB688DF80620032101A89847EDE700BFEC2E01008028002009
:2062A0007C2F01008C31010030B50D4C83B0A56A69461920A84748B901A90420A84738B176
:2062C00001F0ACF8FFF758FF236A984703B030BD0199E36A21F00201019104209847EFE76A
:2062E0007C2F0100F8B5038805462BB1452B14D1882916D00120F8BD174B1C6834B1A168FD
:20630000201D00F091F92468002CF8D1134B01221A7045232B800120F8BD00230380032088
:20632000F8BD0D4B1C68002CF3D0231D9A4205D02468231D002CECD09A42F9D10648084EEE
:20634000214600F0CBFFD4E90523376832600BB1E06998473760DCE7E80C0020312800203B
:2063600090290020024B03480021196004F0EABFE80C00206401002070B50E4C049E25781E
:206380004661C0E90623044635B9A1600A482146BDE8704000F056BF084D094B2E682B606E
:2063A000043000F041F92E6021460348BDE8704000F048BF31280020E80C0020902900208D
:2063C0006401002070B50C4B1B7804462BB921460A48BDE8704000F035BF094D094B2E68C9
:2063E0002B60043000F02AF92E6021460348BDE8704000F027BF00BF31280020E80C002014
:20640000902900206401002010B50A4B1B7804463BB9C0E9033321460748BDE8104000F0B9
:206420005DBF043000F01CF921460348BDE8104000F054BF31280020E80C002008B5084BC0
:206440001B7823B10069B0FA80F0400908BD0146044800F09DFF80F00100C0B208BD00BFBE
:2064600031280020E80C002010B50446C0B20CF01BF80A2C01D0204610BD0BF0E5FF204680
:2064800010BD00BFF8B588B10F46461E002500E0013516F8014F20464CB1AF4207D00CF011
:2064A00003F80A2CF4D10BF0CFFFF1E705460BF0CBFF2846F8BD00BF10B5FDF779FF0B4BCC
:2064C0001A68D2E9003192680B44191A52B1D2E9003423441B1A9268994228BF1946002AFF
:2064E000F5D14318024A136010BD00BFF00C0020EC0C00202DE9F843038805465BB3592B43
:206500002CD187292FD0822920D12C4FDFF8B4803C684FF00009CCB1002603E0A3682646C4
:20652000A3B11C4620460AF00FF80028F6D0E0682246882104F08EFF03464046002B2AD082
:2065400004F0B6FFA3682646002BEAD159232B800120BDE8F883194A1360F7E70023038073
:206560000320BDE8F883154F3968002019B9EDE789680120D9B1CB689342F9D000B1396056
:206580008B68002BE2D0D868904207BF9B688B6019469B68F5E7E360A3686EB1B3603B6804
:2065A000C4F808902BB1FFF787FF3C68B3E73960CCE7034A1360C9E73B60F1E7F00C0020A6
:2065C000EC0C00207401002010B50446104804F06FFF1049E3680A684BB142B194420FD08B
:2065E000134601E09C420BD09B68002BFAD10A4BA2601B68E3600C60BDE81040FFF75CBF20
:20660000054B1B68E360BDE81040FFF755BF00BF74010020F00C002090290020014804F0DF
:2066200047BF00BF7401002010B5044609F076FF2046BDE81040FFF7C7BF00BF10B50446DE
:2066400009F074FF2046BDE81040FFF7BDBF00BF024B1868003818BF01207047F00C002072
:2066600010B5124B19688142044614D00B462BB19A68A24206D01346002BF9D10023C4E97F
:20668000023310BDA2689A6049B1FFF715FF0023C4E9023310BD82681A60002AF5D1044B7B
:2066A00000221A600023C4E9023310BDF00C0020EC0C0020014B1888704700BF4C03002067
:2066C00000283ED0037A022B30B410D00378022B15D00379B3B10024C37913F0030318BF69
:2066E000012301B10C6002B1136030BC7047C579447A037965B90CB9012BF2D0DBB1002397
:206700001C46EEE7447A14F0030418BF0124E3E7C4B1032D37D1032C2ED0022C24D143BBB8
:20672000022D2DD00123032D24D1A4F10204B4FA84F46409D5E7023C012C8CBF00240124FB
:20674000CFE770474BB9022D08BF0123EAD1A4F10304B4FA84F46409C3E7032D01D0022DEA
:2067600002D123461C46BCE7002BC8D1022DDAD1EDE701230024B4E7002BC0D10123D4E7E8
:2067800001231C46ADE7022DC7D1002BF1D1022C4FF00103DBD11C46A3E700BF30B500235B
:2067A0000B608B80437DDB075CBF01230B70037E012B83B00D46044623D901AA694604F13F
:2067C0001000FFF77DFF009B0BB10223EB70019B0BB102236B70E37D03F00303022B03D0AF
:2067E000032B14BF00230823AB70637E03F00303022B03D0032B14BF002308232B7103B0B7
:2068000030BDC37D13F0030309D0437E13F0030305D0C38B828B9B1AB3FA83F35B0923759B
:20682000CBE700BF02280CBF012307230B441A78FF2A184603F1FF3303D18142F7D1012096
:2068400070470020704700BF30B583B06946FFF7A5FF9DF800309DF801509DF802409DF873
:2068600003109DF804209DF8050002332B4423440B441344184403B030BD00BF70B4437867
:2068800082780578C478DB00120102F0100203F008031343027905F0070564012B4304F0BC
:2068A00020049201234302F0400213430B7043798579467AC479027A03F001036D0043EAF2
:2068C000861305F00205A0002B4300F00C001201034302F03002134370BC4B70704700BFE9
:2068E00070B582B00D4604466946FFF757FF04F110002946FFF7C2FF9DF80030012B04BFCA
:20690000A37EAB709DF801300CBF03200220022B06D1A38B2B54A38B421C1B0AAB540230D2
:206920009DF8026056B1731E234429181A7801F8012BA34203F1FF33F8D130449DF8033059
:20694000022B06D1E38B2B54E38B421C1B0AAB5402309DF8046056B1F31D23442918073431
:2069600013F8012901F8012BA342F9D1304402B070BD00BF30B40278437802F00700C2F335
:20698000C005C2F300140870C2F34010C2F380124D708C7003F00105C3F34004C8700A7146
:2069A000C3F38100C3F301129B094D718C71C87130BC0A724B727047012943DD2DE9F041D2
:2069C00086B00F4603A914460546FFF7D3FF03AB03CB9DF811201B882383206161616AB328
:2069E000AE1C03A802AA01A9FFF76AFE9DF81380B8F1000F43D0029B002B31D1B8F1020FF7
:206A0000A38367D0B8F1030F4DD09DF81580B8F1000F2CD0019BBBB9A38BE383B8F1020F05
:206A20004DD0B8F1030F31D0701B3B1A8742C4E90E6300DA002006B0BDE8F081AB78A376B4
:206A4000EE1CCEE700207047717816F8023B029A03EB01239BB2E383002ADFD1A383DDE747
:206A6000727816F8023B03EB02239BB2C6E71E4904F1080000F0D8FBA4F81E80D4E71A4955
:206A8000204600F0D1FBA4F81C80BEE706F10800034604F1080213F8011D02F8011BB3427C
:206AA000F9D10646C0E706F108000346621E13F8011D02F8011FB342F9D10646A5E70A4924
:206AC00004F1080000F0B0FB7378237216F8023B6372A9E70449204600F0A6FB737823702C
:206AE00016F8023B637090E7F82E010030B591B004F060FA044604F071FA6A460146204660
:206B0000FFF75AFF00283ED0044604F037FAD0B39DF810100B2004F003FB9DF8131007204D
:206B200004F0FEFA9DF817308BB1BDF81C50FFF7C1FD854205D0BDF81C204FF6FF739A425C
:206B400021D19DF817006946FFF76CFEB0B102A90C2004F0F1FA9DF815303BB14FF6FF71F6
:206B6000062004F0DDFA204611B030BD9DF81A10062004F0D5FA204611B030BD69460D2078
:206B800004F0DAFAE3E74FF0FF34ECE7F8B505460B2014460E46A84700232074A37496B347
:206BA000E37463750820A847002701232376A07567740620A847A076FFF77CFDE083092095
:206BC000A84701280CBF3B4603236376FFF772FDA0830A20A84701281AD066B90323E37501
:206BE000637E022B0CD0E37DA3F10203B3FA83F35B092375F8BD0223E375637E022BF2D190
:206C000001232375F8BD0720A8476675E074C9E7E775E5E730B591B00546FFF74BFD4FF6F2
:206C2000FF74A0423AD04022002168460BF09AFE04F092FA6A4601461A48FFF7A7FF04F0C8
:206C40008BFA18B3ADF800400C2004F07DFA014602A800F0E9FA04F0ADF90E9004F0BEF9C1
:206C6000034668460F93FFF7EFFD044615B9204611B030BD04F052F980B104F0ABF901461E
:206C80006846FFF72DFE204611B030BD0D2004F05BFA0146684600F0C7FAD5E74FF0FF34C7
:206CA000E5E700BF2DB100000120FFF7B3BF00BF0020FFF7AFBF00BF0649074A074B9B1A39
:206CC00003DD043BC858D050FBDC09F0D5F9FAF707FB0000103301000800002058030020DD
:206CE000FEE7FEE7FEE7FEE7FEE7FEE7FEE7FEE7FEE7FEE700F01F030121C0F3471099408B
:206D000000F066B808B501F0DFFC00B108BDBDE8084001F08FBC00BF30B583B014460223E7
:206D200001F01F0100228DF8063014F00C0341EA4015ADF8042006D0042B25D0082B27D0E5
:206D40000C2B02D103238DF8043014F0030304D0022B15D0012B02D103238DF805300E4A23
:206D600001A9284601F0BAFC2306284603D401F0B3FD03B030BD012101F042FD03B030BDB3
:206D800001238DF80530EAE701238DF80430DCE702238DF80430D8E7F56C000001F01F0195
:206DA00041EA40101F28CABF054B4FF0A04300F01F00D3F8101521FA00F000F00100704764
:206DC000000300500146014800F03CBAF40C002070B50C4B1C689CB105460E4601E0246871
:206DE00074B1237AAB42FAD1E36816EA0301F6D063682846002BF2D098472468002CF0D186
:206E000070BD00BFF40C0020024B00221A60FFF779BF00BFF40C0020EFF3108072B670471F
:206E200080F31088704700BF032824D8124B00EB40001A181B5C9178527803F01F0343EA64
:206E4000421361B11F2BC6BF0C4903F01F034FF0A041012202FA03F3C1F80C3570471F2B62
:206E6000C6BF064903F01F034FF0A041012202FA03F3C1F808357047442C01000003005083
:206E800003281ED80F4B00EB40001A181B5C527803F01F0343EA42131F2BCCBF0A484FF0DC
:206EA000A0404FF00101D0F80425C8BF03F01F0301FA03F323EA02011A40C0F80815C0F83C
:206EC0000C257047442C01000003005070B41A4A1A4D0023012440FA03F1C90712D59178E1
:206EE000B9B11178567801F01F0141EA46111F29C6BF01F01F012E464FF0A04604FA01F1D7
:206F0000C6F80C150133042B02F10302E3D170BC70471178567801F01F0141EA46111F296E
:206F2000C6BF01F01F012E464FF0A04604FA01F1C6F80815E6E700BF442C01000003005007
:206F400070B41A4A1A4D0023012440FA03F1C90712D59178B9B11178567801F01F0141EA0F
:206F600046111F29C6BF01F01F012E464FF0A04604FA01F1C6F808150133042B02F103021D
:206F8000E3D170BC70471178567801F01F0141EA46111F29C6BF01F01F012E464FF0A046F9
:206FA00004FA01F1C6F80C15E6E700BF442C0100000300500E4A30B40E4D02F10C040320F5
:206FC0001378517803F01F0343EA41131F2BC6BF03F01F0329464FF0A04103F5E0730332D4
:206FE000944241F82300EBD130BC0F20FFF7A8BF442C01000003005010B50948FFF7E2F980
:20700000084800F0ADFB50B1064C01460B7A5B080B72204600F070FB01460028F6D110BDC5
:2070200060280020840100200146014800F0C6BB8401002080B110B50446FDF7B9F92368EC
:20704000C01AB0F5963F05D2207A032894BF0020012010BD002010BD0020704770B50546AB
:20706000144689B1022907D006290CD10146BDE870402A4800F0A2BB0146284800F09EFBD3
:207080000646002832D170BD0146244800F096FB0646002835D0FDF78BF9337A3060234483
:2070A000102BA8BF10233372FDF782F93368C01AE401B0F5963FA4B208D2337A042BB388CC
:2070C00034BF19220A222BB9B48070BDB3881922002BF9D002FB04F41149C2F1640203FB41
:2070E0000242A1FB02325209B28070BDFDF760F9337A30602344102BA8BF102333720C3417
:20710000D2E7334605482946082200F0B7FB06460028B8D047F6FF73C380BCE7840100207F
:207120001F85EB5138B50546042003F0FFFF29460446214824B200F041FB38B3B0F9063034
:2071400047F6FF7293422CD004EB840462005A251A4C818813FB052384FB0324DB17C3EB6D
:20716000641424B2C48081B904F15A0212B222EAE2721E2A124BA8BF1E22D201A3FB0232DD
:20718000120902F5807292B2828038BD034629460948082200F072FB0028F6D047F6FF7383
:2071A000C3808388C480002BEFD147F6FF739C42DAD14FF48072E7E7840100201F85EB5192
:2071C0008988888838B5094800F0CAFA60B1074D04462146284600F0BFFB2146284600F0A9
:2071E0008BFA04460028F4D138BD00BF8401002000B5002183B0084800F05CFA074B084A37
:207200001B680093074800234FF4E131FFF7B4F803B05DF804FB00BF8401002090290020AB
:20722000F96F0000602800200B684A6842600360704700BF08B508220BF05EFBB0FA80F049
:20724000400908BD0368DBB110B4002400E0134699420FD01A681C46002AF8D100230B60E9
:207260000368CBB11A461B68002BFBD111605DF8044B70470A686CB1226000221A60EDE700
:2072800000230B6003684BB11A461B68002BFBD1116070470260F0E70160E8E70160704776
:2072A00030B405684DB12B46002400E01346994207D01A681C46002AF8D10D6030BC01606E
:2072C00070470A683CB1226000221A6005680D6030BC016070470260F6E700BF03689BB1E7
:2072E00010B4002400E0134699421A6805D01C46002AF8D15DF8044B704734B12260002202
:207300001A605DF8044B704770470260F7E700BF03682BB100201B680130002BFBD1704719
:207320001846704730B479B1036843B1002500E023469A4217D01C681D46002CF8D10B684B
:2073400013600A6030BC7047056845B12B4600E023469A4210D01C681946002CF8D1156087
:20736000026030BC704725B11068286000201860E5E714680460F9E739B114680C6000211B
:207380001960056815600260EBE711680160F6E7006848B1884202D105E0814203D00068C6
:2073A0000028FAD170470120704700BF00B58BB00246282168460AF0FBFE6946024803F07E
:2073C0001BFF0BB05DF804FBCC2C0100F0B170B50024104E054654B1E3070DD5295D30462B
:2073E00003F00AFF072C10D00134002CF4D12978304603F001FFF7E72E2004F067F8295D49
:20740000304603F0F9FE072CEED170BD024803F0F3BE00BF102F0100002F010008B5034BC5
:207420005B689847024B187008BD00BF7031010032280020034B197806204A1C1A7003F04D
:207440006FBE00BF32280020F8B5FCF7B1FF104E0746344600250C2003F076FE2146FFF73C
:20746000E9FE103420B90135102DF4D10020F8BD062006EB051503F059FE2B7B8342F5D14F
:20748000A868381AB0F5206F8CBF00200120F8BDB80D0020F8B5174E0024374635460C20D6
:2074A00003F052FE2946FFF7C5FE1035F8B90134102CF4D10F2407EB0414254654F8100D24
:2074C0006168A268E368A6420FC5F6D1062003F02DFE3873FCF76CFF0346BB600C2003F03B
:2074E00033FEBDE8F84001460248FFF79DBE002CE1D1EBE7B80D002010B504464288406886
:2075000000210BF02FFA23886288A06802FB03F2BDE8104000210BF025BA00BF30B4458837
:20752000ADB14368002202E00132AA420CD0194601330C78002CF7D101230B700588806824
:2075400002FB050030BC7047002030BC70472846F8E700BF30B44488826854B18A420CD070
:207560000588002301E0914208D00133A3422A44F9D14FF0FF3030BC704700234268D15C73
:207580000029F6D00020D05430BC704783688B4208D84288008800FB023081422CBF002030
:2075A0000120704700207047418849B143680020194413F8012B02B901308B42F9D17047C0
:2075C0000846704738B50D4B0D4D1C68002818BF05463CB1211D2846FFF72CFE28B9246813
:2075E000002CF7D14FF0FF3038BD064A064B9068241AA01003FB00F038BD00BFE80E0020F5
:20760000F82E010098010020ABAAAAAA2DE9F84F224CDFF89CA0DFF88C90214F0546884687
:2076200004F1200B54F8043FBBB19E68AEB1A5B1D9F80820AA1A91100C3207FB01F10CD008
:207640005A68D86802FB010038B11AF801201B6842FA03F3DB0700D5B0475C45E2D1D5B1D1
:20766000104B0F4A9B68EB1A9B1002FB03F30E490E480022CA5429460AF80320FFF72EFE0D
:20768000B8F1000F01D1BDE8F88F29460548BDE8F84FFFF75FBF4FF0FF33E8E7B40E002056
:2076A000ABAAAAAA98010020D80E0020E80E0020C00F002038B10368072B04D80C4A52F85B
:2076C0002330984210D00B4A1368072B0AD830B4074C03605D1C8160156044F823000120D0
:2076E00030BC70470020704781600120704700BFB80E0020BC0F0020F0B5164B164D9C685A
:20770000164E20B301B3C768D0F804C0C91B91FBFCF101EB4102013119D014EB820314D0B4
:2077200054F82230A3EB040E4FEAAE0205FB02F20CFB02714BB11EF10C0F08D021B1B35CD5
:2077400002681341DB07DCD50B461846F0BD00231846F0BD98010020ABAAAAAAC00F0020FD
:20776000124B1968F9B1124B9B68C91AD0B111F10C0F17D010B40F4B4468C268891003FB2E
:2077800001F304FB032149B10B4C0268E35C1341DB0703D508465DF8044B70475DF8044B7D
:2077A000FFF7AABF0021FFF7A7BF00BFE80E002098010020ABAAAAAAC00F002010B50446B8
:2077C0000846FFF7FFFE84B1431C02460DD06368E06803FB020038B1054B21689B5C0B4197
:2077E00013F0010F08BF002010BD002010BD00BFC00F00202DE9F84316460D46FFF7DEFF54
:2078000028B10024012006B13460BDE8F88304462846FFF7D7FE0130F3D11448FFF7C4FE53
:207820000028EED1124B1D68F5B1DFF84C90DFF83C80104F06E02046291D05F095FB0446D3
:207840002D686DB1D8F80830EB1A9B1007FB03F319F80330002BF3D1002CECD12C1DEFE78A
:20786000201E18BF0120CEE72046CCE798010020E80E0020ABAAAAAAD80E00202DE9F0413F
:2078800082B060B32F4B0C46002908BF1C46214601AA0546FFF7AEFF08B32046FFF792FEDE
:2078A000461C21D06A68EC6800FB0244002120460BF058F8EB686A68E31A93FBF2F35A1C31
:2078C00006D021492D68C85C0122AA400243CA54204602B0BDE8F081B8F1000F1DD1002447
:2078E000204602B0BDE8F081184FDDF804803846FFF714FE06460028EED015483146FFF718
:20790000A1FCBB682146301DF41AFFF78DFC14F10C0F12D16A680024C8E74046FFF752FEF2
:20792000411CDCD0BB6800EB400013EB8006D6D000213046FFF76AFEDFE7064BA01003FB0C
:2079400000F0AFE7F82E0100C00F002098010020E80E0020ABAAAAAA18B319B3C3684268A7
:20796000CB1A93FBF2F35A1C1CD070B40F4E0568F45C012202FA05F524EA0504F454C3686C
:207980004468CB1A93FBF4F3591C0DD0084C0068E15C02FA00F021EA0001E154104670BCE7
:2079A00070477047002070471046F8E7C00F0020D80E002098B199B1C2684368891A91FBC1
:2079C000F3F14B1C0CD010B4064A0368545C012000FA03F3234353545DF8044B7047704721
:2079E00000207047D80E0020A0B1A1B1C2684368891A91FBF3F14B1C0DD010B4074C02685A
:207A0000635C012000FA02F223EA020363545DF8044B704770470020704700BFD80E002021
:207A200088B179B1C3684068C91A91FBF0F14B1C08D0054B986801EB410110EB810002D0B5
:207A400004307047002070479801002070B50B4B1C685CB105460E46012D09D01DB9636858
:207A60000BB1984718B92468002CF5D1002070BDA3683046002BF6D09847F3E7D00F0020A5
:207A8000064B074A01211960D2F8503513F0FF03FAD1C2F8FC3F0120704700BF101000409E
:207AA00000100040A1B1192810D8DFE800F00D770F0F6E65605B453F0F3A0F0F0F36322E84
:207AC0002A0F26221E1A17130020704701207047022070477D230B600020704700200860D1
:207AE000704710230B60002070470A230B600020704720230B600020704703230B600020B5
:207B0000704708230B6000207047D8230B60002070471A230B60002070470B230B600020CC
:207B20007047244B1B780B6000207047224B93F900300B6000207047204B214A012082B0B6
:207B400018601368002BFCD00020106012681D4B0192019AD3F8483503F07F035B420B60D6
:207B600002B07047184B5B790B6000207047164B5B780B6000207047134BDB780020086074
:207B8000002BA1D001230B6070470F4B1B7800200860002B98D004230B607047094B0B4A09
:207BA000D3F80835A2FB03239B080A33DBB20B6000207047332800203428002014100040F0
:207BC0001C11004000100040B4010020CDCCCCCC0120704770B582B0FFF71EF9BFF35F8F06
:207BE0001C4B1B78ABB11C4B1C4902224FF0FF34C1F80843C3F88021C3F88020BFF34F8F82
:207C0000BFF36F8FBFF35F8F02B0BDE87040FFF707B9134903F0FF020A600968114B01913E
:207C200001991A601A680D490B4B00924FF0FF3502224FF44054009EC1F80853C3F88021F4
:207C4000C1F804431A60BFF35F8F02B0BDE87040FFF7E6B8B401002000E100E00010004089
:207C60003011004034110040144BD3F8FC0F28B1D3F85035DBB2032B01D000207047104BE2
:207C80001B7803F0FF0073B10E4B1B78053B7A2BF3D80D4B1B68002BEFD10C4B1868B0FA58
:207CA00080F040097047074A1378053B7A2BE5D892F8800080F00100704700BF0010004095
:207CC000B4010020D40F002030110040341100400D2801D001207047042A05D121B1034BC4
:207CE0001B680B6000207047022070475810002070B51B4CD4F85055EDB2032D82B028D068
:207D0000184B1948194AC4F804051949C3F8102501264FF00062C3F81415C3F80465C3F89A
:207D20000425FFF757FFD4F8003243F01003C4F80032D4F80032022D43F40023C4F8003227
:207D400009D00C4B0C4A002119601B680193019B166002B070BD094B1E6002B070BD00BF8B
:207D60000010004000F00140D40F0020381100404C80004058110040041000400810004095
:207D800070B5304D304C314A00232B6084B02D680095009D236024680194019C1360146871
:207DA00002942B4D029C42F8043C2C7852F8043C0393631F7A2B039A02D8023CA1420ADA36
:207DC0008122002122480AF0CDFDFFF791FF0024204604B070BD2246691C0AF09BFD2B19FD
:207DE0001C4E5B781C4A3F2B9ABF9B00DBB2FF233370D2F84835194A03F07F035B425BB267
:207E000099B20420137003F08BF93178032003F087F9134B2A7813491A74D1F84C055860FE
:207E2000D1F8481599605200DA605D68084881220021023D1D600AF095FDFFF759FF2046C2
:207E400004B070BD381100400C11004034110040D40F00203328002000100040342800208C
:207E6000581000200080004010B5038804461BB340F2D332934224D1822901D0012010BDE7
:207E8000124A1378053B7A2B16D8114B1B6813B992F8803083B10AF06DFB03F0D3F803F0FC
:207EA00089F88021FFF76CFF002805DD80B203F07BF8084BDB68984740F2D333238001202C
:207EC00010BD00230380032010BD00BFD40F002030110040B42E01007D2910B50C4609D87B
:207EE00001460A48A31C00F8013B22460AF012FD002010BD064A0749074803F07DF92146D9
:207F00007D22064803F078F9012010BD6C100020182F0100282F0100D82901002C2F010088
:207F200070B4164B1649174C0F22C3F810258A780A3A02EB8202C3F808250879CD798A7970
:207F40004979120642EA0522024342EA0142C3F86C2640F2022600250B48C3F834657F212D
:207F600040F20122C3F83845C3F83C55C3F81405C3F81815C3F8502670BC70470010004008
:207F8000B4010020211001000800000608B5084BD3F8FC2F1AB1FFF7ABFE012008BD012253
:207FA000C3F8FC2FFFF7BCFFFFF7A2FE012008BD0010004030B585B0FFF7E8FF104A1149B3
:207FC0001148124C0023136015680395039D0B600D680295029D036003680193012301986A
:207FE000236001E00B6813B91368002BFAD0044A044B10681B68B0FA80F0400905B030BDD1
:2080000048110040441100404C1100402C10004010B5072867D8DFE800F01A2A6666485285
:208020005A04364A3648C9B25171D0F8FC3F5BB11179D479937952791B0643EA04230B4327
:2080400043EA0243C0F86C360024204610BD01294FD000294AD12B4A294B01211160D3F829
:20806000504514F0FF04FAD1C3F8FC4FEDE7A1F10B030F2B3AD8214A214BC8B29070D3F8B7
:20808000FC2F002AE0D01F4A01201060D3F8504514F0FF04FAD10A3901EB8101C3F8FC4FF8
:2080A000C3F80815FFF772FFCFE731F007041DD1124BC1F380011970FFF78CFDC5E731F04A
:2080C000010413D10D4BC9B2D970204610BD0B4A0B4BC9B25170D3F8FC2F002AB4D0C3F822
:2080E0000C150024B1E70124204610BD0224204610BDFFF74BFF0024A7E700BFB40100206C
:20810000001000401010004010B57D2884B04BD82C4CFFF73BFFE378002B3FD163782A4A61
:208120002A49DBB20120C2F80C350860D2F85035DBB2022BFAD12649264BC2F804350023F1
:208140000B600868019001980B66086E029002988B648B6C0393039BD2F8003223F01003CB
:20816000C2F80032D2F80032012143F48023C2F80032116005F008FD6FF002031C1A05F035
:2081800003FDE042FBD4104AD2F85035DBB20B2BFAD0FFF7ADFD002004B010BDFFF70AFF78
:2081A0000028BBD10220F7E70B4A0C4904460C4803F022F821460B4803F01EF8012004B01E
:2081C00010BD00BFB4010020001000400C1000400C1100406C100020182F0100282F0100F9
:2081E000D8290100482F010010B50C46FFF774FE2046BDE81040FFF787BF00BF10B51A4908
:208200001A481B4A1B4C00230B6003704B6023708B6082B0CB600B741360136800934FF06A
:2082200080430121009819601368002BFCD0002414601368019321460F48019B03F082F868
:20824000214681220D480AF08DFB0D4B0122C3F8FC2FFFF765FE0B4A1378DBB21370FFF79D
:20826000B9FC204602B010BD58100020332800200001004034280020A4010020D40F0020DC
:2082800000100040B4010020074A1378053B7A2B07D8064B1B6813B992F880007047012097
:2082A00070470020704700BFD40F002030110040154B1B7803B1704700B503F0FF02134B88
:2082C000196883B029B9124B1A6882B903B05DF804FB1A601B6800930E480F4B009A0122EA
:2082E00083F8802003B05DF804EB03F0E1B819601B68019381220848019B0AF033FB03B0E6
:208300005DF804EBFFF7F4BCB40100203011004034110040A4010020D40F002010B40346C3
:20832000002253E8000F00EA020143E8001494F0000FF6D15DF8044B704700BF10B568B94B
:208340000E4CA368012262703BB1D3E900230020A2609847A368002BF7D110BD0128FCD136
:20836000064C2369A070002BF7D0D3E900230120226198472369002BF7D110BDEC10002053
:2083800010B50B4C237882B013B1852002B010BD08486360A3602361E36000F0B5F8019001
:2083A00000F0BEF801980123237002B010BD00BFEC1000203D83000038B5154DAB780446F1
:2083C00073B110B14368012098470020FBF73CFEEB680133EB600020BDE83840FBF73CBEC6
:2083E00003F0FF00FBF730FE64B12A6942B1944208D0134601E09C4204D01B68002BFAD1BD
:2084000022602C61EB68002BE2D100F09FF8DFE7EC10002038B5154D6B78044673B110B152
:208420004368002098470020FBF70EFE6B6801336B600020BDE83840FBF70EBE03F0FF00B5
:20844000FBF702FE64B1AA6842B1944208D0134601E09C4204D01B68002BFAD12260AC606F
:208460006B68002BE2D100F089F8DFE7EC10002038B50B4C0020FBF7E7FD6368013B6360F4
:20848000656825B1BDE838400020FBF7E5BD00F087F865700020BDE83840FBF7DDBD00BF9C
:2084A000EC10002010B5074C23784BB9064B002808BF184600F044FB08B90123237010BDD7
:2084C000852010BD35280020B42F010000B583B0019000F069FB00F06FFB019800F056FBC8
:2084E00000F05AFB002003B05DF804FB10B4034653E8000F00EA010243E8002494F0000FEA
:20850000F6D15DF8044B7047044A137923B90121106091801846704785207047001100203E
:20852000084B1A68D20704D4C02283F8002301221A60054A4FF080410123C1F8183513709C
:20854000704700BF00E100E0A332002010B4094B094A0021196083B01B680193019C4FF0C4
:20856000804102200123C1F80403136003B05DF8044B70470401004008000040074B0022B2
:208580001A6082B01B68019301994FF080430122C3F804231A6002B0704700BF0001004094
:2085A000074B01221A604FF08042D2F80C3403F00113B3F1011FF8D0024B00225A7170473D
:2085C000040000400011002010B5174B1A6882B062B10021154A19601B68507900934FF021
:2085E00080410123009CC1F8083398B1104B1A68BAB100221A601B6801934FF0804202219E
:208600000A4B0198C2F808131B68012002B0BDE810401847116853718847054B1A68002AE5
:20862000E7D102B010BD00BF00010040001100200401004030B41F4C94F86A3082B0002BBB
:2086400033D104F12F03204604F15F01FF2203F8012F8B42FBD14FF0FF3222600123072B07
:2086600088BFE11803F1010340F8042F88BF81F858200C2BF3D11049104B0020C022888066
:20868000606683F8062340221A600D4B0D4A18601B680193019D01214FF0004384F86A101E
:2086A000C2F8043302B030BC7047082002B030BC704700BF081100206C11002000E100E0A1
:2086C0007C61004000600040034B93F86A00003818BF0120704700BF08110020F0B4454F83
:2086E0003B1893F93030002B5DDA91F802C0CCF3400CBCF1000F0CBF0823002307EB830435
:20870000A4F104040CBF0C26082602E001339E424CD954F8045F0135F8D13C1847F82320F2
:2087200084F83030BCF1000F4FD08A7854071AD4D5074ED41F284C7887BF2F4D00F01F025B
:2087400002464FF0A04502F5E072A40045F822402A4DC40800F0070C2E5D012202FA0CF233
:2087600032432A558A7812F0020222D09B0003F1804303F5C0430978D3F8104524F44F3482
:2087800024F44074C3F8104502020904D3F8100501F4403102F47C520A430243C3F8102560
:2087A0000020F0BC70470820F0BC70470420F0BC7047083B1F44097897F8603043EA81131D
:2087C00087F860301046F0BC7047FA1882F85800ABE71F2887BF084A00F01F0404464FF0E0
:2087E000A04202EB8402D2F8004724F00204C2F80047ADE708110020000300506C1100203B
:2088000070B4324C251883B095F93030072B22DD234493F858309B09032B46D0012B0CBFCE
:208820004FF400324FF440321F288ABF284B4FF0A04300F01F0003EB8000D0F8003723F456
:208840004033C0F80037D0F800371A43C0F8002703B070BC7047DAB2072AF9D8980000F1CE
:20886000804000F5C04003F140029200D0F8106592B202F1804202F5C04246F00106C0F857
:2088800010650020106012680192019A0029DFD095F9302054F82220002AD9D00D4901229B
:2088A00002FA03F3C1F80433D2E71F288ABF084A4FF0A04200F01F03D2F8102598BF034669
:2088C000DA4002F0010202321204ADE7081100200003005000600040194B034493F93030E8
:2088E000072B13DD1F288ABF164B4FF0A04300F01F0003EB8000D0F8003723F44033C0F885
:208900000037D0F80037C0F800377047DAB2072A14D810B49A0002F1804202F5C0420A4C70
:20892000D2F81005012120F0010001FA03F3C2F81005C4F808335DF8044B7047704700BF9D
:208940000811002000030050006000402DE9F04F002289B0CDE9022216461546704B714C32
:208960007148012204E0043383424FEA420211D019680129F7D1D4F804131142F3D01D60F4
:20898000196800910433834246EA020600994FEA4202EDD1654B1A68012A07D016F0FF0F75
:2089A00017D1002E32DB09B0BDE8F08F00221A601B6801934FF0A042019BD2F810255C4BA1
:2089C0000292D3F81035039316F0FF0F1ED046F00046584F01250024A30003F180432E4224
:2089E00003F5C0434FEA45050BD0D3F8100557F82420D3F81015C0F30520C1F3014102B13A
:208A000090470134082CE7D1002ECCDA4FF0FF33494D0DF1100ACDE906330022CAF8042074
:208A20000492A5F16408454C0027012614F9010B431C32D0C0F3C20E08AB03EB0E0C00F017
:208A400007031CF8081C06FA03F31942C2B200F03F0022D008EB0009910999F9309058F8B6
:208A60002990B9F1000F4CD003294CD01F288BBFDFF8BCE04FF0A04E02F01F0202460EEB9B
:208A800082021CF818ECD2F800C71EEA030FCCF3014C1BD1BCF1030F3CD0A542C6D1002F1F
:208AA00081D04FF0A0430299D3F81035204A9942D2F8102503D1039991423FF474AFDDE9F5
:208AC0000401CDE90232CDE90601ACE7BCF1020FE3D1032904D0B9F1000FDED0C847DCE7AC
:208AE0004FF4403CD2F8003723F44033C2F80037D2F8003701374CEA0303FFB2C2F8003724
:208B0000E9E70329C9D11AF80EB04BEA030B0AF80EB0ABE70329DED14FF4003CE2E700BF78
:208B20000061004000600040206100407C61004000030050081100206C1100206811002054
:208B4000104A1378DBB910B403780F494FF08044C3F34003C4F88035037803F00103C4F86A
:208B600078350B68DB0704D4C02381F8003301230B600123137000205DF8044B7047852036
:208B8000704700BFA432002000E100E0014B02681A6070477C1100204FF080434FF46072FD
:208BA000C3F80423704700BF4FF080434FF46072C3F80823704700BF014B00221A6070474B
:208BC0007C11002010B54FF0804386B0D3F80443620705D5D3F8082103F58473002A4ED16A
:208BE000A30603D52A4B1A68002A3FD1600603D5284B1A68002A2FD1210602D5264B1A6875
:208C00000ABBE20502D5254B1A6892B9A3050ED5234B1A685AB100221A601A68214B0592ED
:208C2000059A1B68022006B0BDE81040184706B010BD00221A601B4A1B68049301201368AC
:208C4000049A9847E2E700201860164A1B6803931368039A9847D4E700221A60124A1B6890
:208C6000029301201368029A9847C5E7002018600D4A1B6801931368019A9847B6E70022E2
:208C80001A600A4A1B6800931368009A9847A7E714010040180100401C0100402001004002
:208CA000240100407C110020781100207411002008B5FFF787FFBDE80840FFF785BC00BF38
:208CC000074B0849084A0020186082B01B680193019BD1F808051368C0B202B0184700BF8F
:208CE00000D1004000D000408011002070B443791E4C1F4E03EB430546F82320655D8DBB2A
:208D000090F904308A78002B24DB03F1604303F561435201D2B283F8002390F90430002BDA
:208D200007DB144D03F01F0601225B09B24045F8232003680A88C3F8082543790879C9787C
:208D400003EB4303E218012550709170E554002070BC7047084D03F00F0352011D44D2B230
:208D60002A76DAE7082070BC704700BF841100208811002000E100E0FCEC00E00368044A18
:208D800001211960437903EB43030221D15470478411002010B403680022C3F8002183B034
:208DA000D3F80031026801930123019CC2F8443311B10268C2F8043303B05DF8044B70479C
:208DC0002DE9F041274F284EDFF8A08084B000244FF48035D7F804332B4211D056F8242033
:208DE0000023E0B262B1C7F84853C7F8085346F8243056F824300393D8F80030039A9847F1
:208E00000134032C4FEA4505E4D1164BD3F80423D10702D5D3F80021C2B9124BD3F80423FE
:208E2000920710D5D3F804216AB10022C3F80421D3F804210D4B0192019A1B68052004B0D5
:208E4000BDE8F041184704B0BDE8F0810022C3F80021064AD3F80031029304201368029AF9
:208E60009847DAE700B0004040B1004088110020084B09491B68094AA1FB03139B0C9168AB
:208E800000FB03F09368CB1A23F07F438342F9D3704700BF7C02002083DE1B4310E000E0FB
:208EA00030B44C689C4208D2002545600968016093420CD0002030BC704743600D680560D5
:208EC0000868E41A18449342C1E90004F2D1201E18BF012030BC704710B4D1E900439A420C
:208EE00028BF1A46C0E90042D1E90030801A1344C1E90030003818BF01205DF8044B704700
:208F00004B689A4228BF1A4662B10B68C0E90032D1E90030801A1344C1E90030101E18BF60
:208F2000012070471346F1E710B5094B09491A68094C82B0002301208DF804008DF807302B
:208F4000ADF8053001A823700B70904702B010BDB41200203928002036280020704700BFCF
:208F600000B583B00D4B0E4900228DF80420D3F82025ADF80620D3F8C0040A4A09681368E5
:208F800000280CBF4FF480704FF00120034301A81360884703B05DF804FB00BF00700240A2
:208FA000B412002090110020F8B54B680B4F934228BF13461D460C4606461A4609683846EB
:208FC00009F0A8FCC6E90075D4E90030401B2B44C4E90030003818BF0120F8BDBC12002069
:208FE00070B54B68934228BF13460D461C4606465BB933607460D5E90032121B2344C5E9D6
:209000000032201E18BF012070BD044B09681846224609F07FFC3060ECE700BFBC120020B1
:2090200010B5274BD3F80044C3F8004482B0BFF36F8FBFF34F8FBFF36F8FBFF34F8FE10553
:209040000ED5204B20491A68022000238DF80730ADF805308DF80400012301A80B70904754
:20906000A2050DD5174B18491A68032000238DF804008DF80730ADF8053001A80B709047C2
:2090800063051AD5104B1A78BAB10D4C0F48012100221A70C4F808150160BFF36F8FBFF307
:2090A0004F8F084BADF8052004211B688DF807208DF804100DEB0100984702B010BD00BFB2
:2090C00000700240B4120020362800205870024070B5394A0126136806FA01F42343136058
:2090E000030682B0054610D4344B1B681C420AD1334B8DF8060006221B688DF807608DF8A6
:20910000042001A8984702B070BD2E4B00F00F0133F8113003F1804303F51C331A68DAB1D4
:2091200000221A60BFF36F8FBFF34F8F264B80281B6822D0082B08BF244B254808BF1A60AE
:20914000244B03EB01120026927B0670032A4FEA011029D01B583BB3184B19682140D2D13D
:20916000174B8DF8065006221B688DF807108DF8042001A8984702B070BD082B08BF134B03
:20918000134908BF1A60144B93F89E200020032A087003D0D3F89030002BDDD16FF001012D
:2091A0000648FFF7A3F9D7E7012303FA01F1C9430248FFF79BF9CFE7901100208C110020EA
:2091C000B4120020C42F0100300100101C7C0240372800202412002094110020064B93F923
:2091E00000201878002AB4BF0021102100F00F031944FFF76DBF00BF392800202DE9F04FBA
:20920000DFF8F4A2DFF8F882DAF80040D8F80030234089B000F0C68013F0012400F0C5804F
:2092200094FAA4F4002C00F0C580B4FA84F70F2F3D461BD8DFF8CCA24FEA071B0AEB071618
:209240005AF80B30B289716806A8984767F07F09012302974FFA89F903FA07F708B94AF87B
:209260000B006FEA070B05F008072CE0A7F11003974A4FF0010BDDB20BFA07FB4FFA83F936
:2092800013F008032C4602EB05166FEA0B0B019340F0988003950022019205F594738D4AD6
:2092A00052F82330B28971683768029306A8B847069A22B1079A029B934200F2DB80019FA9
:2092C000029400B93060844B1B68082B02D1834B82221A60D8F80020B368079902EA0B02C7
:2092E0000B44C8F800207E4AB360B9F1000F4FF001031370069A73DB002F00F08580754B13
:20930000C3F8A027C3F8A417734B1B68082B4FEA850540F08A80734B1B68002B40F0858043
:20932000B9F1000FB4BF042328231D446E4A6F49029B6F4EDFF8D081EDB2B4BF9146894684
:2093400005F1804509EB430905F51C35002701243760BFF36F8FBFF34F8F2C60BFF36F8F68
:20936000BFF34F8F0220FFF783FD3368002BEFD01E20FFF77DFDD8F800309A0606D40220F6
:20938000FFF776FDD8F800309B06F8D50120FFF76FFDB9F8003003F1804303F51C331B6811
:2093A000002BD4D009B0BDE8F08F93FAA3F4002C7FF43BAF1023464E039399464FF0FF3B9F
:2093C000254668E7434BD3F8C034D9037DD5B28971683468019F029506A80023A04770E762
:2093E000002F61D105EB85039B0003F1804303F51C33AD00C3F80026C3F80416364B1B6894
:20940000082B5CD0042311E005EB85039B0003F1804303F51C33AD00C3F80027C3F804175F
:209420002D4B1B68082B3FF476AF28232B44DBB203F1804303F51C3301221A60BFF36F8F14
:20944000BFF34F8F284B294A2A4913EA290938BF9146029B39F8132002F1804202F51C322B
:2094600002E00B68002B9DD11368002BF9D009B0BDE8F08F02245946B4731F48FFF736F83B
:209480001E4B03991B688DF8174006228DF816108DF8142005A89847DAF80030D8F800403E
:2094A00023407FF4B9AE7DE70A4BC3F8A026C3F8A416094B1B68082B4FEA8505A2D1094B2C
:2094C0001B68002B3FF42CAF9CE70395EAE600BF9411002000700240300100101C7C024094
:2094E0003728002034010010C42F0100E42F010004710240007102408C110020B412002093
:2095000090110020241200207474024038B5214BD3F86C44C3F86C44BFF36F8FBFF34F8F8B
:209520001D4B1B68082B28D09CB1012594FAA4F3B3FA83F21146D3B10F2AA2F1100005FAA5
:2095400002F30DDDC0B224EA0304FFF7C1FD002CECD1124B1B787BB9BDE83840FFF74EBEC5
:2095600005FA02F224EA020441F08000EDE720211020FFF7ADFDD9E738BD094B1B68002B97
:20958000D2D1084A136803F0011123F0011311601C43C9E70070024030010010372800203D
:2095A00034010010B812002010B5184B1B68082B82B002D1164B00221A60164B164C93F84E
:2095C0007E200021032A217005D01B6F6BB1FFF715FE02B010BD11486FF40001FEF786FFD4
:2095E0002378002BF3D002B010BD6FF400010B48FEF77CFF0A4B062107221B688DF804107B
:20960000ADF8062001A89847EAE700BF300100101C7C024094110020372800208C1100204B
:20962000B4120020134B1B68082B02D1124B00221A60124B124993F88E200020032A0870AE
:2096400002D0D3F8803003B1704700B56FF0807183B00C48FEF74AFF0B4B062108221B685E
:209660008DF80410ADF8062001A8984703B05DF804FB00BF300100101C7C02409411002058
:20968000372800208C110020B412002000B5184B1B68082B83B002D1164B00221A60164B76
:2096A000164993F81E210020032A087005D0D3F8103153B103B05DF804FB6FF48071104824
:2096C000FEF714FF03B05DF804FB6FF480710C48FEF70CFF0B4B062188221B688DF8041090
:2096E000ADF8062001A8984703B05DF804FB00BF300100101C7C02409411002037280020F2
:209700008C110020B41200200B4B1B68082B02D10A4B00221A600A4B0A4993F89E200020C5
:20972000032A087003D0D3F8903003B1704706486FF00101FEF7DABE300100101C7C024064
:2097400094110020372800208C1100200B4B1B68082B02D10A4B00221A600A4B0A4993F805
:209760000E210020032A087003D0D3F8003103B1704706486FF08001FEF7B8BE30010010E1
:209780001C7C024094110020372800208C1100200B4B1B68082B02D10A4B00221A600A4BC9
:2097A0000A4993F8EE200020032A087003D0D3F8E03003B1704706486FF02001FEF796BEC8
:2097C000300100101C7C024094110020372800208C1100200B4B1B68082B02D10A4B002217
:2097E0001A600A4B0A4993F8FE200020032A087003D0D3F8F03003B1704706486FF04001C2
:20980000FEF774BE300100101C7C024094110020372800208C1100200B4B1B68082B02D126
:209820000A4B00221A600A4B0A4993F8AE200020032A087003D0D3F8A03003B1704706484A
:209840006FF00201FEF752BE300100101C7C024094110020372800208C1100200B4B1B68AC
:20986000082B02D10A4B00221A600A4B0A4993F8BE200020032A087003D0D3F8B03003B1E9
:20988000704706486FF00401FEF730BE300100101C7C024094110020372800208C11002060
:2098A0000B4B1B68082B02D10A4B00221A600A4B0A4993F8CE200020032A087003D0D3F854
:2098C000C03003B1704706486FF00801FEF70EBE300100101C7C0240941100203728002057
:2098E0008C1100200B4B1B68082B02D10A4B00221A600A4B0A4993F8DE200020032A0870E5
:2099000003D0D3F8D03003B1704706486FF01001FEF7ECBD300100101C7C02409411002002
:20992000372800208C11002010B5184B1B68082B82B002D1164B00221A60164B164C93F8BD
:209940002E200021032A217005D01B6A6BB1FFF755FC02B010BD11486FF48021FEF7C6FD89
:209960002378002BF3D002B010BD6FF480210B48FEF7BCFD0A4B062102221B688DF804101E
:20998000ADF8062001A89847EAE700BF300100101C7C024094110020372800208C110020C8
:2099A000B412002010B5184B1B68082B82B002D1164B00221A60164B164C93F83E20002114
:2099C000032A217005D01B6B6BB1FFF717FC02B010BD11486FF40021FEF788FD2378002BAD
:2099E000F3D002B010BD6FF400210B48FEF77EFD0A4B062103221B688DF80410ADF8062056
:209A000001A89847EAE700BF300100101C7C024094110020372800208C110020B41200202C
:209A200010B5174B1B68082B82B002D1154B00221A60154B154C9A7F0021032A217005D0BA
:209A40001B696BB1FFF7DAFB02B010BD10486FF40031FEF74BFD2378002BF3D002B010BDEB
:209A60006FF400310A48FEF741FD0A4B062101221B688DF80410ADF8062001A89847EAE7EE
:209A8000300100101C7C024094110020372800208C110020B412002010B5184B1B68082BE6
:209AA00082B002D1164B00221A60164B164C93F84E200021032A217005D01B6C6BB1FFF79B
:209AC0009DFB02B010BD11486FF48011FEF70EFD2378002BF3D002B010BD6FF480110B48D3
:209AE000FEF704FD0A4B042206211B688DF80410ADF806200DEB02009847E9E730010010FD
:209B00001C7C024094110020372800208C110020B412002010B5184B1B68082B82B002D1A1
:209B2000164B00221A60164B164C93F85E200021032A217005D01B6D6BB1FFF75FFB02B002
:209B400010BD11486FF40011FEF7D0FC2378002BF3D002B010BD6FF400110B48FEF7C6FC24
:209B60000A4B062105221B688DF80410ADF8062001A89847EAE700BF300100101C7C024028
:209B800094110020372800208C110020B412002010B5174B1B68082B82B002D1154B00227A
:209BA0001A60154B154C93F86E200021032A217005D01B6E6BB1FFF721FB02B010BD10480F
:209BC0006FF48001FEF792FC2378002BF3D002B010BD6FF480010A48FEF788FC094A0623EB
:209BE00012688DF80430ADF8063001A89047EBE7300100101C7C02409411002037280020A6
:209C00008C110020B41200201D490B78002B34D130B41C4C1C4A206001240C701046194600
:209C200040251C4607E011F0080F00F1100014BF4FF4007540250131C9B20929A0F89C500A
:209C400080F89E40C0F89040C0F89840EBD14020002107E013F0080F02F1100214BF4FF43D
:209C6000007040200133DBB2092B9081917311609160EFD1002030BC70470820704700BF87
:209C800038280020B4120020941100200249034A00230B6013707047B412002038280020D3
:209CA00038B5604B4FF40062C3F80024BFF36F8FBFF34F8F5C4B1B68082B62D00D2B11D19F
:209CC0000020FAF7C1F9594B1A68002A00F08780574B03221A600020FAF7BEF9524B1B6849
:209CE000082B52D04F4A0123C2F80035BFF36F8FBFF34F8FD2F800341B05FBD54FF400638F
:209D0000C2F80034BFF36F8FBFF34F8F464B1B68082B48D0434A474D474843498024C2F81C
:209D20001C45002340F2FF14C2F830352B6004600A68424D424C4349082A08BF424A4FF06D
:209D4000020008BF13600023374A2B70237008701368082B10D00D2B12D10020FAF774F956
:209D6000324B1A68002A42D0314B00221A60BDE838400020FAF770B9344B1B68002BECD14F
:209D800038BD324B1B68002B9AD10020FAF75CF9264B1A68002A3CD02D4BC0221A600020B5
:209DA000FAF75AF99EE70020FAF74EF91F4B1A6842B3274B00221A600020FAF74DF91A4BD7
:209DC0001B68082BA6D12349234B40F2E370402208601A60BFF36F8FBFF34F8F9AE7144995
:209DE00049F2753203201A6008601A6073E7104849F27531196002601960BDE838400020DE
:209E0000FAF72AB9124849F27531196002601960D2E70F4949F27532C0201A6008601A60B0
:209E2000BDE700BF007002403001001000EC064014ED06408C110020901100203728002056
:209E400039280020382800201C7C02403401001014EC06400078024004780240114B0022A6
:209E60001A7028B9104B1B68082B13D00F4900E00F49104B104AC3F80413C02182F82713D7
:209E8000802151600122C3F80425BFF36F8FBFF34F8F7047094B06491A68044B002A18BFFD
:209EA0001946E6E736280020300100100714C0010714E0010070024000E100E03401001027
:209EC000024B1878003818BF0120704738280020034B1878012894BF00200120704700BF2D
:209EE0003828002010B50020FAF7AEF8144B1B7803F0FF0453B1134AD2F82C355BB1124B89
:209F00001B680021082BC2F82C150AD00020FAF7A3F8204610BD1C460020FAF79DF8204648
:209F200010BD0A4B1A683AB9094949F27532C0201A6008601A60E9E7054BC0221A60E5E7D2
:209F400036280020007002403001001000EC064014EC0640024B034AC3F80823704700BF22
:209F60000070024004148001024B034AC3F80423704700BF0070024004148001014B0022EB
:209F80001A70704736280020064B10F0800FA3F1900200F00F0008BF134603EB00139889BB
:209FA000704700BF24120020064A010600F00F034CBFD2F81005D2F81405D84000F00100A6
:209FC000704700BF007002402DE9F0414FFA80F8B8F1000F00F00F0504464FF00000B4BF99
:209FE000074610270E46FAF72FF855B9324B1B78A34206D010240020FAF72EF82046BDE822
:20A00000F0812E4BDFF8DCC01C68DCF80030E4432F440122A4B202FA07F71C433C4025D17D
:20A02000B8F1000F29DB264A2649DFF8BC80280105EB450E42F8008001EB8E0E02EB0518BA
:20A0400096E80700204D1F43802600238EE80700C8E901E3CCF8007088F80E300020C5F802
:20A060000461F9F7F9FF2046BDE8F08111240020F9F7F2FF2046BDE8F08132681349144813
:20A0800002F0604205EB450EB2F1005F01EB051800EB8E0E4FEA051506D0B268D20754BF28
:20A0A0000C4A0D4A4A51CBE7B268D00754BF0B4A0B4A4A51C4E700BF3928002090110020B1
:20A0C00094110020F828002000E100E0241200208C280020A98F0000E18F0000D98E000081
:20A0E000018F00008C110020A18E00002DE9F04147B2002F00F00F0504464FF00000B4BF75
:20A1000080464FF010080E46F9F79EFF55B91F4B1B78A34206D010240020F9F79DFF204635
:20A12000BDE8F0811A4B1B491C680A68E443A8440123A4B203FA08F314431C401FD11648C4
:20A14000DFF858E0A0F1900C10EA270738BF674607EB051C2D01CCF80840306878511343F3
:20A160000B607268CCF8042080238CF80E400020CEF80431F9F770FF2046BDE8F081112412
:20A180000020F9F769FF2046BDE8F08139280020901100208C1100202412002000E100E0B5
:20A1A00000487047BC120020044B40F48070C3F81805BFF36F8FBFF34F8F704700700240BE
:20A1C000010718D4020600F00F0309D40B4A9B001A445068A0F10100B0FA80F040097047F2
:20A1E000074A03F5847352F82300A0F10100B0FA80F0400970470020704700BF407402407A
:20A2000000700240064BC3F80C05BFF34F8F40F48070C3F80C05BFF36F8FBFF34F8F7047F8
:20A22000007002400F4B002202604260D3F880240270D3F884244270D3F88824D3F88C1404
:20A2400042EA01224280D3F89024D3F8941442EA01228280D3F89824D3F89C3442EA032336
:20A26000C380704700700240104B1B68082B07D00F4B01221A60BFF36F8FBFF34F8F70475C
:20A280000C4B1B68002BF3D1EFF3108172B6084B01221A60BFF36F8FBFF34F8F1A60BFF3FE
:20A2A0006F8FBFF34F8F81F310887047300100104C7002403401001010B5164B1B68082BED
:20A2C00082B002D1144B00221A60144B14499A7B0020032A087015D01C681CB1FFF7C4FFF9
:20A2E00002B010BD6FF480310E48FEF7FFF80E4BADF8064006221B688DF8042001A8984769
:20A3000002B010BD6FF480310648FEF7EFF802B010BD00BF300100101C7C02409411002062
:20A32000372800208C110020B4120020034B01221A60BFF36F8FBFF34F8F70475070024017
:20A34000034B01221A60BFF36F8FBFF34F8F704754700240014B1878704700BF3928002042
:20A3600070B5264B1B68082B044622D00020F9F76BFE14F0800F224814BF0022102204F0C4
:20A380000F050368A91801228A4023EA020314F00804036008D11B4B05F5947543F8254029
:20A3A000BFF36F8FBFF34F8FBDE870400020F9F753BE154B1D68002DD8D12846F9F744FE8C
:20A3C00014F0800F0E48114E114904F00F0414BF002210222244012303FA02F2036823EABA
:20A3E0000203036040F2C57303EB440434600D6028460B68BDE87040F9F72EBE3001001001
:20A4000090110020007002403401001000780240047802402DE9F04F5C4C5D4EDFF87C8190
:20A42000236896F90010D8F800205A4896F80090D0F88054DB439BB2002983B043EA0203AD
:20A4400024DB09F00F0A0AF11002012797403B4248D1514F0DF1040805F080056FF00111B4
:20A460004E483570FEF742F8236839680022052543F0010340468DF80720ADF805208DF842
:20A4800004502360884703B0BDE8F08F09F00F074FF0010A0AFA07FA13EA0A0FD9D0002002
:20A4A000F9F7D2FD19F0080F10D1B9F1800F5ED03B493C4A07F2DA335B000B6013681168AB
:20A4C000DBB243F002030B43136013682368D8F8002062EA030111EA0A0F24D12E4F0DF12C
:20A4E00004081CE00020F9F7AFFDD8F800302E4937EA030001EB0A1B4FEA0A1A33D1226801
:20A5000041F80A0023EA070322EA0707C8F8003027600323204F8BF80E300DF104080020D0
:20A52000F9F79AFD98E721498DF806904FEA071C01EB071022EA0A02174FC8F800204FF094
:20A54000000E41F80CE0032206210DF1040843EA0A0382738DF807208DF804103A682360D9
:20A5600040469047DBE74846FFF7FAFED1E70C4B0C4A40F2B471196013681168DBB243F057
:20A5800004030B4313601368A0E700BF901100203928002000700240B41200208C1100209B
:20A5A000007802400478024094110020241200202DE9F0417C4BD3F80453002D00F0E0805B
:20A5C0000024DFF804E2A44629460127774A91FAA1F3B3FA83F08600324483B3166807FA68
:20A5E00000F321EA030136B1C2F800C0BFF36F8FBFF34F8F1C430029E8D16D4B1B68082B09
:20A6000029D06C4F04F4000534F4000410D0DFF8BC81012694FAA4F3B3FA83F206FA02F108
:20A620009BB124EA010458F822309847002CF1D13B780BB9FEF7E2FD4DB9BDE8F081DEF80F
:20A640000020002AC2D07246CEE79847E2E7BDE8F041FFF7DFBE584B564F1B68002BD1D108
:20A660003B78002B7ED1A00240F18380534A544BDFF848E1DFF848C140F2A971116019687D
:20A680004E4A11F0FF0118BF1B6840F2AA7018BF19404B4B10601A68494812F0FF021CBF54
:20A6A0001B681A40454B40F2AB761E60036813F0FF031CBF0068034040F2AC70CEF8000052
:20A6C000DCF8000001403F480AD0066840F2A9780E430660CEF80080CCF80010DCF800108E
:20A6E000DFF8D8C0364E40F2AD71CCF8001031680A4009D0016840F2AA7E41EA02410160F5
:20A70000CCF800E0326032682C492D4A40F2AE760E60126813400ED0D90748BF44F40004EB
:20A720002649DA06264A40F2AB760E601360136848BF44F00104036833F001121CBF05F0FA
:20A7400080710C4313F0011F3FF45CAF6B0544BF026044F4806455E7174B1C68ECB9154F3C
:20A760003B7833B104F4000534F400047FF44FAF62E704F4000534F400047FF448AF59E78C
:20A780000B4B1B68082BE7D00A4B1B78002B7FF454AFBDE8F041FEF731BD064B1B78002BA5
:20A7A0003FF448AF49E700BF0070024000710240300100103728002034010010007802405C
:20A7C00004780240B812002080710240F82F010070B5044640B2002833DB254B254A04F00C
:20A7E0000F05595D012303FA01F1C2F80413D2F81415E940C90723D4D2F81415AB400B439C
:20A80000C2F81435BFF36F8FBFF34F8FC5B1002816DB14F0080613D13046F9F715FC204693
:20A82000FFF79EFD144910350B68012202FA05F523EA05030B603046BDE87040F9F70CBC56
:20A8400070BD0E4B0B4A04F00F05595D012303FA01F1C2F80413D2F81015E940CE07EFD4CB
:20A86000D2F81015AB400B43C2F81035CAE700BFD82F0100007002408C110020B82F0100E2
:20A88000020610B5044609D4030707D4094A00F00F039B001A445368012B07D0064BC3F8C7
:20A8A0001845BFF36F8FBFF34F8F10BDFFF758FDF4E700BF40740240007002402DE9F04F4C
:20A8C0005C4D5D4E2B6832684FEA134A4FEA0A4A5AEA020A83B01BD0584FDFF870819AFA63
:20A8E000AAF4002C00F08180B4FA84FBBBF10F0F30DDABF11003DCB213F0080F4FF00103FF
:20A9000003FA0BFB2AEA0B0A08D0BAF1000FE6D140F2FF132B6003B0BDE8F08F07EB04190D
:20A920000020F9F791FB33683BEA03006CD12A68C9F8000023EA0B0322EA0B0233602A60D7
:20A94000032389F80E300020F9F786FBBAF1000FC5D1DDE71BF008004CD14BF08009F9F789
:20A9600073FBB9F1800F0BF00F0351D0344803F2DA3149000160D8F80010D8F80000C9B2B1
:20A9800041F002010143C8F80010D8F80010D5F800C03068012460EA0C0E04FA03F11EEAE7
:20A9A000010F1DD0274A8DF8069020EA01004FEA031E306002EB0313224800224CEA010152
:20A9C0004FF0030C40F80E2083F80EC01E4B8DF807C006221B688DF8042001A82960984760
:20A9E00004FA0BFB2AEA0B0AADE7B9464FF4803B102495E7012303FA0BFB2AEA0B0ABAF1EE
:20AA0000000F7FF46CAF83E72046FFF7A9FC97E70B4940F2B4700860D8F80010D8F80000EE
:20AA2000C9B241F004010143C8F80010D8F80010ADE700BF901100208C11002094110020DB
:20AA40000078024024120020B41200200478024008B5FFF733FF0A4B0022C3F80425BFF350
:20AA60006F8FBFF34F8F074A8021C2F88410BFF34F8FBFF36F8F4FF0FF32C3F8082308BDAD
:20AA80000070024000E100E0044B8022C3F884215B681B0600D47047FFF7DABF00E100E033
:20AAA00008B5114B8022C3F884215B681B0618D40E4B0022D3F80413C3F80813C3F8002598
:20AAC000BFF36F8FBFF34F8F094B0A491B68082B04BF094B1A60094B0020012208701A70AF
:20AAE00008BDFFF7B5FFE3E700E100E00070024030010010372800201C7C02403828002090
:20AB000010B50020F9F7A0FA104B1B782BB900240020F9F7A1FA204610BD03F0FF04FFF706
:20AB2000CDFE0B4AD2F8003413F40073EFD10121C2F82C15D2F80014890544BF1C46C2F815
:20AB40002C350020F9F788FA204610BD3628002000700240F0B5044683B00020F9F774FAFF
:20AB600022061ED4364E3748326804F00F0101F110050123AB400F0100EB011533EA0201D3
:20AB80004CD1314CC151216822EA030221EA0303326023600323AB730020F9F75DFA03B0EB
:20ABA000F0BD230704F00F020FD4802C3AD02748274902F2DA335B0003600B680868DBB212
:20ABC00043F0020303430B600B681F4D1C4E29683068012360EA010793401F42DCD01D4F58
:20ABE0008DF806404FEA021C20EA030007EB02123060194C002047F80C000B430620032128
:20AC000091738DF8071022688DF8040001A82B6090470020F9F720FA03B0F0BD2046FFF790
:20AC20009FFBB7E7094B0A4940F2B47018600B680868DBB243F0040303430B600B68C4E7EE
:20AC40008C1100209411002090110020007802400478024024120020B41200202DE9F041B6
:20AC600046B282B004460020F9F7EEF9002E3CDB4C484D49026804F00F0707F11005012355
:20AC8000AB4033EA020C3D464FEA071E01EB071876D1464C41F80EC0216822EA030221EA2D
:20ACA000030302602360032388F80E300020F9F7D3F93F490122D1F81435BA4023EA020320
:20ACC000C1F81435BFF36F8FBFF34F8F394B3A4A374912EA260238BF1A460123525D934089
:20ACE000C1F8083302B0BDE8F08104F00F0C230765460FD4802C47D03049314A0CF2DA330F
:20AD00005B000B6013681168DBB243F002030B4313601368DFF894E02248DEF80020016864
:20AD2000012361EA020703FA0CF31F4226D0254F8DF806404FEA0C1821EA0301224C0160CE
:20AD400007EB0C1C002147F80810062003211A438CF80E108DF807108DF804002168CEF8A4
:20AD6000002001A8DC4388470020F9F775F9104AD2F810352340C2F81035A3E7DC43F3E750
:20AD80002046FFF7EDFA8EE70C4B0D4A40F2B471196013681168DBB243F004030B43136001
:20ADA0001368B7E78C110020941100209011002000700240D82F0100B82F010000780240DB
:20ADC0000478024024120020B412002010B5074C236882B03BB1064B1B689847002323605F
:20ADE00023680193019B02B010BD00BF00010140FC12002070B5114B114A1D781160DDB972
:20AE0000104E027801211970C6F80C25416804464FF47A720023C803490C07F0F1FBC6F8BA
:20AE20000405237A084A5B01DBB282F810334FF480331360284670BD082070BD3B28002098
:20AE4000FC1200200000014000E100E0044B054901220220C3F804231A600870704700BF96
:20AE6000000001403B28002010B504460020F9F7EBF80E4A1378072B11D80D492370581CB1
:20AE80001070D1F80805012202FA03F30343C1F8083500240020F9F7DFF8204610BD0424A5
:20AEA0000020F9F7D9F8204610BD00BF3A28002000000140034B044A00F5C07043F82020C0
:20AEC000704700BF000001403546526E2DE9F0410E4A0F4B16781F88F419802C03DD002495
:20AEE0002046BDE8F081DFF8308032464146054607F010FD074B1B7833443A46A81958FA12
:20AF000083F107F007FD2046BDE8F0813C280020182800201A2800200013002070B4134B4B
:20AF2000134D144A2C781B781288234452FA83F39BB21A18802A15DC013B1BB2002B0CDB24
:20AF40000D4A591C1E1811443244013B11F8016D02F801691BB25E1CF7D1204428700120E1
:20AF600070BC7047002070BC704700BF1A2800203C2800201828002000130020084A1388C6
:20AF800083420BDB10B407490C8880B21B1A20440880138001205DF8044B70470020704725
:20AFA000182800201A280020014B1880704700BF18280020044A054B12781B7804481344B7
:20AFC00050FA83F0704700BF1A2800203C280020001300200048704700130020014B188807
:20AFE000704700BF182800200549064A064B127808781B88104453FA80F080B2704700BF26
:20B000003C2800201A2800201828002010B50A4B0A4C0B49002220461A605A609A60DA6036
:20B020001A615A61FCF700F904F108000449BDE81040FCF7F9B800BF7429002064290020E2
:20B04000F82E010004480549054A002303800B801370FFF7DBBF00BF1A280020182800201B
:20B060003C28002070B5802982B00B4A0B4D0C4E01900C464FF0000328BF8024137033805F
:20B080002B80FFF7C3FF01990648224607F042FC20462C8002B070BD3C28002018280020F3
:20B0A0001A28002000130020F0B40C4B0C4A1C685D689F68DE68C6600460456087601C6979
:20B0C0005D694561046154689068D36812680A604C608860F0BCCB60704700BF742900202E
:20B0E0006429002070B40C4B026844688568C668DE601A605C609D60026944695C611A6136
:20B10000064B0C6848688A68C968D9601C6058609A6070BC704700BF742900206429002024
:20B12000014B23F81010704774290020014B33F81000704774290020024B0C3803EBC000DA
:20B14000FCF772B864290020024B0C3803EBC000704700BF6429002001490248FCF76AB81A
:20B16000F82E01006C29002008B5FBF74DFEBDE80840FBF71FBF00BF08B5F9F76DF805F076
:20B18000F1F902F0F9FD07F041F902F0F5FD07F0A7F84FF08052064BD2F8A800D2F8A420D0
:20B1A0005A604CF6F4613622D87019809A7008BD802800200148002100F0C4B84C0200202A
:20B1C00010B5FBF729FE0446BFF35F8F00F036F900B930BFBFF35F8F2046BDE81040FBF7F3
:20B1E0001FBE00BF0AB90020704708B508461146FBF748F9002008BD0FB400B583B004AA46
:20B20000054852F8041B019204F01EFA03B05DF804EB04B0704700BFC4010020F8B5254DB4
:20B220002A688242044642D0002A33D0134601E0002B2FD01B689C42FAD15BB31E4EA37B07
:20B24000376853B1A36843B18C4206D000223460832104F10C0098472A68A2421BD02AB132
:20B260001368A3421DD01A46002AF9D1A37B83B12D680023A37365B1AB7B13F0010F284650
:20B2800022464FF0870101D000F018F82D68002DF2D13760F8BD23682B60A37B002BE7D1C6
:20B2A000F7E723681360A37B002BE1D1F1E71346C3E700BF8C290020902900208368BBB118
:20B2C00070B504460B4E0220A073346004F10C000D4698470238012804D9832D02D00123C4
:20B2E000A37370BD21462046BDE87040FFF796BF704700BF9029002038B50B4A0B4B14683B
:20B3000000221A707CB1012501E024685CB1E37B002BFAD0E581204600228221FFF7CEFF0D
:20B320002468002CF3D138BD8C29002040280020034B1878FF281ABF421C1A708020704722
:20B340003E28002070B50E4D2C68844207D00A4634B1234600E01BB11B689842FBD170BD16
:20B360000028FCD0074E04600121002334688173838181212860FFF7A1FF346070BD00BF07
:20B380008C29002090290020014B8B221A7070473E2800202DE9F041234D2B78FBB9234EC0
:20B3A0003378BBB12248234C027802EB420704EB8701013202F01F02013B0270486854F886
:20B3C00027800F7ADBB2337060B1812F1FD0827BD2071ED428781844C0B2BDE8F081FFF71B
:20B3E0008BFFDCE7144A14685CB9F3E7A37B13F0010F20464246394601D0FFF75FFF2468E8
:20B400005CB12B78002BF1D0FFF776FFEEE70123837342463946FFF751FF33782878184442
:20B42000C0B2BDE8F08100BF402800203F2800203D280020801300208C290020034A044B0D
:20B4400010781B781844C0B2704700BF402800203F28002070B40D4D2C78202C12D00C4BD7
:20B460000C4E1B78234403F01F0303EB430301342C7006EB830446F82320606021720020F2
:20B4800070BC7047012070BC704700BF3F2800203D2800208013002038B5837B034CDB072B
:20B4A000256801D5FFF70AFF256038BD9029002018B1837B013B012B00D97047024A0123A8
:20B4C0001370C373704700BF40280020FAF7CCBF10B5044607F04EFA01462046FAF7D2FF7C
:20B4E000BDE810400A20FAF7BFBF00BF08B50448FCF702F8BDE808400248FBF7FDBF00BF65
:20B50000D8010020CC0100200148FCF74DB800BFCC01002038B50E48FCF700F8044678B1B7
:20B520000C48FBF7FBFF0546206058B1FFF7CEFC05F19A01A5F8800005F18200FFF7B4FD6A
:20B54000204638BD214602482C46FCF703F8F7E7CC010020D8010020006800F19A01823015
:20B56000FFF7A2BD10B5014604460748FCF70EF800B910BD21680548FBF7ECFF21460248EE
:20B58000BDE81040FBF7E6BFCC010020D801002010B5014604460948FBF7F8FF00B910BD23
:20B5A0002468B4F880102046FFF75CFD04F19A0104F18200BDE81040FFF794BDCC010020DE
:20B5C000054B064A18685968126882B06B4603C3DDE9000102B0104780280020703101002D
:20B5E00010B4817942790479521A224208D003464A1C00682240405C9A715DF8044B704732
:20B600004FF0FF30F9E700BF38B505460C4605F077F98DB10F4B2868696803C3ACB12146AB
:20B620000D4B51F8080F496803C3BDE8384009480122002105F02CBA0346064D59689A68EF
:20B640000068DB680FC5002CE9D10449014805F061FBEAE7801A0020881A0020842C002081
:20B6600010B5044C237803B110BDFFF7CDFF0123237010BD4128002010B51D4C217882B0D1
:20B6800031B31C4B002403F1540193F820201AB193F82120012A15D01C338B42F5D1204638
:20B6A00005F088F904B9F8B102F0B0F94023024621460020009300F081FB00F029FA0020AF
:20B6C00002B010BD1A7CFE2A08D003F11004E3E70846FFF799FF01232370D2E75A7C802AB7
:20B6E000DAD003F11004D7E74FF0FF30E8E700BF412800200C2B0020054B187B30B1B3F88F
:20B700004E00DB8AC01AB0FA80F04009704700BF942900202DE9F0471A4CDFF86C809DF8DB
:20B720002490164607460D4620464FF4B07200219A4607F017F9B8F82030B34205D108991A
:20B740004A46504602F0B2F910B90020BDE8F08701264FF0FF33F0214FF2F0026773E17317
:20B760002673E364A4F85030A4F85820C4F8088028686968AA68EB681C340FC43046BDE871
:20B78000F08700BF9429002014020020437D012B01D900207047F0B590F8512090F850301D
:20B7A00083B0CDE900320446028A00F13C032146007EFFF7AFFF48B3164B226A607D617F3A
:20B7C000E58B5A610022666D1976618B5D83257F83F85C20A77D83F854709873207D83F8CD
:20B7E0005300E07D1982996883F855201E609D7483F852000B689847074801F079FE01F0B7
:20B80000B3FF01F0EBFF012003B0F0BD002003B0F0BD00BF942900205C30010008B5FFF7BE
:20B820006BFF084B08B983F85C009B681B68984701F076FC044801F05BFEBDE8084002F076
:20B8400027B800BF94290020643001000A4B93F9521093F85220002902F10102B4BFD2B282
:20B8600002F07F02197B83F85220F022DA7301B97047FFF7D3BF00BF942900202DE9F04199
:20B880004C4D05F16400B5F84E40FAF7BDFD95F85C30032B5BD0FFF72FFF804620B1AB688F
:20B8A000BDE8F041DB6918476F6C434E01F060FC01F012FC686C01F08DFB03463068A5F88C
:20B8C0004E30FBF74DFF0446002836D1002F55D0B5F84E30B5F84C209A4201D9A5F84C30CC
:20B8E000B5F850304FF6FF7293420AD0B5F84E10914206D0CB1A002BB8BF5B42B3F5007FB7
:20B900003FDC95F85B30002BC9D06B6C002B3ED0002F46D001F022FE002385F85B30AB688C
:20B92000BDE8F041DB69184723681BB321463068FBF7E2FE04460028C8D0204601F04AFBBE
:20B94000B5F84E308342EFD8C4F80080EEE7002001F0C2FB4FF6FF739C42A5F84E309ED033
:20B96000164801F0C5FD01F039FFAB68BDE8F041DB691847F8F71CFD2060D7E7B5F84E3090
:20B98000ACE70F48A5F8501001F0B2FDB9E70B4885F85C3001F0ACFD01F03CFD01F01EFF52
:20B9A000BAE70123074885F85C3001F0A1FD01F001FFAFE794290020380200207430010078
:20B9C000843001009C30010030B4084D2B7B53B1044630B11C350FCD20606160A260E36024
:20B9E000012030BC7047184630BC70479429002010B5FFF781FE134C78B994F9582094F84A
:20BA00005830002A03F10103B4BFDBB203F07F03002084F8583001F02DF9FBF7D3FB01F01B
:20BA20007FFB05F023FE01F011FF94F841305B0602D40023237310BD034802F021F8002342
:20BA4000237310BD94290020C0290020024B032283F85C2001F01CBF9429002008B50F4B74
:20BA60001A7B8AB19A6C511C0ED082420DD9101AB0F5967F986407D2586C28B101F0B6FA04
:20BA8000BDE8084000F092BF08BD00210322996483F85C20BDE8084001F0FABE9429002006
:20BAA00010B5084C237B5BB194F840200146D20804F11C0006F020FFB0FA80F0400910BD60
:20BAC000184610BD9429002008B5FFF715FE18B1BDE80840FFF7BABE08BD00BF024B1B7B0D
:20BAE00003B97047FFF79ABE94290020074B9A7B187B1AB9003818BF0120704728B193F890
:20BB00005C00012894BF00200120704794290020024B1B7B03B97047FFF7B0BE94290020E1
:20BB20002DE9F041614D2A7B06460C462AB16A7B237E9A4209D0BDE8F081FFF7DDFD98B188
:20BB40002B7B002BF3D1BDE8F08159481022214606F0D2FE0028EED1628AEB8A9A4209D23B
:20BB6000BDE8F041FFF78ABE2046FFF70FFE0028E6D1E0E7E17D95F8520001F029FF628A60
:20BB8000002840D14FF6FF739A4204D095F85730013385F8573095F85210E07D01F018FF65
:20BBA00048B1B5F84E20EB8A9A4257D0FFF7A4FD074600286BD022460121304600F0DAFEEA
:20BBC000E8B1304601F0C6FA0746002843D090F80680304601F0BEFA002849D0638A8380BF
:20BBE000637E8371AB6CABB96B8BAA7BC3EB03135B01AB641AB117B16B6C9F4217D02B7BD3
:20BC0000002B98D0ACE7EB8A9A42F8D1294801F06FFCF4E7002FF2D06B6C9F42EFD16B8BDD
:20BC2000AA7BC3EB03135B01AB64002AE7D0607E414601F0CDFE0028E1D095F90F20EB7BB2
:20BC4000002A03F10103B4BFDBB203F07F03EB7301F084FCD3E74FF0F008BAE7E37D85F80F
:20BC60005230FFF749FD0028A5D0FFF7EFFDA2E7304604F067FD0028C1D00F4B01460122B3
:20BC800018682346FBF7FAFD0028A7D1B7E701F0DDFD384601F020FA2046FFF777FD2B7BCA
:20BCA000002B88D0FFF7BAFD85E700BF94290020B0290020A83001003802002011B108480E
:20BCC00001F016BC10B50A460321044600F052FE20B12046BDE8104000F084BE10BD00BFF4
:20BCE000C430010038B591F823300C460546BBB1FF2B1BBF0D4A508B4FF0FF3343430A4600
:20BD00000020294605F016FC18B194F92530002B00DB38BD218C2846BDE8384001F040BCC2
:20BD20000A461846294605F0EBFBEEE79429002070B5154D0E4695F85910044601F048FE07
:20BD400008B185F8594095F85830A34200D070BD95F85C30012B76B207D001F045FC002E79
:20BD6000F5DA032385F85C3070BD002E02DA01F03BFCF6E70223054885F85C3001F0B8FB6A
:20BD8000BDE8704001F030BC94290020D430010070B50E461C4605463AB924B11DB1064B82
:20BDA000AE801B7B23B9012070BD01F0BBFBF4E7FFF764FD012070BD942900202DE9F04744
:20BDC000284C82B094F80CC09DF828A00546174699460E46BCF1000F0AD0102204F11C0054
:20BDE00006F08AFD80B34FF0F008FFF701FE01E04FF0F0083B463146CDE9009A2846012276
:20BE0000FFF788FC184F194884F852800023012140F608421E263C25A173228280214FF090
:20BE2000FF32A37484F85330A4F854300223676126766583A4F84E10A26484F85C3002B070
:20BE4000BDE8F04701F054BB94F9523094F85280002B08F10108B4BF5FFA88F808F07F08A1
:20BE6000C3E700BF9429002000048000E030010002484FF4B072002106F074BD9429002013
:20BE8000144A907918B992F82A10632901D00120704792F82910C1B992F82B30042B15D13A
:20BEA0000D4B187B88B110B45C7B92F82D00A0420ED1B3F84E1082F82D000B0A43EA012335
:20BEC000D38501205DF8044B70477047084670470846F7E78C2C00209429002070B5174A6B
:20BEE0000546118816482B2206F00CF904461548FFF7D6FD08B9002070BD1349002005F0C9
:20BF0000BFFA10490646002005F0BAFA14B1A278032A06D00028EED0002EECD04369B342A7
:20BF2000E9D1084C0FCC002148F2FE002880AA60EB606980A980E980012070BD7C2C002031
:20BF40008C2C0020A42C0020B02900202DE9F04F794B7A4F19888FB038462B2206F0D2F8D3
:20BF600018B18378032B044603D000200FB0BDE8F08FC0780490002800F0CF806378217907
:20BF800062790133DB00DBB201F00F05A3EB12130E09083B0595C5F11005C6F110015B1B75
:20BFA00093FBF1F30133DBB29842069601918C4607934FEA1216D8D8614B0FCB0DF1280914
:20BFC00089E80F006278E3780132D200D2B2961B083E761B96FBFCF60136F0B2C51AEDB2C1
:20BFE000A842029040F2A480069E0994B446059EE01B012B08BFB446011BB646019E62464A
:20C0000001F110039B1A06FB05414FF0000A01F108080393CCF1100200F110035646544635
:20C020000893C24609EB0C0B9046039B03EB0A00B0F5A06F99D842465146584606F06AFCA8
:20C04000484604F0B7FC00286BD0731CDEB214B9012E8AD801249DF82800FF2885D0BDF8B8
:20C060002800BDF82AC040EA0C0080B2E8B9BDF82EE0BDF82C00BDF830C040EA0E00BDF8BA
:20C0800032E040EA0C00BDF834C040EA0E0040EA0C00BDF836C080B250EA0C033FF465AFD4
:20C0A00018B9BCF5807F3FF460AF019B01359A44029BEDB2AB42B8D8099C049A079B0199D5
:20C0C0009B1ADBB201FB03F8DDE90510089B08F10808012A18BF014643445B1AB3F5A06FA4
:20C0E00005913FF642AF164B059E0FCBA04489E80F00C6F1100506F1180041462A463844F4
:20C1000006F008FC2A46404609EB060106F002FCE378013BE370012028E701200FB0BDE8A1
:20C12000F08F484604F006FD00288ED1044692E7E31B10330893C0E77C2C00208C2C00208E
:20C14000A42C0020002919DBCB0717D44378ABB92DE9F041425A40F263439A4200EB01046F
:20C1600009D11A4D2B7B33B16A7BE3789A4202D1A3789A0604D50020BDE8F0810020704764
:20C18000A2881349170A0C20DE09D1F8008047EA0227FEF7D9FF01464046FBF70FFBB5F8FF
:20C1A0004E10A578BFB2B94294BF002101218E42C5F380131CBF45F04005A57086EA01020A
:20C1C0003946BDE8F041FFF7E3BD00BF94290020380200202DE9F0432B4E2C4F318883B055
:20C1E00038460DF10702012305F032FF002842D09DF80730062B3ED0044607F10609B846DC
:20C2000014E013B9A378632B16D03188E31BC91A204689B200230DF1070205F019FF044613
:20C2200048B39DF80730062B814624D0112B22D03A2B20D02B2BE4D1237889F80030657894
:20C240000135ED00684205F0CFFEC0B13188283989B2404605F0F2FE3288E31B9A420EDD9F
:20C26000D21A6119204606F063FB99F800308DF80730062BDAD1012003B0BDE8F083002039
:20C2800003B0BDE8F08300BF7C2C00208C2C00202DE9F04FA34E337B89B063B3A24C228B96
:20C2A00048F2FE039A4226D0237EFF2B23D0FFF723FA054688B904F1080004F07BFB28B1D4
:20C2C0009A4BE27993F806319A4219D0FFF7D8FD0546284609B0BDE8F08F04F11809FFF72A
:20C2E00079FF4846FFF7DCFB28B14946002005F0C7F8804688BB0125284609B0BDE8F08FB5
:20C300008B4F3A88B2F59F6FF6D8283A04F1280104F1300006F00CFBB6F84E20A179767B35
:20C3200084F82950130A43EA022340F26342E385628584F82C5084F82810A571082084F80D
:20C340002D6005F051FE3988283989B2204605F075FEFFF795FD0546CEE706F11C01002025
:20C3600005F08EF80190002848D04946002005F0A1F8002842D0D8F81410002900F0C480A9
:20C38000019B8B4200F0C7806A4BCDF80C809B6902934FF0000B0F270DF1100A8846029B5B
:20C3A000414650469847DFF898C139466046D6465246002312F8015B10F8016FAE4202D1B4
:20C3C0000133102BF6D19F420CDAD8F814800BF10103DBB2B8F1000F15D0019A424512D0CE
:20C3E0009B46DCE700271EF8013B1CF8012F9A4206D10137102FF6D13946E6E700257BE718
:20C400003946FFB2E1E7C1F11006C7F1180A16FB0BAA5FFA8AFB1AF0070A1FBFCAF1080A18
:20C420005FFA8AFAD3445FFA8BFBDDF80C801D465B463F4A02931288D118B1F5A06FDDDCB5
:20C440003D490888283021185844283A2044039106F06EFA03995A460846002106F082FAC4
:20C46000A279029B84F828202B22A271B3F1080248BF03F1FF32D210304B2E4984F829206D
:20C48000ABEB0A024FEA0A1A84F82B5084F82DA0D5180DF1100A8B69029307EB07120320A1
:20C4A000574484F82A0084F82C204446DDF80480CDF804B0D346BA461F4662699045214692
:20C4C0005846A5EB060508D0B84732465146284606F020FA6469002CEFD1DA46029BDDF874
:20C4E00004B02146504698479AE80F0089E80F00584605F079FD0E4B0B481988283989B2A9
:20C5000005F09CFD0125F7E608230D468A469B460F2701268DE7082300259B46AA460F2733
:20C52000012686E7942900208C2C00200C2B00207C2C00200431010022280020B42C0020F3
:20C54000A32C002008B50C4A137B43B10B4B0C491B88527B2C3358185B5C9A4203D0BDE862
:20C56000084005F027BDC1788078FFF7E1FBBDE8084005F01FBD00BF9429002022280020D3
:20C580008C2C00202DE9F0418EB02622002104A806F0E8F9434B444C1F88444B217B07F16A
:20C5A0002C02D618D25C8DF8322011B1617B914204D005F0FFFC0EB0BDE8F0813C4A083390
:20C5C00015880FCB2C3DED1BADB20027E846032D88E80F00CDE90477CDE90677E9D97378FF
:20C5E000217EF2788DF835305B068DF83310ADF8302046D40424AC424FDA002720E0621C2C
:20C60000AA42D6DA3219507802300444AC42D0DC052B21D10328CCDD7318DA788DF83420AB
:20C620000732D210131D8342C3D10431314408A8CDE90877CDE90A7706F06CF9AC422CDA41
:20C64000335D2146002BDAD10134A542F6DA05F0B1FC0EB0BDE8F081062BEFD10528A8DD08
:20C66000731813285B798DF83330E7DD0631731870589A685968DB680DF1100CACE80F0027
:20C68000DCE7132D95D904F11C001022311D06F033F900288DD11424ADE704A94046FFF7FB
:20C6A00021FB86E722280020942900208C2C00207C2C00202DE9F0439DB05C22002105A828
:20C6C00006F050F99B4B9C4F9C4A1D889C4B0C9307F1080314880FCB2C3C641BA4B201AED4
:20C6E00086E80F004FF0010C964BADF824C040F60842172CADF82E200D9304D805F05AFC8A
:20C700001DB0BDE8F08305F12C03DD19AE4695F8038095F802905EF8080F95F804C0DB5D00
:20C72000DEF80410DEF808208DF82C3048EA0927DEF80C30ADF826702CF07F0ECCF3C20750
:20C740008DF828E08DF8297095F8018095F805E08DF82B800CF0070C05AF182C8DF82AC008
:20C760008DF82DE00FC700F0E08018216B5C002BC4D04A1CA242C1DA6A1850780230471882
:20C78000A742BBDC023B062BB8D80FF2080C5CF823F000BFBBC8000061C8000005C8000067
:20C7A000FDC60000FDC60000FDC60000B1C700002028A3D193788DF86430802B9ED892F82D
:20C7C00009C0D37892F80880D07A8DF8653010316B184FEA0C4C92F80AE09A684CEA086C5A
:20C7E0004CEA000C68585968DB684CEA0E2C0DF1500ECDF860C0AEE80F00A74280F295806D
:20C800003946B3E710287FF479AF294492F807C08B7A91F8069091F8088091F80EE0D17A77
:20C82000507A41EA0321D37BADF824104CEA092C40EA08205179ADF834C0ADF8360092F833
:20C8400003C01079527B8DF82EC043EA0E23ADF832308DF82F008DF830108DF83120CCE7E5
:20C8600007287FF74BAF05EB010C53799CF804E092F802C092F807808DF84CC01B0443EA9E
:20C880000E6392F806E0D2788DF84D200CF1070243EA0803D21043EA0E2302F1070E86452A
:20C8A0001293BFF62BAFBCF1800F3FF627AF083129440EA806F02EF89FE705287FF71EAF8F
:20C8C000137992F803E092F802C08DF868C0D90941EA4E018DF86910C3F3011E51798DF8E8
:20C8E0006AE003F00F038DF86B308DF86C10BCF1000F82D0BCF1070F0DD0BCF1020F7FF4E9
:20C90000FDAE07287FF7FAAE9179D3798DF86E108DF86F3071E707287FF7F0AE9179D379B1
:20C9200043EA0123ADF86E3067E705A93046FFF7F7F8E3E6222800208C2C00207C2C002039
:20C94000001E3C000004800008B5084B1B7B4BB10748017EA1F1FF01B1FA81F10830490950
:20C96000FFF7ACF9BDE8084005F024BB942900208C2C0020F0B583B00E461746054603F0DF
:20C98000BBFE044610B1204603B0F0BD0C20FEF7DBFB22460146CDE900672846012303F0C5
:20C9A00049FE0446204603B0F0BD00BF70B50446FFF7AEF8084B094D198809482C314B19FA
:20C9C00000225A70944218BF20464A550223BDE870409B2104F090BB222800208C2C002002
:20C9E000F42A00202DE9F04F8BB00646FFF790F800F082FF10B1002E00F02C81974B984ADE
:20CA00001B88984D2C339C18697B995495F85230637000F071FF002867D0FF23194695F8FB
:20CA20005320914F95F854C0A170002AE3700FCF95F80E80A0600CF0070C14BF6FF07F0EAD
:20CA40004FF0000E4CEAC8074EEA070700202771EF7BE160226163616771A071E07100F06A
:20CA60004BFF002846D12B78002B43D06978A878A376CA0142EA0012E87849080243E176DC
:20CA800002200621072B22772076617600F0DB80022B40F0DF80A879EA7963772021A07758
:20CAA000E27727234FF0290809932823CDE907384FF02B092A23CDE905394FF02F0A2E230A
:20CAC000CDE9033A2D222C23CDE9013222238B464FF0260C4FF030084FF0250E4FF0240900
:20CAE0004FF0230A0093212726E0B5F84E30190ADBB294E71F23099321222023CDE9073240
:20CB0000232022232727CDE905302623CDE903374FF0250E2423CDE9013E18211A238B4626
:20CB20004FF01E0C4FF028084FF01D0E4FF01C094FF01B0A00931927042060540098AA8A74
:20CB4000EB8A0E21E1554FF000072754297C099F04F80A10687CA97C04F809004FEA122A54
:20CB600004F80E1004F80CA0E255079AA968059F95F840C0180AA054089A287EA3540A8CEE
:20CB80006B8B4FEA122E04F807E0069FE255019A4FF00007A754029AA054039A190AA15446
:20CBA000049AA354BCF1000F0FD100F0A5FE18B92E4B002E08BF1E464346304601229B2130
:20CBC0000BB0BDE8F04F04F097BAD5F83CE095F841A0DFF89C90082504F8085004EB0B0597
:20CBE000B9E80F0085F812C04FF01E0C85F811C04FEA1E6C85F814C085F818C0CEF3074C02
:20CC000085F815C085F819C00BF12009CEF3072C5FFA8EFE85F816C085F81AC085F813A094
:20CC200085F817E085F81BE00BF11C0C04EB0905002744F80C700BF1300844F809006960C6
:20CC4000AA60EB60B1E7EB8860771A0A2021E377A27726E70BB0BDE8F08F00BF22280020B0
:20CC60008C2C002094290020B0290020F42A0020C02900202DE9F041074600F0C7FE304CFA
:20CC80008046606C00F0B2F90646FEF741FF237B002B52D0636C002B4FD0B8F1000F4CD00E
:20CCA000002E4AD0A37B002B47D0264B264A1B88617B94F858C02C339D18002F99540CBFCD
:20CCC000002380236B7005200023122180221C342871697185F803C0EA71AB70AB7103CC32
:20CCE000D8F800C0D8F80420D8F808E0D8F80C80C5F808C0EA604FF0060C14226A76C5F8A9
:20CD00001E00C5F82210C5F81480C5F810E0AB76EB762B776F7785F818C056F8083FA4F17F
:20CD200008007468C5F826300222C5F82A402E23BDE8F0419B2104F0DFB9BDE8F08100BF6D
:20CD400094290020222800208C2C0020F0B583B00E4615460190FEF7DBFE0A4B0A4A1B8882
:20CD60000A490198497B2C339C1899540027042303229B21A670E570677003B0BDE8F0400A
:20CD800004F0BAB9222800208C2C00209429002008B5074804F002F9064804F0FFF806488B
:20CDA00004F0FCF8BDE80840044804F0F7B800BF08020020FC010020F0010020E401002093
:20CDC000704700BF014B00221A7070479429002008B500F017F908B1808808BD4FF6FF705A
:20CDE00008BD00BFB0B138B50446858800F00AF968B183884FF6FE722B44934207D82046B5
:20CE000000F000F948B18088284480B238BD4FF6FF7038BD4FF6FF7070474FF6FF70F3E7F3
:20CE200070B50646FFF7DEFF0B4B0446586CFFF7D9FF336804F1BF05044623B9A542B4BFA8
:20CE40000020012070BDF7F7B3FA3368C01AB0F5963FF3D9002070BD9429002088B138B5BE
:20CE6000094B0446DD8AFFF7BDFFA2884FF6FF7153198B4228BF0B46984238BF184680B24A
:20CE800038BD4FF6FF7070479429002008B500F0B9F828B18088B0F5007F8CBF0020012066
:20CEA00008BD00BF10B50446FFF79CFF034620461C4600F0A7F840B18388B3F5007F05D8AE
:20CEC000B4F5004F8CBF0020012010BD002010BD70B50E46F0B10446FFF7E4FF0546AEB12D
:20CEE0003046FFF7DFFF88B1DDB1164D6B6CA34220D09E4217D02046FFF774FF05463046BB
:20CF0000FFF770FF85420CD2204670BD002DFBD1002070BD0029FBD00846FFF7C3FF00280C
:20CF2000F6D0304670BD2046FFF77AFF0028E2D03046F7E73046FFF773FF0028E4D16B6CF3
:20CF4000D7E700BF9429002010B500F03BF828B1044B9B68BDE810405B6918474FF6FF7098
:20CF600010BD00BF9429002070B5044608460D46FFF7EAFF06462046FFF7E6FF86428CBFB9
:20CF80002846204670BD00BF08B50C4BD3F82821824204BF0022C3F82821D3F80421824248
:20CFA00004BF0022C3F80421054B01461868FAF7D3FCBDE8084000F06BBC00BF9429002035
:20CFC00038020020024B01461868FAF7F7BB00BF3802002020B1044B9B685B6903B118472D
:20CFE0004FF6FF70704700BF9429002008B5044B01461868FAF714FDBDE8084003F09CBB1E
:20D000003802002008B5044B01461868FAF708FDBDE80840FAF708B8380200202DE9F041AE
:20D02000274C237B82B000274BB3264D80462868FAF796FB014610B34FF6FF76A3685B69AA
:20D040000846B3B101919847B0420199034610D0E28A82420DD8B4F814C00846BCF1000F59
:20D0600011D0B4F84C206244B24228BF3246934209DD2868FAF740FB01460028DED13846AB
:20D0800002B0BDE8F081A3680191DB68984701990028EED0B8F1000F07D1A36801913846DE
:20D0A0009B69984701990746E3E708460191FFF7A9FFF9F7BFFF01990028EED1D9E700BFB0
:20D0C000942900203802002008B5FFF79BFFBDE80840F9F7AFBF00BF70B50F4D696C8142A9
:20D0E00019D00E4E04463068FAF77EFC21463068FAF760FC686CFFF779FF03F063FB03F0CC
:20D1000043FB2046FFF772FF002103F071FB01236C6485F85B3070BD942900203802002024
:20D1200038B50B4D0020FFF7D7FF2868FAF718FB50B104462046FFF727FF21462868FAF775
:20D14000DBFA04460028F5D1BDE83840FEF7E0BC3802002008B503F0CFFA03F0C7FA034B3F
:20D1600001461868BDE80840FAF728BB3802002038B5FEF7C1FAF8B90546FFF74FFF0446A6
:20D18000D0B1FFF73FFFF9F755FF68B90E4DD5F82831A3B16B6CA34209D00120FFF73EFFB7
:20D1A00038B10446204638BD074BC3F82851204638BD6B6C002BFAD10024204638BDC5F8F7
:20D1C000284100F0D9FAE5E794290020024B03491868FAF76FBA00BF3802002089CF0000D6
:20D1E00030B5144D144995F85520144B80249440A1FB0424A20983B02A665B689847104A85
:20D200002B6E12680092E40981B20E4804FB01F1A0FB012104EBD1315A1A2A6601240A4AD7
:20D22000A5F8564005F1A4000023F9F7A5F803B030BD00BF94290020D34D62107031010001
:20D24000902900200180008049D3000000B50D4B83B05B6898470C4B0C491B68009380B202
:20D26000A1FB0031490A01EB8101A0EBC11081B2074A084801F5A0710023F9F77DF803B0AE
:20D280005DF804FB7031010090290020CDCCCCCCE9D20000782A002008B5054BD3F8040134
:20D2A000FFF7A4FE18B1BDE80840FFF79BBB08BD9429002010B50B4C012384F85A30FFF7F6
:20D2C000C5FF94F9582094F85830207E0133002AB4BFDBB203F07F0384F85830BDE8104007
:20D2E000FFF7C8BC9429002010B50B4C94F85A30207E013384F85A30FFF7BCFC94F85A3009
:20D30000042B03D8BDE81040FFF7A0BFBDE810400248FEF7E3BB00BF94290020EC3001002E
:20D320000348002290F85C1100F59670FFF70EBD94290020024B1B7B03B97047FEF758BB94
:20D3400094290020FEF7E4BB10B582B0FEF7CEFB68B3184C94F8563073B9637C217C94F8E2
:20D3600055200B449A42BCBF013284F8552002B0BDE81040FFF734BFFEF7BEF928B9A37C32
:20D380001BB194F857209A4206D2B4F84E30A4F850300020FFF726FB074B216E1B68009396
:20D3A000064A0748002384F85630F8F7E5FF02B010BD00BF942900209029002049D30000C6
:20D3C000382A002000B50E4B83B05B6898470D4B0D491B680093C0F30723A1FB033180B245
:20D3E0004FF4345303FB110189B2084A084801F5B4510023F8F7C0FF03B05DF804FB00BFE4
:20D4000070310100902900200B5BB00539D700009C2A002000B50F4883B0F9F70FF8B0B1E9
:20D420000D4B5B6898470D4B0D491B68009380B2A1FB0031C90AC1EB0111A0EB012081B2BF
:20D44000084A044801F5F0610023F8F795FF03B05DF804FB101B0020703101009029002074
:20D460008988888869D4000008B5FEF745F950B9094B1A7B42B15A6C32B1B3F84E204FF672
:20D48000FF739A4200D008BD0020FFF78FFABDE80840FFF7BFBF00BF9429002010B5124CEA
:20D4A000237B43B9FFF7B6FFFEF732FBBDE810400E48F8F787BF3C20FEF7D0FA3C2004F01A
:20D4C0009BF8237B002BEDD0636C002BEAD0B4F84E204FF6FF739A42E4D0FEF719FBBDE870
:20D4E00010400248F8F76EBF94290020301B002010B5FEF7FBFA48B1094C94F8553013B15C
:20D50000627C9A4202D200F0F7F900B110BD637C84F8570084F85530BDE81040FFF760BE63
:20D520009429002030B50A4D2B7B83B00BB903B030BD084B084A1B6800930023044619460E
:20D5400005F1C400C5F80441F8F716FF03B030BD942900209029002099D2000010B50C4C2D
:20D56000237B82B08BB1A37B7BB10A4B5B689847094B0A4A1B680093C0F3080000F58071FF
:20D58000002304F1E400F8F7F7FE02B010BD00BF942900207031010090290020B5D200008E
:20D5A00070B50E4C227B82B00AB902B070BD03460D469A6859680068DB68A4F85C5104F52F
:20D5C00096740FC4064E074A33680093002320461946F8F7D1FE02B070BD00BF942900207A
:20D5E0009029002021D30000144B1A7B02B97047197EFF29FBD010B55C8B114B82B001FB38
:20D6000004F15B68CC0198470E4B80B2A3FB00231B0BC3EB0313A0EB432080B200F5F0501B
:20D62000094B0A4A1B680093844288BF241A214607480023F8F7A0FE02B010BD942900201F
:20D64000703101008988888890290020B5D20000782A00202DE9F041344CF6F7A9FE237BEC
:20D66000002B3AD0D4F8285115B12846BDE8F0810746606C18B1FFF727FD002853D02C4B28
:20D680002C4E5B68984700EB800303EB031303EB032300EB430080B245F255539842306837
:20D6A0001FD9FAF75DF80446B8B14FF6FF7706E021463068FAF720F804460028D5D0204653
:20D6C000FFF702FD0028F3D12046FFF783FC0DB1B842EDD207462546EAE700252846BDE856
:20D6E000F081FAF73DF804460028F6D04FF0000806E021463068F9F7FFFF04460028B4D04B
:20D700002046FFF7E1FC0028F3D12046FFF77AFC0028EED0036815B1FA1A4245E9D9A7EB0C
:20D7200003082546E5E7656C9FE700BF94290020703101003802002038B5FFF78BFF054600
:20D74000FFF754FC30B104462846FFF75BFC2046FFF748F9034B1B7B1BB1BDE83840FFF73D
:20D7600031BE38BD94290020024B1B7B0BB1FFF729BE70479429002010B50A4C237B82B0ED
:20D780006BB1094B5B689847084B094A1B680093C0F30801002304F58470F8F7EDFD02B064
:20D7A00010BD00BF94290020703101009029002039D7000010B5084C237B03B910BD04F140
:20D7C0008400F8F73BFE0028F8D104F18400BDE81040F8F719BE00BF9429002010B50C4CBF
:20D7E000237B82B00BB902B010BD04F18400F8F725FE0028F7D0074B074A1B68009304F1EE
:20D80000840000234FF41641F8F7B6FD02B010BD942900209029002035D3000000B5084BE0
:20D82000084A1B68084883B04FF4F05100930023F8F7A2FD03B05DF804EBFFF7EBBD00BF74
:20D84000902900209DD40000301B002010B50F4C2046F8F7D9FD04F12000F8F7D5FD04F1FD
:20D860004000F8F7D1FD04F16000F8F7CDFD04F18000F8F7C9FD04F1A400F8F7C5FD04F134
:20D88000D800BDE81040F8F7BFBD00BFF82900200848037B03B9704700B5074B074A1B6834
:20D8A00083B06430009300231946F8F765FD03B05DF804FB942900209029002045D3000066
:20D8C000044B187B20B193F85C00003818BF0120704700BF94290020054B187B30B193F8DC
:20D8E0005C00A0F10200B0FA80F04009704700BF94290020704700BF014B1878704700BFBB
:20D900004228002010B50023C0E90033C0E902330A7D07320446D20804F0FCFF2046024957
:20D92000BDE8104003F0F6B9842C002008B50E48002340F2FF214FF4D05243808380C3808A
:20D940000381438183810180C28103F079F8FEF78FFAFFF73BFCFFF761FFFFF719FABDE8A4
:20D96000084003F039BE00BFF42A002010B50A4C237B012B00D010BDFFF724FB0028FAD0EF
:20D98000D4F82831984204BF0023C4F82831BDE81040FFF77DBF00BF94290020024688B149
:20D9A0000B4669B110B4084C03CC1060516053F80C1F5B68D360916001205DF8044B70471B
:20D9C00008467047704700BFB0290020704700BF7F2801DD7F290EDD884206DC13DA081A8A
:20D9E0007028D4BF002001207047401A0F28CCBF00200120704701F58071081A1028D4BF1C
:20DA00000020012070470020704700BF2DE9F843194E377B17B196F840700FBB3E46174C57
:20DA20004FF0000804F1540594F820301BB194F82130012B05D01C34A542F5D14046BDE8A3
:20DA4000F883237C04F11009FE2B3A464946304609D06EB104F050FF0028ECD1C846EAE7F1
:20DA6000FF082C36DBE7637C802BE4D0002EF1D104F11009C846DEE7942900200C2B002038
:20DA800000B585B001466846FFF73CFF684602F091FF08B103F08AF8034B002283F84020CD
:20DAA00005B05DF804FB00BF9429002078B370B54B1E7F2B84B00C4606D812F0400115465C
:20DAC00005D1084604B070BD002004B070BD134B0026E21DD2080146C3E90066C3E9026676
:20DAE000184604F017FF4FF0FF33A0F12C020146684682F8404082F84150D363FFF702FF67
:20DB0000684602F057FF18B1012004B070BD704701460122684602F0BBFFF5E7C0290020E4
:20DB200010B4164A164B17490020106083B012680192019AD3F8102522F00F0242F0080236
:20DB4000C3F81025D3F8082542F00302C3F80825D3F804254FF4803422F003024FF4807089
:20DB6000C3F80425C3F80443C1F88001086001221A6003B05DF8044B704700BF40810040B2
:20DB80000080004000E100E0034A044B01211160D3F84405704700BF448000400080004087
:20DBA000064B1A6802B97047002282B01A601B680193019B02B000F003B800BF4081004082
:20DBC000054B186838B110B400241C60D0E901215DF8044B10477047501B00202DE9F041C9
:20DBE0000488752C064607D07C2C37D0A4B1002303800320BDE8F081DFF8D0802E4D98F8C0
:20DC000000202E4F00233B602B6012B32C4CE256002A41DB2B6832E02A4F274DFDF788FB5A
:20DC2000294B3A6818702C60002A43D02346244C984604F8038000219368802098472B6819
:20DC400001332B6057F82320002AF2D1DBB21F4A1370752333800120BDE8F0811A4B1B7893
:20DC60008B4216D1144D164CDFF86080134F2B683A68E15C01F07F010132E1543A6098F89F
:20DC80000020013393422B60C1DB3B68002BB9D1DFE70120BDE8F0810A4A0B4952F82320AA
:20DCA00009780020FDF7D6FB0028E0D17C23338001209FE71346CAE7581B0020541B002000
:20DCC00088280020BC010020A53200204328002070B50488672C06461BD0792C33D05CB3E3
:20DCE00000230380032070BD1E4C1F4923681F4A0978581C002520602846D554FDF7AAFB9E
:20DD00001B4B2A4618688521FDF7A4FB30B300232360184C134D06E00A28E5D00D28E3D072
:20DD20002B687E2B15DD2046FDF75AFC431CF3D167233380012070BDFDF7FAFA0A4A094BC7
:20DD400010701C60E5E7852901D0012070BD054CDDE706495A1CC8542A60E4E77923338094
:20DD6000012070BDDC1B0020A63200205C1B002090290020E01B0020044B054A1A607F2202
:20DD8000002104489A809971FDF7DCBAE01B0020E81B00205C020020F0B4134C2378E3B972
:20DDA000124E13493368134F134D0A68386803EBC30CC1F800C02968104482EA52220844F1
:20DDC0003A600E4A00EBF3233360106001310123296080B22370F0BC7047084A00235088F9
:20DDE0002370F0BC704700BF44280020701C00206C1C0020681C0020741C0020781C002086
:20DE000070B5094B094E0A4C0A4D0B4A186031600023012123602B7011601824FFF7BCFF66
:20DE2000013CFBD170BD00BF6C1C0020701C0020681C002044280020741C0020014B024A21
:20DE40001A6070477C1C00200100FD0010B51A4C0220A179FDF764F9A379112B17D0062BB3
:20DE600007D03A2B1DD0BDE8104000210120FDF757B9124B1B8828331A191B5B5188994286
:20DE8000BDE8104028BF19460120FDF749B9618D238D9942BDE8104028BF19460120FDF767
:20DEA0003FB9064B28341B88195B49BABDE8104089B20120FDF734B98C2C0020222800202F
:20DEC00070B414780D7A84F00204A542064624D00B891BB94B89B3F57F4F0FD01F4A1468F4
:20DEE00001F1080303CB04F108031360012202FA06F320606160D8B270BC70478B89FE2BE1
:20DF0000ECD1164CC989236823F8021B022202FA06F02360C0B270BC7047487A5378984278
:20DF2000D6D1887A93789842D2D1C87AD3789842CED1087B13799842CAD1487B53799842BD
:20DF4000C6D1887B93799842C2D1D379CA7B9A42BED1032202FA06F0C0B2CDE738230020FA
:20DF60000F4B1A78012A19D110B459880288914203D000205DF8044B704742889988914292
:20DF800000F10200F5D1D98830F8022F9142F0D1428819899142ECD11846EBE70020704777
:20DFA0007C1C002038B5154A154C164B24781B68156815492A460144181904F0ABFC6019A7
:20DFC00080B2FCF7F1FFFDF7A5FAA8B10F4B00219B6804460E48984704F0CCFA2046FDF72F
:20DFE000D7FA2046FDF7BEFA0A4B1B68012B03D0032B01DC012038BD002038BD44230020AA
:20E0000046280020482300208C2C0020B42E010019E000003C23002070B5124B1B680C465D
:20E02000154613B19B68084698470F4B0D201C60FDF78AF80D490646F9F7FCF800B170BDB4
:20E040002A4621463046F9F709F8094B304621462A465B6C984729462046BDE8704002F01F
:20E060007FBB00BF881C00203C230020F82E0100043101002DE9F0410F468046FCF7AEFF05
:20E08000134B1978461A731E6D2B08D8114800230446A57871343DB101330C2BF9D14FF03E
:20E0A000FF363046BDE8F081C3EBC3040A4A03EB0413C418126800F8038003331144184419
:20E0C00032466770A67004F025FC3046BDE8F081462800208C1C0020482300202DE9F0470C
:20E0E00007461446002A3BD1644EB1468846B9F80A3092464FF0FF3523BB6B1C2ED009F139
:20E10000B009D4B16A1C15D0B02404FB05F406EB04090C20A9F80A80A9F80870FDF714F81C
:20E1200001464846F9F780F804F110003044402102F0F4F92846BDE8F087B9F80A3001244F
:20E14000002BDAD009F1100002F0FEF9002861D1691CD4D1B9F80A30002BD0D165B2CEE7F0
:20E16000464E3389834208D0B6F8B830BB4224D04FF0FF352846BDE8F0877389002BF3D044
:20E180000C20FCF7E1FF01463046F9F753F80028EAD00025EFB238462146FFF76BFF002873
:20E1A0001ADB0028E4DDB02303FB05666DB2B3891844B0812846BDE8F087B6F8BA30002B10
:20E1C000D6D00C20FCF7C0FF01462D48F9F732F801250028CCD0DDE7738963B3002D48D0E0
:20E1E000284802F0B1F90028C2D0274B002103F24C5071819A781AB11A780AB99A700131D5
:20E2000071338342F6D10029B2D021463846FFF731FFC6E71C4BA9F80AA003F24C51E0B295
:20E220009A7822B11A78824208BF83F802A071338B42F5D161E7B6F8BA30002B98D0002DE8
:20E2400096D1124802F080F9002891D00E4B0021A6F8BA108C4603F24C509A782AB11A7845
:20E26000012A04BF83F802C0013171338342F4D1C9E7B6F8BA30002BE3D179E7D821002073
:20E2800088220020E82100208C1C0020982200202DE9F84315090F2D02F00F0408BF10253D
:20E2A0000F2C06461F462DD0A04619B12A46304604F030FB05EB08020F2A04DD5CB9D5B909
:20E2C0000120BDE8F883C2F110020021701904F049FB002CF3D01A4ADFF868901768D9F8E4
:20E2E0000030DB1B03EB0807FCF778FE87420EDD0020BDE8F8833046394602F00BFD01208E
:20E30000BDE8F8831024A0460029CFD1E3E7D9F80070C8F1100030443946224604F0FAFAE3
:20E32000022C05D03C44C9F800400120BDE8F8830A2DF7D8FF22FE23F2723373F2E700BF2E
:20E3400048230020382300202DE9F04F3A4928220A703A4A002387B013700446FCF772FE0D
:20E36000FCF728FE364B374A1B6810600BB1FFF76DFD042003F0F8FE01460520FCF7D0FE39
:20E380003149324E002C18BF21460D20FCF7D4FE2F4B9B69984700280446306011DD274B68
:20E3A000284A1B78D2F800B0DFF8B0A002330BEB030505F126010BEB00029142CAF800508A
:20E3C00003D3002007B0BDE8F08F00220BF803202048FFF7C5FD03461F481F46FFF7C0FD3C
:20E3E0008046002F00F0FF816B1CCAF8003080230193DFF86C9099F8011099F800200B09CE
:20E4000043EA0213D8B2C3F3850343EA801311F00F0F58B202F00F02DBB223D1B9F802C012
:20E42000BCF1000F1ED121F00F010A4340F0E0817823049327E000BF47280020462800201D
:20E44000881C002048230020F82E010040230020B42E0100942C0020A42C00203823002095
:20E460008C2C002021F00F0C52EA0C0200F0AB81DAF80020D9F80010116002F8043B602134
:20E480000491CAF8002099F80630112B00F0B981002B00F0B6813C2B00F0B381A3F12B023A
:20E4A000012A40F2AE81DAF8002002F8013BCAF8002099F80730402B00F0CE82FF2B00F039
:20E4C000C682012B00F0BE82DAF8002002F8013BCAF80020B9F80830002B40F00382B9F814
:20E4E0000C10B9F80A30B9F80E200B43B9F810101343B9F812200B43B9F814101343B9F8B4
:20E5000016200B4313439BB2002B40F00D82019B43F04003019399F81830FF2B00F02B82A4
:20E52000B8F1000F00F0698298F801202B7813432B700D20FCF708FEBB4902460020FFF77B
:20E54000BFFC019F0743FFB247F004030593B74B3468DAF80050D3F800B0B54B0193019B24
:20E560001E78112EA8464FF000075CD04EB13C2E00F04C812B2E00F054812C2E40F0918087
:20E58000022607F1280149444A780B780191D200112B02F1080200F04081002B00F03D8139
:20E5A0003C2B00F03A812B3B012B40F236816B1C0BEB04008342BFF404AFCAF800309D187B
:20E5C0008542BFF4FEAE1846CDE9021204F0A2F9039A0299CAF800500346D0B2A0F1020CAA
:20E5E00083F801C0934B93F800C00B781744914A6044112B107000F00E81002B00F00B8177
:20E600003C2B00F008812B3B012B8CBF0023012343EA460363F01F0388F80030019B1E7829
:20E62000112EA846A2D128376A1C39F80710CAF800200B0A43EA01239BB223F00F024FF213
:20E64000B00609EB0701B24290B24A8800F0FE80120292B2B2F5704F00F0178103F47F4393
:20E66000B3F5704F00F0FF802B46F02203F8052B0BEB04029342BFF4A4AE59F80700C5F82B
:20E680000100CAF8003003F1020842457FF699AE6848C9880278198002F10803CAF80080F2
:20E6A0000370654D049A2B78644E0BF80320614A5B441178059A5A703388A8EB0B085FFA26
:20E6C00088F85A1A02EB0800A04285F8008040F3EF80A4EB0805043D25F00705053C521B24
:20E6E000121B002ACCBF02F1FF37032724F00708C4BF97FBF8F70437FCF706FFB842FFF49E
:20E7000060AE002DFFF65DAE484A4D4BD2F80090494AB3F800A092F800B0DFF82CC1494FC6
:20E720000AF101021A8049465A46002309F10400CCF8003004F0FCF833883F4A89F803A0AD
:20E740001B0A63F03F0389F80030338889F80130384B3D604FEA1A2A0BF1040B187889F828
:20E7600002A082F800B0FFF71DFC00283FF429AE33882E492F4D09683A682D782E481B0A8B
:20E7800063F01F030B7033884B7015443388ADB205229D42027009D3A0E03A683388154416
:20E7A000ADB2AB4240F29A80204A11685B1BEA089C42B8BF43460A7128463B60FFF7F2FB31
:20E7C0000028EAD1FDE5DAF8003020F03F0001431970B9F80220A3F801200333CAF800309F
:20E7E000682304934FE600287FF4FEAD019000E6DAF8002002F8013B70230493CAF80020D1
:20E8000041E6049B43F00403049352E607F1280149440326B8E60123FAE62B460BEB040045
:20E82000CDE60126ADE600BFA42C002048230020922C002047280020462800207C2C00206E
:20E840001C280020442300203C230020130A43EA02239BB223F00F02824276D003F47F43AB
:20E86000B3F5704F11D02B46F22203F8042B0BEB04029342BFF4A5AD39F80700CAF80030A1
:20E88000000A687048886880FDE62B46F12203F8042B0BEB04029342BFF493AD39F8070051
:20E8A000A5F801004888CAF80030000AE870EAE68B428CB2FFF485AD49440BEB080004F017
:20E8C00029F83088001B404480B2FCF76DFB864B86489B680021984703F04CFE012007B07C
:20E8E000BDE8F08F17BB48F2FE0293420BD1B9F81A30B9F81C10B9F81E200B4313439BB27F
:20E90000002B00F0AE807A4FDAF800E00FCF0EF11007CEF80000CEF80410CEF80820CEF8EB
:20E920000C30CAF80070F6E5002FECD078782B78704A6F4943EA00132B700420FFF7C0FAEF
:20E9400060F03F00C3B20193E5E52B46F32203F8022B0BEB04029342BFF433AD39F80760AB
:20E960004888CAF80030360A000A00EB061000F5AA60687087E699F81930019A022B42F072
:20E9800008020592B9F81A2075D04ABBB9F81C1031BBB9F81E20B9F82000B9F822100243F0
:20E9A00092B211431AD199F82420002A00F0898099F82220A2B9DAF800504F4901982A46EB
:20E9C00040F0090002F8013B0B68C5F801300B79059006351371CAF80050BEE5002AE7D0F9
:20E9E000464DDAF800600FCD06F1100530607160B260F360CAF80050AFE5B9F8182048F2DB
:20EA0000FE039A4215D1B9F81A30B9F81C10B9F81E200B4313439BB25BB90D20FCF794FBB8
:20EA2000364902464046FFF74BFA019B0343DBB28CE5324DDAF80060019F05970FCD06F1AE
:20EA40001005D3E7049B43F00103049342E5049B43F0030304933DE5049B43F00203049354
:20EA600038E5244A22490420FFF72AFA019F0743FBB201934FE5002AB2D1B9F81C10B9F8C8
:20EA80001E20B9F82050B9F822000A432A43B9F8245002432A4392B2002A7FF479AF99F819
:20EAA0002620002A7FF475AFDAF8005099F8273005F8013B019BCAF8005043F00B03059385
:20EAC0004BE5DAF8005001980D492A4640F00A0002F8013B059008888B78A5F80100043516
:20EAE0009370CAF8005038E5B42E010019E00000942C0020842C0020AF2C0020A42C00206D
:20EB0000B12C00202DE9F04F0C2091B0814F824CDFF81C82FCF718FB4FF0000BF8F702FBE7
:20EB200087F800B084F800B0FCF744FAC8F80000FCF754FA10B911B0BDE8F08F03F03AFA73
:20EB40000420FCF7F3FA0146062003F017FB0320FCF7ECFA0146072003F010FBD8F80030D7
:20EB60001A8852BAC2F3072101F0F801C02992B200F0A680E02967D158881D792378C2F3D6
:20EB80000A0940BA053380B22A4649462370FFF7A5FAB0F1FF3F8246CDD0604ACDF808B06C
:20EBA000B02303FB00234FF4A06C9E890123CDE9003C4E4534BF00260126FCF70FFA23786B
:20EBC0008342B8D8FCF70AFA23783F78544AC41A07EBC5052544B5F5A06F146000F2F9815D
:20EBE000BBF1000F0BD00199E2198A42A3DCD8F800100BEB07001944224603F08BFEB9F1D7
:20EC0000000F00F0FB81029B3BB1444AB02303FB0A233A1992B29A811A83002E40F06482D1
:20EC2000009B002B87D13C441FFA84F93D4C3E4A2368A2F8009023B1FFF708F923685B68C1
:20EC4000984701F01FFB76E7DA46D946CDF800B04FF4A062DFF8DCB0019222783348995C74
:20EC600001F0F0050026F02D067047D001F0E000602861D041297FF45EAF511C53FA81F33C
:20EC800003F1200C59461E685D689868D3F80CE0C1F80CE0103363450E604D60886001F12E
:20ECA0001001F0D118685B684B6008603B782833293200263B70009B2270354602937CE752
:20ECC00058882378C2F30A0940BA043380B25A4649462370FFF702FAB0F1FF3F82463FF400
:20ECE0002AAF0E49D8F80030B02202FB001202F11A0B94210122CDE90021AEE70132D2B2F0
:20ED000001F00F0511F00E0F227005707FF413AF995CABE74728002046280020D8210020D7
:20ED200044230020881C00207C2C002045280020482300208C2C0020FCF750F92278029068
:20ED4000531C8342BFF6F7AED8F8001088188B5C90F901504678039502F1020EBC4A01EB99
:20ED60000E00002D1060BCBF01301060D80600F14D81B74A10681A07A0EB010500F1908102
:20ED8000029A0335AA427FF7D6AE054630F801CFAF4A80788BF80300ABF801C015F8040B7F
:20EDA0009BF801C01560850805F0300545EA80150CF00F0CC0F3830040F0600045EA0C0CEB
:20EDC0008BF800008BF801C013F0040205920CD19F4A1068029A451AAA427FF7ACAE9C4AF1
:20EDE00010F8015B8BF80650106013F0030300F04A819848C35C8BF807307506C6F30113A1
:20EE000040F1B281039A002AB6BF11F80E2000221209002B40F02A810BF1080519468E4A98
:20EE20000691D25C04920C20FCF78EF9049A069903462846FFF72CFA00283FF47CAE16F036
:20EE4000080306F0030200F0A08170071FD4531E40F2FF21012BADF83C100DD87C48D8F8D8
:20EE600000100368029D591A8D427FF764AE13F8011B8DF83D100360784900238A5C0BF18C
:20EE800018000FA9FFF704FA00283FF454AE3B786F4A2833D2F800C0D8F800203B70029BC8
:20EEA0000492ACEB020293427FF745AE059B002B00F014820BF10603059300220BF12803AC
:20EEC000CDF82CB0CDE90C9A089266469B465AE05F49049BB51C0D600299EA1A91427378F2
:20EEE00009937FF728AE2A46594B12F8016B1A60049B0A921146A1EB030A06F1020C069B55
:20EF000006F1010E19F0040F4FEADC093344D64409F1FF3A324606935FFA8AFA7FF40BAED3
:20EF2000079D4F4B5B5D059DCDF814B02B70019B069D9D423FF7FFAD5FEAEC0C00F0128250
:20EF4000099B8BF80030029B8BF801A07345FFF6F2AD03F0DFFC4FEAC909089B0A993A787C
:20EF60005FFA89F94B44DBB20893394B0E441E60039B0AF1010A91440BEBCA0B87F8009058
:20EF8000002B00F0F3810B9B32780499ABEB03030233069302F0F00C02F00103751C039380
:20EFA000BCF1E00FC2F342030BF10200A5EB01014FEA5209079340F0A681254A1560029A26
:20EFC0008A427FF7B8AD039B002B81D00023099389E72449244B5FFA8AF0B02202FB0012B1
:20EFE0000024548103F24C519A781AB11A78824208BF9C7071338B42F6D19CE5009B002B01
:20F000003FF411AE002E7FF411AE94E513F0080563D10F4A1068029AA0EB010C62457FF7BF
:20F020008AAD90F800C00A4ACCF3830C4CF0600C8BF800C010F801CB10604FEA9C0000F0BB
:20F04000300040EA8C10ABF802508BF80100BBE6382300209C310100A0310100A8310100AB
:20F0600084310100D82100208C1C0020C549087801287FF460AD487890427FF45CAD023181
:20F080000BF10805CBE6C04A029D1368581A85427FF751AD13F8010B8BF807001360ACE63F
:20F0A000029A02354FF0600CAA428BF800C07FF742AD90F800C0B44A4FEA9C0505F03005F4
:20F0C0000CF00F0C45EA0C0C8BF801C0B0F80150ABF802500330106076E660250020ABF859
:20F0E0000050ABF802006FE6DFF8BC82B02303FB0AF308EB03025589B2F818B0A2F80C9065
:20F100005D4568D3B5F5A06F65D81A3308EB03015A469E489E4E03F0FDFB9C4BA5EB0B02F7
:20F1200003EB0B00002103F01DFCF51E06F24C5B02E07136B34574D016F8012C002AF8D005
:20F1400016F8033C9A45F4D116F8023C8F4802EBC301B1F5A06F4FEAC3033146184400F271
:20F16000258103F0D7FBE4E78A4A0C20D25C0492FBF7EAFF049A884903460BF10800FFF708
:20F1800087F800287FF45BAED5E4710738D50399002906DA2178D8F800300B449B7803F07B
:20F1A0000F03784D297801297FF4C5AC697899427FF4C1AC794B0D209A5C0392FBF7C4FFFC
:20F1C000039A0346A91C0BF11800FFF761F800287FF45DAEAFE4B0235FFA8AF003FB008ABA
:20F1E0006F4B0024AAF80A4003F24C519A781AB11A78824208BF9C7071339942F6D19AE4E9
:20F20000644B0D209A5C0392FBF79EFF039A624903460BF11800FFF73BF800287FF437AEAA
:20F2200089E45FFA8AF1B02303FB018A00205D4AAAF80A00AB781BB12B788B4208BFA87080
:20F240007135AA42F6D1009B002B3FF4ECACEDE40299013399427FF76EAC9CF801301B09D0
:20F26000A3F575639BB21B0243F0F00333809CF8013003F00F03A3F575639BB21B0243F004
:20F28000F0037380404B0CF102051D6053070CD43D49049A0B6802989A1A013290427FF7E2
:20F2A0004AAC33F8022BF2800B60FBF797FE364AD8F8001012680346B9F1000F00F0AF80A1
:20F2C000089AA9F128039B1A9BB21A0212B21B0A3978134301F10802B3803A702A4BD8F89B
:20F2E00000201B689B1A2370B9F1000F71D0A9F128031A1200268BF80530009B8BF8042018
:20F300003546029359E4049B0299B446ACEB030399425E46DDE90C9ADDF82CB07FF70BAC06
:20F3200002F0F802F02AD9D10199A6EB0B0207328A42BFF600AC059911220A709CF8002080
:20F3400002F0F301F03903293FF6F5AB01A050F821F000BF5DF4000031F40000F3F3000088
:20F3600051F200008BF801C0FFF7E5BB049B029ADDF82CB0F31A9A42DDE90C9AAEDCFFF7AF
:20F38000DABB00BF7C1C0020382300208C2C00208F1C0020A431010088310100A0310100E1
:20F3A0008C1C0020D8210020D8210020B02303FB0A823249002353815FFA8AF0AA781AB1C4
:20F3C0002A78824208BFAB707135A942F6D1FFF7B2BBFBF703FE21783A78431A1344283BD5
:20F3E0005BBAABF80430009B02934E464D46FFF7E4BB0299033399427FF79DAB9CF8013006
:20F40000A3F580539BB21B0243F0F0033380BCF8023073801A4B0CF104051D6036E7521AF4
:20F42000C2F1080213449BB21A0212B21B0A4FE70299033399427FF77EABBCF8013033804D
:20F440009CF80330A3F580539BB21B0243F0F00373800B4B0CF104051D6017E7029904334E
:20F4600099427FF768ABBCF801303380BCF803307380034B0CF105051D6007E7D8210020DD
:20F480003823002038B54368934294BF03F1FF35154604462A46006803F03CFAD4E9003274
:20F4A0002B44521BC4E90032002038BD0CB410B586B008AA029052F8043B094C01920846BE
:20F4C0000390194604A802ABCDE9044300F0BCF8029B00221A7006B0BDE8104002B07047E3
:20F4E00085F40000074B82B001AA9A42019304D9CD2103F8011B9342FBD10348002102B053
:20F50000FBF720BFA83200206C02002038B5124C124D03F02FF82378CD2B08D0AC4202D3A0
:20F520000EE0AC4212D014F8013FCD2BF9D1AC4202D30BE0AC4209D014F8013FCD2BF9D07D
:20F5400003F018F8AC4203D2281B38BD03F012F84FF0FF3038BD00BFA83200200000042070
:20F5600070B50388044633B1972B0DD1154BDB6873B1012070BD13484FF4A061F7F754F81F
:20F5800097232380012070BD00230380032070BDFFF7BCFF0C4E0D4BF61AB04205460DD934
:20F5A0000B4B1B68002B09DD0A4A0B490B48FBF723FE0B4832462946FBF71EFE0148F7F7D4
:20F5C0003DF8DDE74C23002000000420A832002094010020AC310100282F0100D829010098
:20F5E000B431010010B50446F4F7FEFED4E900321344C01A6FF0004398422CBF0020012067
:20F6000010BD00BF102A2DE9F041144606460D460DD90C4F01E0102C0CD933682868102244
:20F620003946103C98470028F5D0BDE8F0811046002AFAD03368286802492246BDE8F0411F
:20F64000184700BF243201000B78002B00F0DF842DE9F04F91B0904600228A46814600927D
:20F6600004E01AF8013F002B00F0D680252BF8D1514500F00381AAEB0104D9E900302246CC
:20F680009847002840F05881009A9AF8003022440092002B00F0C3809AF801300AF10104E5
:20F6A000002B00F0BC800021A3F12002102A0AD8DFE802F0AF0909AC09090909090909A9F2
:20F6C00009A60909A100A3F13102082A40F2BD802A2B00F0C88000262E2B00F0AB804FF0FA
:20F6E000FF3B6C2B00F09F80682B00F0CA807A2B03D1637841F060010134782B00F2EA8043
:20F70000DFE813F08D00E800E800E800E800E800E800E800E800E800E800E800E800E800CA
:20F72000E800E800E800E800E800E800E800E800E800E800E800E800E800E800E800E80049
:20F74000E800E800E800E800E800E800E800C401E800E800E800E800E800E800E800E8004C
:20F76000E800E800E800E800E800E800E800E800E800E800E800E800E800E800E800E80009
:20F78000E800E800E800BD01E800E800E800B601AF01A801E800E800E800E800E800E800BB
:20F7A000E800E800E800E800E800E800E800E800E800E800A101E800E800E800E800E8000F
:20F7C000E800E800E8009A01E80093011F015B0169016201E8001F01E800E800E800E80069
:20F7E00085017E017701E800E8007001E8005401E800E8004D0141F0100114F8013F53E728
:20F8000041F00101F9E741F00601F6E741F00801F3E741F00201F0E78A457FF42CAF0098EC
:20F8200011B0BDE8F08F63786C2B31D0013441F0600162E76378A3F13000092804F1010298
:20F840002BD92A2B3AD0144649E7002606EB860603EB460614F8013FA3F13002092AA6F102
:20F860003006F3D938E7D8F800606378002E08F10408B8BF41F0010101342DE79AF8003074
:20F8800007E76378682B20D0013441F0400134E7A37841F0800102342FE74FF0000B0BEB01
:20F8A0008B0B03EB4B0B12F8013F2F2BABF1300B40F29282392BF2D9144612E7A378D8F840
:20F8C00000B0023408F104080BE7A37841F02001023412E701F4E0630F46B3F5A06F04F176
:20F8E000010A39D000F29181B3F5407F00F09C81B3F5806F40F0D180D8F80050019508F1B5
:20F900000408002D40F02082C44B01930625BBF1000F02DB5D4528BF5D46AE428CBF761B7E
:20F920000026F80740F12382D9E9003001992A469847002800F0B9814FF0FF3011B0BDE8CB
:20F94000F08F01F4E06343F48073B3F5A06F41F4245704F1010AC5D1012ED8F800308DF815
:20F960002830354638BF0125FA0705F1FF3508F1040840F11C82D9E9003001220AA99847F1
:20F980000028D9D12A4609F104014846FFF73AFE009B01330028CFD1EB1800933FE001F429
:20F9A000E06343F4807341F4C85796E701F4E06343F4807341F410678FE701F4E06343F416
:20F9C000007341F4024788E701F4E06343F4007341F4813781E701F4E06343F4007341F479
:20F9E00000777AE701F4E06343F4806341F4806773E701F4E06343F4407341F440776CE706
:20FA000001F4E06343F4807341F4885765E704F1010AD8F80030009A1A6008F10408637830
:20FA2000002B3FF4FCAE514620E601F4E06343F4A06341F4A06750E701F4E06343F400735A
:20FA400041F4C13749E701F4E06343F4807341F4B24742E701F4E06343F4007341F4A137A1
:20FA60003BE701F4E06343F4007341F4844734E701F4E06343F4007341F442472DE701F4BE
:20FA8000E06343F4007341F4E13726E701F4E06343F4C06341F4C0671FE7B3F5807FBED1F5
:20FAA000BBF1000FABBF27F010070123CDF804B0019317F40053069307F0E00300F01D8163
:20FAC000402B00F07C8200F20B81002B00F05A82202B40F09E8298F9002008F10408D3171D
:20FAE000002A73F10001C0F21D82CDE9022307F4C053B3F5805F00F08C81B3F5C05F00F002
:20FB0000E781B3F5006F00F0AD81002305939B460DF13E030493019B9B4534BFA3EB0B03CB
:20FB2000002341F60802019307EA020141F208039942019B00F0138191425B4404D1DDE993
:20FB400002120A4340F0588100250795069A7AB1059A002A40F04C8107F00602022A00F0CE
:20FB600054812F49062A079A04BF0A46012507922B449E428CBFF31A0023029317F001032B
:20FB8000059307D1FE0640F1F381DDE901210A44CDE901233DB1D9E9003007992A4698476D
:20FBA00000287FF4C9AE009B019F5B44102F009340F2B2811B4ED9E9003010223146103FCF
:20FBC000984700287FF4B8AE102FF4D8D9F800301449D9F804003A46984700287FF4ACAEB3
:20FBE000D9E9003004995A469847009B1D4400287FF4A2AE019B2B449B46059B002B40F029
:20FC0000ED80029B5B44009309E7B3F5C06F5BD0B3F5E06F3FF4FDAE01E700BF18320100EF
:20FC20001032010034320100D8F80010C948CA4D17F4804F08F104080A464FF0000314BFCE
:20FC40008346AB4600296AD00DF13B0E7146100902F00F0C40EA03701D0902462B461BF8D4
:20FC60000C0001F8010D52EA0300F0D1BEEB010557D003357823AE4201F8013C4FF0300231
:20FC80004FF0230301F8022C01F8033CA1F1030B8CBF761B0026F9077ED5D9E9003059461A
:20FCA0002A46984700287FF447AE324609F104014846FFF7A7FC009B2B441D4600287FF4BF
:20FCC0003BAE73190093AAE6D9E90030A3490122984700287FF430AE009B013300939EE64D
:20FCE000602B00F04F81802B40F0938108F1070828F00708F8E80223F2E6402B00F057818B
:20FD000015D8002B00F04481202B40F0998198F800200023CDE9022308F10408E7E60DF103
:20FD20003B01302301F8013C04250139A2E7602B00F02E81802B40F0838108F1070828F0E9
:20FD40000708F8E80223D0E62B78002B00F0488115F8013F002BFBD1019BED1AD7E5012B83
:20FD600038BF01230025019307955B44EEE6324609F104014846FFF745FC00287FF4DCAD40
:20FD80000199D9E900302A46984700287FF4D4AD009B2B441D4694E7324609F1040148467F
:20FDA000FFF730FC00287FF4C7AD5946E9E72A4609F104014846FFF725FC00287FF4BCAD8B
:20FDC000D9E9003001220AA99847009B013300287FF4B2AD2B44DFE514468EE4029A09F11E
:20FDE00004014846FFF70EFC00283FF40AAFA3E55B4A07920125BBE65A495B4A17F4804FAD
:20FE000018BF0A4607920225A0E6584A07920125AEE6DDE9022313433FF477AEDDE90223FC
:20FE20001846002315460593DDE902230DF13E0107918C464FEAD20B4BEA437B02F00701B9
:20FE40004FEAD30E30315A4673460CF8011D52EA0301EFD1079BCDF810C0CDE90250A3EBDF
:20FE60000C0B58E6DDE90223134300F0C88000230593DDE902120DF13E03CDE90864079324
:20FE80008B46154604971C46584629460A22002302F0B6FB303204F8012D584629460A2275
:20FEA000002302F0ADFB2F465E46002F08BF0A2E83460D46E8D2079B049F089E049422467D
:20FEC000A3EB020B099C26E600220023CDE9022317F4804365D10593DDE902231E4DDDE9FE
:20FEE0000201014300F085800DF13E000790110902F00F0E41EA03714FEA131C0A466346CA
:20FF000015F80E1000F8011D52EA0301EFD1079B0490A3EB000BFEE5019B002B3FF460AEE6
:20FF20001F4653E6524207F4C05163EB4303B1F5805FCDE9022355D0B1F5C05F45D001236C
:20FF4000B1F5006F059394D00DF13E0304934FF0000BE0E5F0310100DC3101002032010028
:20FF60000C320100043201000832010014320100029A09F104014846FFF744FB00283FF4D0
:20FF800009AED9E4D8F8002008F10408D317A7E5D8F8003000221946CDE9021208F1040832
:20FFA000A5E50021DDE90223324D059197E7B8F800200023CDE9022308F1040897E5B8F918
:20FFC000002008F10408D3178AE57B0405D50121DDE90223274D059186E7012305937BE7A8
:20FFE000019DB9E6DDE9022318460123154605931AE70DF13E034FF0000B04938BE54FF094
:020000040001F9
:20000000000B0DF13E03CDF814B0049383E51846704707F4C053B3F5805F06D0B3F5C05FC7
:200020003FF452AFB3F5006F13D0002305939B4600230022CDE902230DF13E0304936AE5B1
:2000400007F4C053B3F5805F08D0069B05939B46EEE74FF0000BCDF814B0E9E7069905916C
:2000600000230022CDE902230DF13E038B46049351E500BFF031010010B44FF080414FF09F
:2000800080520020C1F80C015E4BC1F81001C1F83805D2F80414C3F82015D2F80814C3F8CC
:2000A0002415D2F80C14C3F82815D2F81014C3F82C15D2F81414C3F83015D2F81814C3F898
:2000C0003415D2F81C14C3F84015D2F82014C3F84415D2F82414C3F84815D2F82814C3F8E0
:2000E0004C15D2F82C14C3F85015D2F83014C3F85415D2F83414C3F86015D2F83814C3F830
:200100006415D2F83C04C3F86805D2F840043E49C3F86C050968D2F84424C3F8702508294F
:2001200024D04FF08043D3F80024D20744BF6FF00102C3F80024354AD2F8883043F4700312
:20014000C2F88830BFF34F8FBFF36F8F4FF01023D3F80022002A23DBD3F80432002B1FDB40
:200160002B4B2C4A1A605DF8044B70472A4B1B68002BD6D129482A4A2A4C04602A492B4B4C
:20018000FB20C2F818050A681B68294822F00F0203F00F0313434FF400720B600260C0E760
:2001A000244A0123C2F80435D2F80034002BFBD04FF0102312211F4AC3F80012D2F80034ED
:2001C000002BFBD04FF0102312211A4AC3F80412D2F80034002BFBD000231649C2F80435E6
:2001E000D1F80034002BFBD0BFF34F8F0749124BCA6802F4E0621343CB60BFF34F8F00BF95
:20020000FDE700BF00C000403001001000ED00E07C0200200090D003340100108C560040C5
:2002200000F0004048810300E40E0040580200104096024000E001400400FA0510B50146DE
:2002400082B004460120F7F701FC38B9064BDB680193204602B0BDE81040184701F0AAFEF8
:20026000002002B010BD00BF8C31010010B5144601F06CFB18B1024BC4611B68836110BD7C
:2002800090290020002108B50846F7F7DFFB18B1BDE8084001F08EBE024602210348FBF7F6
:2002A000FBF8BDE8084001F085BE00BF8002002070B5384D2B8888B0002B36D0B3F5A06F4C
:2002C00031D8354C608B238BA28BE18B03431343228C608C0B431343A18CE28C03430B4359
:2002E00013439BB2FBB12D4E736B9847D8B1237EFF2B1CD004F1180000F05CFB20B12B885F
:200300009BB100F04DF810E0336C04A8984780B104AC204600F0F0F9054648B3284600F07E
:20032000E5F9FFF78BFF01F045FE08B070BD0020F7E704F1180000F01FFBB8B904F11800B3
:2003400000F01EFA054658B100F018FA04460028DFD12846F36C9847284600F013FAE2E73D
:2003600000F074FA04460028DDD0D2E71834D0E702A8214600F0D8FC092301952A460093AA
:2003800002A92046012300F055F905460028C5D1C9E700BF7C2C00208C2C0020043101009C
:2003A00008B5012001F026FB034B1B8803B908BDBDE80840FFF77CBF7C2C002038B503887D
:2003C000044623B340F2353083420FD187293BD010D801292ED0022903D1234B1B88002BBB
:2003E0003ED140F235332380012038BD00232380032038BD8829F4D11C4B9A42F1D1D36807
:20040000002BEED100F0D6FBFFF752FFE9E7FAF78FFF174B0246402116481A70F6F704F9BE
:2004200001F03CFA144B5B68984740F2353323800120DAE7002AD4D0104B05201A6001F0BC
:20044000D9FAFFF735FFCCE70D4B002503F5807099698A4208BF1D8220338342F8D1C0E7CB
:20046000FFF79EFFBDE700BF7C2C00206C2C0020A73200205C230020043101009031002057
:20048000A0310020074B1B6843B12833186820B105495A680978FAF7FFBF7047034B1B682E
:2004A0001833F3E798310020A732002090310020802802D1024B00221A600120704700BF59
:2004C00004C500400120704730B5134C0123236083B0FDF759FB6FF003031D1A03E0FDF762
:2004E00053FBC54203D5D4F80031002BF7D00A4B0022C3F80021D3F80825D3F808359205F6
:2005000044BF6FEA83536FEA9353034A019301235360019803B030BD00C0004010B5416013
:200520000446F3F745FF206010BD00BF10B50446F3F73EFFD4E90021C2F101031844884246
:2005400084BF5218226010BD10B50446F3F730FFD4E90032C3F10103184482422CBF0020A5
:20056000012010BD30B4144B1448154D4FF0A04100220324C3F80025C1F874474FF000543C
:20058000C1F80845C1F87C271F241D21C3F8245582B0C3F86C25C3F81445C3F80C15026074
:2005A00001680191019C074A04200121C3F80005116002B030BC7047002000401C210040A9
:2005C00000E0D70108200040074B0849084A0020186082B01B680193019BD1F81805136828
:2005E000C0B202B0184700BF08210040002000406C23002050B110B5054B04469B6C9847FB
:2006000021460448BDE81040F7F7A6B9704700BF043101009002002008B5F6F7E9FDBDE852
:20062000084002490248F7F745B800BFF505010090020020F8B505469DF818200B481E460A
:20064000079BF7F71BF9044668B1094BD5F800C06F68A968EA689B6CC0F800C04760816071
:20066000C260467498472046F8BD00BF9002002004310100002834D02DE9F041884688B084
:2006800061B307461848F7F799F8064630BB3D682868EB686968AA6803AC0FC428462B8AD3
:2006A0002380FFF7A7FFC8B1052300939DF81C209DF81D300196414603A8FFF7BBFF054650
:2006C000386058B103AC0FCC28606960AA60EB6023882B82304608B0BDE8F0814FF0FF303F
:2006E000F9E74FF0FF3070479002002001460148F7F796B99002002070B5B8B105460D4896
:20070000F7F72EF8044688B10A4E03E0F6F7F4FF044658B129461022204602F0EDF80346AD
:2007200021463046002BF1D1204670BD0024204670BD00BF9002002001460148F7F73EB8C0
:200740009002002008B5FFF7D7FF28B10146BDE808400248F7F764B908BD00BF90020020C6
:20076000704700BF08B50348F6F7C6FE024B00221A6008BDA002002090240020002070472F
:2007800000207047704700BF0C4B1B68A3B1984210B5044602D105E0A34203D01B68002BD7
:2007A000FAD110BD21460548F6F798FD21460448BDE81040F6F7CEBE704700BF9024002000
:2007C000A002002038B5054670B1084B1C6814B908E0246834B110222946201D02F08CF8AD
:2007E0000028F6D1204638BD0446FBE79024002070B5C0B10E460546FFF7E4FF0446A8B1FE
:2008000028686968AA68EB68251D0FC51EB901232377204670BDA661F3F7E6FD002360611C
:200820002377204670BD0024204670BD0548F6F775FE04460028F6D001460348F6F730FD43
:20084000DEE700BFA00200209024002038B5084B1C685CB1251D2846FFF74EFF08B1437C42
:2008600013B92468002CF5D1284638BD2546FBE79024002038B50A4D2C6824B1237F1BB18F
:200880002468002CFAD138BD04F11400FEF7AAFE0028F5D02046FFF777FF2C68EDE700BF54
:2008A000902400202DE9F04702FB0106B0429DF820A0DDF8249016D20446174698464FEA9D
:2008C000DA0A05E002F018F8A8B13C44B4420AD2257C204652464146002DF3D1C9F800408A
:2008E0003C44B442F4D3D9F80030002B14BF01200220BDE8F087C9F80040BDE8F08700BF81
:2009000000487047D824002080B32DE9F041DFF8648082B0CDE900184FF0000C0D4617468C
:200920001E46044603461C221148C8F800C00321FFF7B8FF012803D0002002B0BDE8F081F4
:20094000D8F800C08CF810002068E3686168A26864460FC4D8F80000089B4361099B4574DC
:200960008774C674836102B0BDE8F08100207047182C002000250020F8B50C4B0C4E1C4656
:200980000546336003F15407237C2046294623B1627CD20801F0B0FF28B11C34BC423460CF
:2009A000F2D10020F8BD0120F8BD00BF182C002000250020A0B130B583B00A4C019480226B
:2009C000034600250092084825601C220321FFF769FF10B9206803B030BD002003B030BDD1
:2009E00000207047F82400201C2B0020F0B4124B124F05461A463B60184603F1540400210A
:200A000048F2FE0608E0437CAB420AD01C30A0424FF001010CD00246037C002BF6D06B1CA0
:200A2000F1D10388B342F1D121B13A60F0BC704738600020F0BC70471C2B0020F824002025
:200A400000B370B582B0104D0195802300930446034600260D482E6012220721FFF722FF54
:200A6000012802D0002002B070BD2B68187420686668A168E268186028685E609960DA60BB
:200A800002B070BD00207047FC240020942B0020002847D02DE9F04782B0234E0196802318
:200AA000009388460346914604464FF0000A1F48C6F800A01C220321FFF7F4FE012805469F
:200AC00003D0002002B0BDE8F0873768387420686168A268E3680FC7376887F81290B8F125
:200AE000000F16D1FD7412480122FF237A740373637B4373E389C38140F2FF2100224FF095
:200B0000807380E80E00FFF79BFF306802B0BDE8F08787F813A0C7F81880F3F765FC7861C9
:200B20003768E0E700207047F82400201C2B0020E8240020A0B130B583B00A4C01948022B3
:200B40000346002500920848256012220721FFF7A9FE10B9206803B030BD002003B030BD16
:200B600000207047FC240020942B002038B50D4BFF221A73427B5A7304464FF0807140F256
:200B8000FF2000251860E289996018465D60DA81FFF7D0FF044B186000B10574002323744F
:200BA00038BD00BFE8240020FC24002008B1FFF7DDBF704738B5124B124C1846236003F196
:200BC000540504E020681C30A842206010D2037C002BF7D0C37C002BF4D11430FEF702FDE0
:200BE0000028EFD020680028EDD0FFF7BFFFE9E7FFF740FEBDE838400348F5F71FBD00BFFA
:200C00001C2B0020F82400206C2C00202DE9F04F0B8848F2FE094B4505463BD00B78FF2BBD
:200C200038D03A483A4E00230246306000F154089A4603E01C324245326022D0107C00288A
:200C4000F8D0507C0128F5D110884845F2D001F1FF3C571E00201CF801BF17F8014FA3454D
:200C600000F1080E3FD15FFA8EF08028F3D1504528BF134602F11C0228BF8246424532606C
:200C8000DCD12BB31C460FCC28606960AA60EB60BDE8F08F1D4B1E4E1946336003F15404B0
:200CA000002048F2FE0705E01C33A3424FF001000DD019461A7C002AF6D05A7C012AF3D1F5
:200CC0001A88BA42F0D10028DCD03160DAE7336000232B806B80AB80EB802B816B81AB81E9
:200CE000EB81BDE8F08F00F1080E8BEA04045FFA8EFE670014F0800F00F1010CFCB2B6D1CE
:200D00005FFA8CF08645F4D1B1E700BF1C2B0020F82400200B684A688360037AC26083F05A
:200D200002030372704700BF51F8083F4A6803600378426083F0020303707047F8B5094B5E
:200D4000094E5F687568B8470446B84723029CB2736814FA80F06D08B0FBF3F403FB14006B
:200D60002844F8BD703101000C2B0020F0B53C4A548813889088D1881589234303430B43AE
:200D800054899089D1892B43234303430B439BB283B023B9C2E90133FD21D3601160314E1F
:200DA000314CFFF739FCFFF7DDFC542200212F4801F0D8FD30464FF48472002101F0D2FD58
:200DC0002B492C4B4FF4A0604EF660224027306072601C20102286F806711A700870FFF7FB
:200DE000ADFF002539464FF47A77CDE90055F76048F2FE072B46B0602A4686F80751C4E95A
:200E000000752046FFF780FD1B4B1868596804F1080303C3237A2946012283F0020320460A
:200E2000237240F2FF26FFF733FE4FF08073E360C4E9015520462660FFF702FE4FF0007393
:200E4000C4E90065C4E902532046FFF7F9FD0B484FF4F05103B0BDE8F040F5F7E5BB00BF82
:200E6000D82400200C2B0020E8240020182C0020152C0020142C0020842C00206C2C002026
:200E80002DE9F047DFF8548008F108030FCB84B06E4686E80F0098F8077000F021FD0E4BA9
:200EA0001C689CB1DFF838A0DFF8389065683946304645B1BAF80030B9F800202C3B2C32E3
:200EC0009BB24244A8472468002CEFD101F072F804B0BDE8F08700BF042500208C2C0020CD
:200EE0007C2C002022280020F8B51C4F1C4A3B7E92F80621FA71FF2B22D007F1080696E8CD
:200F00000F00184D07F1180485E80F0094E80F0086E80F0095E80F0084E80F00124C00F070
:200F2000DFFC23882833FA1881200021F852518000F0B0FC23880D4A1344C0435880F8BD5C
:200F400007F1080494E80F0007F1180585E80F0029462046FFF75AFEE0E700BF8C2C0020F0
:200F60000C2B00200C25002022280020B42C002008B5094B1B6863B11A7A8242FAD15A7AC0
:200F8000914201D0FF2AF5D15B6813B19847002008BD012008BD00BF0825002001460148F1
:200FA000F6F750B9082500202DE9F84F494B1B783A2B05460E46174600F08480464C628998
:200FC0002389A1891343E2890B43218A1343628A0B43A18A1343E28A0B4313439BB2002BE8
:200FE00042D0237AFF2B3FD03C4BDFF804A11B6BDFF8F0B0DFF8F090984704F11808BAF80C
:2010000000C098E80F000CF1300C1FFA8CFCBCF5A06F28BF4FF4A06C8BE80F000023ACF16F
:201020003002214604F13000AAF800C0A9F8003001F07EFC04F108030FCBDFF8B8E09BF878
:2010400000C09EF806E184F807E088E80F004FF0600E3A23BCF1FF0FC4F800E0A37107D124
:20106000042D01D1022E03D0BDE8F84F00F0A2BF1B481C4900F12408FFF7C8FDB9F800B02C
:201080000BF128033846E5541C44A8F10405667000F082FFBAF8001048F80B00283989B280
:2010A000A8F12C0000F0CAFFB9F800302B4400225A8000F0EFFBB9F800302B44C043588061
:2010C000BDE8F88F084A094B1288D356002BFFF675AFC9E7492800208C2C002004310100E8
:2010E000942C00200C25002022280020B42C00207C2C00200C2B00202DE9F8439EB21D4B2D
:201100001D4C93F80631E3710546331D60208846206099B220463A231746A37100F08EFFEB
:201120002DB328686968AA68EB68DFF8549004F118050FC504F10800A5F11001FFF766FD6B
:20114000B9F8003028331A19002103F804805770518000F09FFBB9F80030084A1D442C3668
:20116000C04368801680BDE8F843FFF7A1B8BDE8F88300BF0C2B00208C2C00207C2C0020E9
:201180002228002008B505480549F6F75BF8BDE8084002480349F6F755B800BF08250020C4
:2011A000B8020020AC0200202DE9F04F9C4E9D4FB6F800C039880CF140028A4285B003D812
:2011C000994CE379FF2B04D000F0F4FE05B0BDE8F08F0CF12C0020440379FF2BF4D004F129
:2011E000280363445B78002BEED1DFF854A28F4DCAF800300CF1420E14238E452B8071DA78
:20120000DFF8409204F1080B04F12C0812E02B88B6F800C039880CEB030242440CF12C0075
:20122000527803EBC2039BB2C21802F1020E8E452B8056DA63442C33E01840780028C3D0E8
:20124000E35C012BE3D102F109038B42BCDA61892389A0890B43E1890343208A0B43618A6D
:201260000343A08A0B43E18A03430B4322449BB2CAF80020002BA7D052F8020F516802ABB9
:2012800003C35846FFF738FA0246C9F8000098B1FFF72CFA0146002896D0DAF80000082283
:2012A000023001F029FB80B9D9F800305A7C002AADD102225A74AAE705230190009302A9B5
:2012C00002235846FFF7B6F9A1E702A94846FFF7D1F90028FFF678AFD9F8003002225A74EE
:2012E00095E720440430FFF765FB514D286000283FF46AAF62892389A1891343E2890B431A
:20130000218A1343628A0B43A18A1343E28A0B4313439BB2002B3FF457AF464F3846FFF747
:2013200049FB00287FF450AF228B40F2FF239A420CD1A28B638BE18B1343228C0B431343E6
:201340009BB21BB9638CB3F5807F57D0DFF8F8804046FFF72FFB2B6883427FF435AF97E88C
:201360000F0088E80F003388434418330FCB87E80F0000F01FFE60232B482360282100F03B
:201380005DFE328829682C4F02F1280002F12C034FF63A7E4FF0880CE025A4F806E024F87C
:2013A00000C0E55440322344D1F800C0D1F80480D1F808E0C96819612518A018C3F804C0B5
:2013C000C3F80880C3F80CE002210023D7F800E07F68A1544170C0F802E0C0F80670C0F821
:2013E0000A30C3816B8000F055FA3388134A1344C2435A80502000F015FEE7E694F82430D7
:20140000FF2BA3D197E80F0007F1100C8CE80F0033883B4428330FCB87E80F00A9E700BFCD
:20142000222800207C2C00208C2C00201E2800201C250020942C0020842C0020B42C00202B
:201440002425002020250020A42C00200148FFF7A5BD00BFC402002010B5084B84B09B6938
:201460000C4601466846984721466846102201F043FAB0FA80F0400904B010BD04310100B7
:2014800070B50B4B1C6844B106460D4615B1A368B34205D02468002CF8D10024204670BDE6
:2014A00029462046FFF7D8FF0028F3D0204670BD2825002030B5114B87B005465B69019186
:2014C00002A8984701992846FFF7DAFF02A904462846FFF7D5FF5CB184420CD010236469D0
:2014E00034B1A04207D0013BF9D1184607B030BD204607B030BD012007B030BD0431010041
:2015000070B515460646FFF7BBFF30B10446406918B115B183689E4200D070BD2946FFF7BF
:201520009BFF0028F9D063683C2B84BF3C23636070BD00BF2DE9F8439146064698460F46F6
:20154000FFF79EFF494604463046FFF799FF0546B9F1000F00D068B3E4B1C4E901863A46E3
:20156000394652F8083F52682261E3603046FFF7A1FF18B965612046BDE8F88330463946BD
:2015800066696561FFF796FF0028F4D166612046BDE8F8830D48F5F7C1FF0446A0B1002332
:2015A000436101460A48F5F74DFE0A4A136801331360D2E7024649464FF0FF333046FFF7D4
:2015C000B9FF05460028C7D10024D4E7D002002028250020BC26002010B5044B0448002484
:2015E0001C60F5F789FF034B1C6010BDBC260020D0020020282500202DE9F047184F3D68AA
:2016000095B1DFF86080DFF860900646BA462C462D68636853B15A1C04D0B3428CBF9B1BA4
:2016200000236360002DF2D1BDE8F0873B6813B905E01B681BB15A69A242FAD1F2E7214663
:201640005046F5F74BFE21464046F5F783FFD9F80030013BC9F80030002DD8D1E4E700BFD6
:2016600028250020D0020020BC260020F0B50B4E346883B084B10A4D0A4F019421463046E5
:201680002468F5F72BFE01993846F5F763FF2B68013B2B60002CF0D103B0F0BD282500202F
:2016A000BC260020D002002038B511B1B2F59A6F03DD094C0023238038BD084D064C2860B8
:2016C0000748228001F034F9042000F093F9FEF7EFFD0023238038BD9C31002090310020F1
:2016E000BC2C00202DE9F04184B0BDF828E0E3B104461D4694460F460FC86E4686E80F0032
:2017000028686968AA68EB68B4F8128025460FC5624639462046A4F812E0FFF7C5FF96E833
:201720000F0084E80F00A4F8128004B0BDE8F081013AF0B48E18B1421DD2CF43F51925F08B
:2017400001030D1D1D448A1C12F8024C12F8013C03EB04239BB2184480B2834288BF013088
:2017600002F1020288BF80B2AA42EDD1F31923F00103023319448E4201D0F0BC70473378EB
:2017800000EB032080B2B0EB032F3CBF013080B2F0BC704770B5134D82B00646284600F01A
:2017A00051FC114B1C88031B9BB2ADF80630BDF8063016FA83F005F10801202280B2FFF7BF
:2017C000B7FFBDF8062004F12801294492B2FFF7AFFF18B140BA80B202B070BD4FF6FF707D
:2017E00002B070BD8C2C0020222800202DE9F0414678C478F6000836231D9E4200F102023E
:201800001FDB0221DFF88880074602340D461378012B0AD0632B1FD0DBB103F0C003802BFB
:201820002FD0C02B21D0402B1CD02C44A5B26B1CB342294627DA7A19547802346319B342BD
:20184000E5DD124B04200221D21AFFF7ADFB022009E00135ADB2EAE7D8F838303846984792
:201860000028E2D10120BDE8F081084B197EFF29F8D0D21A02210420FFF796FB0220BDE8FB
:20188000F081024BF5E70020EDE700BF8C2C0020043101003A20FFF77DBF00BF08B500F0F5
:2018A00079FCFFF763FAFFF76DFCFFF7CFFD0A4B0A4900224FF4806008801A821A86A3F8F3
:2018C0005020A3F87020A3F89020A3F8B020A3F8D020A3F8F02008BDA03100202028002063
:2018E00070B5164B1C8804B3154E328804F1270393421DDA134D144B04F12801283A1B782D
:20190000AB71121B294405F1280001F011F8604200B200F069FB044640B13188283928468E
:2019200089B200F08BFB204670BD0124204670BD002400F03FFB204670BD00BF22280020A1
:201940007C2C00208C2C0020492800202DE9F041DFF89C80234CB8F8007084460137BFB21A
:20196000B7F5FA4F28BF4FF480571F4A3D0A45EA0725ADB2964613461E8AAE4203F1200323
:20198000ECD09C42F8D1A8F800700023168A203236B10133082BF9D100263046BDE8F081F5
:2019A0000EEB43165C0135827182BCF1000F12D0DCF80000DCF80410DCF80820DCF80C3068
:2019C00035460FC5094A0EEB040392F806211A753046BDE8F0814EF804C0C6E901CCC6F855
:2019E0000CC0EFE7A0320020A03100200C2B0020202800202DE9F04F042885B037D09E4DFB
:201A00009E4C9F4F2F600528276017D09D4E3388272B07D917F83C3C03F0F003602BA7F15C
:201A20003C0B75D0DFF87C82974F00F0C3FA00233B7088F8003005B0BDE8F08F934B1B68FA
:201A40001B8A002BEED092488E49DFF85C92DFF8548200230C3F08222F60276003600B8039
:201A6000A9F8003088F80020FEF70CFD03E0DFF83892DFF83082B9F80030002BD4D0DFF863
:201A800020B2804A834C03F108015846303389B2138000F0D3FA7D4B21881B68B9F800208D
:201AA0001D7D8BF8075028310BEB0100083252BA112600258BF80660C58082801A8A602567
:201AC000ABF800502BF801205A8A42800FCB0BF1180585E80F0029460BF10800FFF796F8C3
:201AE000654B0BF13C0230461A60FFF753FE2388C043283380B25B4400286ED0D88000230A
:201B0000ABF80230002388F8003005B0BDE8F08F584600F097FA3388834283D3584600F0C1
:201B200091FA283081B2B1F5A06F31803FF67AAF594A00235846137000F0BEFA00283FF4E1
:201B400071AF9BF80830DFF84C81A7F11409A0EB0900FF2BA8F800003FF464AF31880DF1E6
:201B60000F020123584600F073FA18B19DF80F30002B78D04948FEF71DFF002800F0968055
:201B8000414F318846484FF0000C01230DF10F0287F800C000F05CFA8246002845D09DF8D1
:201BA0000F30062B43D0112B00F002813A2B00F0E380002B00F0D4802B3BDAB2112A36D891
:201BC000112B34D8DFE803F018153333333333333333333333333333153C4FF6FF72DA80AB
:201BE0008DE71846FFF7D6FD4FF6FF73984200F0EA80DFF8B08018E73B785A0717D49AF8C8
:201C0000032043F004033B70002A40F067813188AAEB0B03C91A504689B200230DF10F0238
:201C200000F016FA82460028B9D14FF0000AAAEB0B0201210420FFF7B7F9DFF8688061E74C
:201C40003B78980740F194805906F0D443F040033B705046FFF7CAFD0128CAD00228D6D1C2
:201C6000DFF840804EE7FFF7C1FD01283FF4DAAE02287FF47FAFF3E794310020802C0020AA
:201C8000C82C00207C2C00204828002090310020983100202228002049280020A42C002023
:201CA0008C2C00208C3100209C310020B148FEF741FF00287FF464AF9BF81830FF2B3FF46E
:201CC000B1AEBBF81830BBF8082048F2FE018B4200F0BF808A4200F0CD80BBF80A10BBF811
:201CE0000C000A43BBF80E100243BBF810000A43BBF812100243BBF814000A43BBF816105E
:201D000002430A4392B2002A3FF48CAEBBF81A20BBF81C10BBF81E0013430B43BBF8202022
:201D2000BBF8221003431343BBF824200B4313439BB22BB9BBF82630B3F5807F3FF472AE53
:201D40003388B3F5A06F00F2C0809BF80730012B40F2B380013BDFF834828BF80730D1E64A
:201D60003B78DA073FF563AF43F001033B704EE743F002033B706CE71846FFF70BFD4FF69B
:201D8000FF7398427FF435AFB8F8003028330BEB03021BF803005178FFF7EAF8012800F09A
:201DA000E5803388DFF8E481002B7FF4ABAE3CE60193FFF795FDB8F80020019B4A44D2883E
:201DC000002A7FF40EAFB8F8003028339B44BBF802A0BAF1000F3FF40CAF674FDFF8B081D4
:201DE00007F58079C8F8007004E020374F45C8F800705AD03B8A002BF7D09A45F5D17B8A34
:201E00005E48394610221BB1BBF800C09C45ECD13B682BB97B681BB9BB680BB9FB681BB13A
:201E200000F06AFD0028E0D13388554ADFF86491DFF85881303B338000231360A9F8003017
:201E40000222504B88F800202B602360FEF71AFB11E69A427FF4E6AD4648FEF78DFD0246DD
:201E600000287FF4DFAD02210120FFF79DF8DFF81C8147E6BBF81A40BBF81C10BBF81E20EE
:201E8000BBF8200023430B431343BBF82210BBF8242003430B4313439BB2002BDCD1BBF8C7
:201EA0002630B3F5807FD7D1BCE5002204210120FFF77AF8DFF8D48024E60022114603203B
:201EC000FFF772F8DFF8C4801CE64FF4A06200210220FFF769F8DFF8B48013E62A4BDB6BE7
:201EE000984700283FF4A3AE3388B3F5A06FECD89BF80730012BE0D9013B1E488BF8073016
:201F0000FEF758FD00287FF492AE1A48FEF712FE00287FF48CAE9BF81830FF2B3FF487AEF3
:201F2000BBF81830BBF81A2013439BB2002B7FF497AEBBF81E10BBF81C30BBF82020BBF8AD
:201F400022000B431343BBF82410BBF8262003430B439BB252EA03013FF469AE002B7FF4D2
:201F60007FAEB2F5807F7FF47BAE60E600F022F817E700BFA42C0020A0310020942C002024
:201F800098310020BC2C0020043101008C310020903100209C310020054A030C02EA002203
:201FA0005BBAC0F307209BB2104343EA0040704700FFFF0030B4074B074C084D0FCB84E84C
:201FC0000F000749074A00230B8013702B8030BC704700BFD0260020C02600207C2C00202F
:201FE00022280020492800200C490B881A18B2F5A06F11D810B40A4C2288C24208D480B257
:20200000024418440880228001205DF8044B704700205DF8044B7047002070477C2C00205E
:2020200022280020B0F5A06F98BF034A03469ABF13800120002070477C2C002049BA8180E5
:20204000704700BF0379407900EB032080B27047BBB1837913702823994219DB1278062A1F
:20206000184417D0112A1BD03A2A1FD09A1C8A420ED84278D200083213449942B8BF0020AD
:202080007047037813704378DB0008339942E5DA00207047142213449942B8BF0020704793
:2020A000082213449942B8BF00207047042213449942B8BF00207047F8B501230746154657
:2020C000FFF7C6FFD0B10E46044609E0BCF1110F12D0BCF13A0F0FD0FFF7BAFF044668B1A7
:2020E00095F800C0E11B711ABCF1060F20464FF000032A4689B2E9D12046F8BD0024204698
:20210000F8BD00BFF0B585B0012301920DF10F02019D0746FFF79CFF04460E4668B91BE075
:20212000BCF1060F1AD0BCF1110F17D0BCF13A0F14D0FFF78DFF044670B19DF80FC0E11B18
:20214000711AAC4520464FF000030DF10F0289B2E6D1204605B0F0BD9DF80FC0AC4518BF66
:202160000024204605B0F0BD07289ABF024B33F810000020704700BFC0260020072803464F
:202180009DBF034A012022F813100020704700BFC0260020054B00224FF6FF71C3E90122A6
:2021A0001A60DA601A811980704700BFD02600202DE9F04F0E4687B0002972D0002A74D0F2
:2021C00013888146002B44D00024DFF8F4A0DFF8F4B0551CA046022709E0B8F1000F20DB38
:2021E00053D008F10108102F17D00237023515F8012C2B7803EB02239BB2002BEDD0B8F156
:20220000000F0EDD4FF0FF38311B09EB04005246FDF74CF90444A642E5D8204607B0BDE88A
:20222000F08F022F09D1311B09EB04005246FDF73DF90444A642D8D8EFE7311B09EB040014
:202240005A460593FDF732F90444A642059BDBD8E3E75388002BB7D19388002BB4D1D38826
:20226000002BB1D11389002BAED154894FF6FF739C42A9D1D57B947B537B0093CDE90145C3
:20228000137B0C4AFDF712F9C8E7311B09EB0400094AFDF70BF90444A642BED94FF001080E
:2022A000A1E7084607B0BDE8F08F044AFDF7FEF80E20B3E780320100943201007032010050
:2022C0009C3201009832010041B94FF0A04303214FF40022C3F84C17C3F80C25704700BF3F
:2022E00030B40A4B0A4D1D604FF080520949146952695C6102FB04F20024C3E90244491B0C
:2023000059601A6130BC0448EFF7FEBAF02600200010000010330100A03201002DE9F04709
:20232000032908D8DFE801F009342A021B491C4A00230B701370BDE8F0871A4F1A4EDFF8C1
:202340006CA08846814606E0402231465046F0F79FFF0028EFD14846F0F796FF3B68054622
:20236000002BF1D00028EFD0444600E03B68305D0134E4B29847A542F8D8E5E740220A490E
:202380000A48F0F785FF064B01221A70BDE8F087024B00221A70BDE8F08700BF4C280020FE
:2023A0004B2800200827002094270020C4320100083808B5062805D8DFE800F00E161F0463
:2023C0000404050008BD0F490F4A00230B701370BDE80840EFF774BAF7F77AFD0028F1D109
:2023E000BDE80840EFF76ABA0649074A00230B701370BDE80840EFF779BABDE80840EFF74C
:2024000061BA00BF4C2800204B28002008B5F1F7BBFD0948EFF7AEF900B108BD0748EFF7D5
:2024200073FA0028F9D1EFF731FA0028F5D1044A044B1070187008BDE8320100C4320100C2
:202440004B2800204A280020124B1B780BB32DE9F041114D2B78D3B9104E3378BBB101233C
:20246000DFF840800E4F2B70327841463846F0F7E7FE044600F07EF8002CF5D12B7823B139
:2024800000F078F82B78002BFAD100233370BDE8F08170474B2800204C2800204A280020F7
:2024A000C4320100D4270020114B1B78ABB1114B1A783F2A0DD810B419781A780E4C01320F
:2024C000D2B21A701B786054402B0DD05DF8044B70471B78402B05D0704703F0FF02054B36
:2024E0001A707047FFF7B0BF5DF8044BFFF7ACBF4B2800204A280020D42700204FF0A043CF
:202500004FF49A510022C3F80815C3F80C25704700B5104B93E8070085B001AB83E807000B
:202520000D491846F8F766FC48B90C48F8F79CFC60B90B4B01221A7005B05DF804FBEFF7AF
:2025400055F80648F8F790FC0028F2D0EFF74EF8EFE700BFF4320100FD2401004D280020DC
:202560004E280020024B1B7803B97047F8F76EBC4E280020034B1B7803B97047024B187892
:20258000F8F798BC4E2800204D28002008B5074B044613B10021AFF30080054B1868836AB0
:2025A00003B19847204600F029F800BF000000000033010070B50D4D0D4C641BA4100026ED
:2025C000A64209D10B4D0C4C00F0EEF9641BA4100026A64205D170BD55F8043B98470136CC
:2025E000EEE755F8043B98470136F2E750030020500300205003002054030020FEE700BF17
:2026000053B94AB9002908BF00281CBF4FF0FF314FF0FF3000F06EB9ADF1080C6DE904CEEA
:2026200000F006F8DDF804E0DDE9022304B070472DE9F047089D04468C46002B40F0838031
:202640008A42174647D9B2FA82F242B1C2F1200024FA00F09140974040EA010C94404FEA51
:202660001748230CBCFBF8F61FFA87FE08FB16C143EA014306FB0EF1994209D9FB1806F177
:20268000FF3080F01981994240F21681023E3B445B1AA4B2B3FBF8F008FB103344EA034482
:2026A00000FB0EFEA64509D93C1900F1FF3380F00581A64540F2028102383C4440EA06400E
:2026C000A4EB0E0400261DB1D4400023C5E900433146BDE8F08702B9FFDEB2FA82F2002AC8
:2026E00050D1CB1B4FEA174E1FFA87F80126B3FBFEFC210C0EFB1C3341EA034108FB0CF3D8
:202700008B4207D979180CF1FF3002D28B4200F2E9808446C91AA3B2B1FBFEF00EFB10118D
:2027200043EA014408FB00F8A04507D93C1900F1FF3302D2A04500F2D9801846A4EB0804F2
:2027400040EA0C40BFE78B4209D9002D00F0B1800026C5E9000130463146BDE8F087B3FAD5
:2027600083F6002E4AD18B4202D3824200F2B880841A61EB030101208C46002DA8D0C5E9D3
:20278000004CA5E7C2F1200320FA03F6974001FA02F04FEA174ED9403043030CB1FBFEF6DB
:2027A0001FFA87F80EFB161143EA014306FB08F1994204FA02F409D9FB1806F1FF3C80F080
:2027C0008D80994240F28A80023E3B445B1A81B2B3FBFEF00EFB103341EA034100FB08F321
:2027E0008B4207D9791800F1FF3C73D28B4271D902383944CB1A40EA064678E7C6F1200CBF
:2028000003FA06F422FA0CF31C4320FA0CF701FA06F34FEA144E21FA0CF11F433B0CB1FB2E
:20282000FEF91FFA84F80EFB191143EA014109FB08FA8A4502FA06F200FA06F308D9611854
:2028400009F1FF3048D28A4546D9A9F102092144A1EB0A01BFB2B1FBFEF00EFB101147EA40
:20286000014700FB08F8B84507D9E71900F1FF312ED2B8452CD90238274440EA0940A7EB6B
:202880000807A0FB02894F45C64649461AD317D05DB1B3EB0E0267EB010707FA0CFCF240AF
:2028A0004CEA0202F740C5E9002700263146BDE8F0872E4628460BE70646E9E61846FDE6E9
:2028C0004345E5D2B8EB020E69EB04010138DFE70846D2E760468DE78146B9E7664675E71E
:2028E00030464AE7ACF1020C394413E702383C4424E700BF704700BF30B501390024A242EE
:2029000001D1002005E0035D01340D5DAB42F6D0581B30BD0A44914200F1FF3300D1704702
:2029200010B511F8014B03F8014F9142F9D110BD884210B501EB020402D98442234607D85E
:20294000431EA14208D011F8012B03F8012FF8E7024401468A4200D110BD13F8014D02F8D2
:20296000014DF7E702440346934200D1704703F8011BF9E7034613F8012B002AFBD1181AA0
:202980000138704710B56AB10139841810F8013B11F8012F934203D1A04201D0002BF5D1C7
:2029A000981A10BD1046FCE7F8B500BFF8BC08BC9E467047F8B500BFF8BC08BC9E46704761
:2029C0004163747561746F72204E6F6465000000494E464F000000005B252D34733A20250F
:2029E0002D3130735D2000006163747561746F72206E6F6465207374617274696E670000A4
:202A0000616C61726D00000070756D70000000005B4143545541544F525D20616C61726D9F
:202A20002061637469766174656400005B4143545541544F525D20616C61726D206465612F
:202A40006374697661746564000000004F4E00004F4646007B22616C61726D223A2022253D
:202A600073227D007B2270756D70223A20222573227D00005B4143545541544F525D207065
:202A8000756D70206163746976617465640000005B4143545541544F525D2070756D7020F2
:202AA0006465616374697661746564007469746C653D2250756D70223B72743D22436F6EB3
:202AC00074726F6C220000007469746C653D22416C61726D223B72743D22436F6E74726F8E
:202AE0006C2200006C656420626C696E6B000000080000203C00002000000000010000015D
:202B0000010101008916000008000000090000000A00000085000000800000008100000072
:202B20000D0000000E0000000300000003000000FD2E00007D2200000000000000000000AA
:202B40000000000074090020642B010001000203008000000F000000090200000001048023
:202B6000320000002935000000000000000000000000000000000000120100020000004070
:202B800015190F52000101020301000029330000000000002D33000080090020C13E00003A
:202BA000953A000000000000000000000000000025303468582530386C58000000000403A5
:202BC000090400004E6F726469632053656D69636F6E647563746F72000000006E524635CF
:202BE000322055534220434443206F6E20436F6E74696B692D4E470044656661756C74201A
:202C0000636F6E66696775726174696F6E0000005573657220310000BC2B0100C42B010074
:202C2000DC2B010050280020F82B0100102C01000001020304050000427574746F6E2031B7
:202C4000000000000600010800010901010C0001427574746F6E2048414C2070726F6365A2
:202C600073730000FF0006000000000000B000400B000300426C6F636B4F75744F665363DD
:202C80006F7065004E6F426C6F636B31537570706F7274004E6F4672656554726142756697
:202CA000666572002E77656C6C2D6B6E6F776E2F636F726500000000546F6F4D616E794FAD
:202CC0006273657276657273000000002573000063743D3430000000636F61702074696D6B
:202CE00065722070726F636573730000B94D00006D4D0000614D0000436F415020456E67F3
:202D0000696E650053657269616C697A656420686561646572206578636565647320434F2F
:202D200041505F4D41585F4845414445525F53495A450000436F41502076657273696F6EB2
:202D4000206D75737420626520310000546F6B656E204C656E677468206D757374206E6FE9
:202D600074206265206D6F7265207468616E20380000000054686973206973206120636FFB
:202D80006E73747261696E6564207365727665722028436F6E74696B692D4E4729000000B0
:202DA000556E737570706F7274656420637269746963616C206F7074696F6E004D61696EC1
:202DC000000000005374617274696E6720436F6E74696B692D4E472D72656C656173652FB7
:202DE00076352E312D38312D676164306430373338312D6469727479000000002D20526FDC
:202E00007574696E673A2025730A00002D204E65743A2025730A00002D204D41433A202582
:202E2000730A00002D203830322E31352E342050414E49443A203078253034780A0000009F
:202E40002D203830322E31352E342044656661756C74206368616E6E656C3A2025750A00B9
:202E60004E6F64652049443A2025750A000000004C696E6B2D6C6179657220616464726529
:202E800073733A200000000054656E746174697665206C696E6B2D6C6F63616C2049507609
:202EA0003620616464726573733A200043534D4100000000AC2E0100A9620000F56100001C
:202EC000F96100009D610000A9610000B56100004374696D65722070726F636573730000F7
:202EE0004576656E742074696D657200B16C0000A96C0000ED6A0000000000000000000006
:202F0000284E554C4C204C4C206164647229000025303278000000006E52463532383430AA
:202F2000204945454500000045525200546F6F206C6F6E673A2025752062797465732C20E7
:202F40006D61782025750A0054583A20746F6F206C6F6E6720282575206279746573290AE3
:202F6000000000006E5246353238343020494545452052462064726976657200FD8100002E
:202F8000D97E000009810000E9810000817D0000B57F0000697C0000898200008D7F0000B8
:202FA000817A0000A57A000011800000D17C0000D17B0000000000000203040506070809A1
:202FC0000B00000008010C011001140118011C01200124012C0100000C0D0E0F1011121385
:202FE000140000003001340138013C014001440148014C0150010000298F00005D8F0000D0
:2030000009970000199800005D980000A1980000E598000091970000D59700004D9700003C
:20302000DD9100008D960000B9A20000219A000029990000A5990000999A0000159B000006
:20304000919B0000A995000025960000618F00002190000015A400000D9500004A6F696EBF
:20306000000000004C6F63616C2072657061697200000000506F69736F6E20726F757465FB
:20308000730000005369676E69666963616E742072616E6B2075706461746500476F742095
:2030A000706172656E7400004865617264206F6C642076657273696F6E2066726F6D2072B7
:2030C0006F6F74004D756C74696361737420444953000000526561636861626C6500000071
:2030E000496E697420726F6F7400000044414F206D6178207274780052504C204C69746504
:2031000000000000F83001002DD9000061B6000079B60000F9B60000C9B900009DD9000093
:203120004DBA0000C1D80000D9D80000C9BA0000DDBA0000D5C1000091C2000045C1000035
:203140004DBF0000DDBE00006DD90000F5D80000CDD90000F9D8000053656E736F72730051
:2031600053657269616C2064726976657200000001DE000099DD0000736963736C6F77707A
:20318000616E0000002B2C3CFE800000783101003DDE000005EB000049E30000000140FF2E
:2031A000008882800F2822200F252321537461636B000000436865636B206661696C65643B
:2031C0003A2025752076732E2025750A00000000537461636B20636865636B003031323326
:2031E000343536373839616263646566000000003031323334353637383941424344454691
:203200000000000030580000307800002D0000002B00000020000000286E756C6C290000FA
:20322000250000002020202020202020202020202020202030303030303030303030303029
:20324000303030305443502F495020737461636B0000000054656D7065726174757265003B
:2032600054320100C9040100B1040100C5040100284E554C4C204950206164647229000079
:203280003A3A464646463A25752E25752E25752E257500003A3A00003A000000257800002B
:2032A000E02600209C2B0100010200000F0000000000000010010000DC020020F0260020C9
:2032C000C92201000C270020302B01000200010601020482810100000000010181000000BC
:2032E0001D2301004E03002000000000B12301000000000001000000D00700000600000069
:20330000EC02002000000000D0DFFE7F0100000000000000C0290100B113000000000000C4
:20332000000000000000000000000000C82A0100BD140000000000001514000000000000A0
:203340000000000000000000E42A01005513000000000000000000000000000000000000F6
:20336000AC2A010005150000000000004D150000000000000000000000000000791600006B
:2033800000000000000000000000000000000000000000000000000000000000000000002D
:2033A00000000000000000000000000000000000000000000000000000000000000000000D
:2033C000382C0100010000000101060000000000780000200000000000000000502C01006A
:2033E000854000000000000060000300640B0020580300200000000000000000000000009B
:20340000D02C0100A14B00000000000000000000000000000000000000000000D82C0100BE
:20342000011200000000000008010400840B00208004002000000000F82C0100AD500000F7
:2034400000000000602F01000C000800000C0020A00B0020380002007C0C00200C0C0020B7
:203460000C000800E00C0020800C002000000000D02E0100E562000000000000000000003A
:20348000E02E0100F564000000000000000000000C00000000000000F80C00200300000091
:2034A0000C001000AC0F0020EC0E002000000000642F0100697E00000000000000001A0165
:2034C000021402146032010000000000E5B100000000000004000800201500200015002001
:2034E000AA000800781A0020281500200000000045C500009B0300000000000085C5000019
:203500009B02000000000000B5C600009B0100000000000049C900009B000000C1CD0000BC
:20352000D1CD00008DCE0000A5CE0000E5CD00005DCE0000D1CE0000C5CD00000100000010
:203540003C020020000000000800000000000000901A00200000000058310100DDDB0000F9
:20356000000000000000000060310100D1DC00000000000000000000D031010061F50000B4
:20358000000000000090D0030000000044320100BD0301000000000000000000120000007E
:2035A000000000007023002020000200D42400209424002000000000810E010081FF000036
:2035C00000000000E90E010080FF000000000000A911010087FF000018001000AC26002019
:2035E0002C250020436F6E74696B692D4E47204446550000000000000000000000000000C8
:203600000000000000000000000000000000000000000000000000000000000000000000AA
:2036200000000000000000000000000000000000000000000000000000000000000000008A
:203640000000000000000000000000000000000000000000CDAB1000BD1200009912000068
:0400000500006CB9D2
:00000001FF
